english_word,carolinian_headword,dialect,page_number
abbreviate,weeimwoscheey,NA,494
abdomen,bwulóóló,NA,494
abdomen,pah,TAN,494
abdomen,uubw,NA,494
abdominal muscles,tchong,NA,494
able,emmwel1,NA,494
able,kkáng,NA,494
able,kkeng,TAN,494
able,mmwel1,NA,494
able,rhúmmáng,TAN,494
able,schúmmáng,NA,494
able,tapélégh,NA,494
able,teefúrh,TAN,494
about,aro–,NA,494
about to,–bwele,NA,494
about to,far,NA,494
about to,lee,NA,494
above,wei–1,NA,494
above,weiláng,NA,495
above,wóó-,NA,495
absent-minded,malleg,TAN,495
absent-minded,mallégh,NA,495
absorb,otcholó,TAN,495
absorbed,etcheló,NA,495
abstain,sóngosóng,NA,495
accelerate,assiti,NA,495
accent,ghoogho,NA,495
accent,ngiingi,NA,495
acceptable,wetig,TAN,495
acceptable,wetigh,NA,495
accident,filiwóh,TAN,495
accident,filiwós,NA,495
accident,kkuraas,NA,495
accompany,amalamal,NA,495
accompany,amalamalúw,NA,496
accompany,amanaman,TAN,496
accompany,amanamanú,TAN,496
accompany,fiti1,NA,496
accompany,tabw,NA,496
accompany,tabwescheey,NA,496
accompany,tabweey,NA,496
accomplish,tam,NA,496
accumulate,sass,NA,496
accuracy,welewel,NA,496
accuracy,wenewen,TAN,496
accurate,awela,NA,496
accuse,mááitip,NA,496
accuse,tipiingáli,NA,496
accuse,tipiingeni,TAN,496
accuse,wááitip,TAN,496
ache,metághetágh,NA,496
ache,mwááng,NA,496
acquaint,guleey,TAN,496
acquaint,ghuleey,NA,497
acquire,gul,TAN,497
acquire,ghul3,NA,497
act,awóófirh,TAN,497
act,awóófisch,NA,497
act,ppwomwoli,NA,497
act,rugupaat,TAN,497
act,rughupaat,NA,497
active,ruuru1,NA,497
Adam’s apple,fay,NA,497
Adam’s apple,fay,NA,497
Adam’s apple,fay,TAN,497
add,akkiilong,NA,497
add,h,TAN,497
add,ura–,NA,497
add,r,NA,497
add,sóbweeytá,NA,498
addition,fiti2,NA,498
adhere,parh,TAN,498
adhere,pasch1,NA,498
adjust,awela,NA,498
adjust,weliló,NA,498
adjust,weneló,TAN,498
administrator,móóghas,NA,498
admire,woori,NA,498
admit,abwáári,NA,498
adolescent,gáráárá,TAN,498
adolescents,olighát1,NA,498
adopt,limweimwey,NA,498
adopt,mwei–,NA,498
adopt,mweimwey,NA,499
adopt,mweiti,NA,499
adorn,féuta,NA,499
adorn,fouta,TAN,499
advice,ffél,NA,499
advice,houffén,TAN,499
advice,souffél,NA,499
advise,afalafal1,NA,499
advise,afalafala,NA,499
advise,félééw,NA,499
advise,ffén,"TAN, LN",499
advise,fénééy,TAN,499
advisor,malereepi,NA,499
adze,hele,TAN,499
adze,sele,NA,499
affection,ákkáfisch,NA,499
afraid,laang,NA,499
afraid,lúw,NA,499
afraid,lúweeti,NA,499
afraid,mahag,TAN,499
afraid,mesagh,NA,499
afraid,mesaghú,NA,500
afraid,núw,TAN,500
afraid,núweeti,TAN,500
afraid,parang,NA,500
after,mwiir,NA,500
after,mwiril,NA,500
after,mwirimwiril,NA,500
after,pasaw,NA,500
afternoon,leealowah,TAN,500
afternoon,leealowaheey,TAN,500
afternoon,leealowas,NA,500
afternoon,leólowaseey,NA,500
afternoon,leepal,NA,500
afternoon,leepaliiy,NA,500
afternoon,luugholapal alowas,NA,500
afterward,mwirimwiril,NA,500
afterward,mwúrilóól,NA,500
again,bwal,NA,500
against,kontura,NA,500
age,haran,TAN,500
age,lapalap,NA,500
age,libwal,NA,501
age,libwan,TAN,501
age,ráág,TAN,501
age,ráágh,NA,501
age,ssáfengel,NA,501
age,sárel,NA,501
age,tappal,NA,501
age,tappan,TAN,501
aged,mwug,TAN,501
agentive prefix,male–,NA,501
agentive prefix,mane–,TAN,501
agentive prefix,s3u –,NA,501
aggravate,abweebwe,NA,501
agile,ruuru1,NA,501
Agingan,Ghafeetiya,NA,501
agree,abwung,NA,501
agree,bwung,NA,501
agree,bwungul3,NA,501
agree,ppwol1,NA,501
agree,tipeew,TAN,502
agree,tipiyew,NA,502
agreement,abwungobwung,NA,502
agreement,apilúgúlúgú,TAN,502
agreement,awuufat,NA,502
agreement,ppwol1,NA,502
agreement,werefat,TAN,502
Agrihan,Ageriigan,TAN,502
Agrihan,Aghériighan,NA,502
aground,got,TAN,502
aground,ghot,NA,502
aid,tapatap2,NA,502
aid,túmúlú,NA,502
aid,túmúnú,"TAN, LN",502
aim,amwáángeli,NA,502
aim,amwáángeni,TAN,502
aimless,-paat,NA,502
airplane,pileen,NA,502
airplane,sikooki,NA,502
airplane,waa húúhú,TAN,502
air-raid shelter,bwokongo,NA,503
ajinomoto,azinomoto,NA,503
Alamagan,Lalamwáágin,TAN,503
Alamagan,Lólomwáághil,NA,503
alarm,arong2,NA,503
alarm,ssigh3,NA,503
alcoholic beverages,áschi,NA,503
Aldebaran,Wuun,NA,503
alert,faffalló,NA,503
alert,húllúló,TAN,503
alert,metaffaló,NA,503
alert,sassaghurúúló,NA,503
alert,sússúllúló,NA,503
Alexandrian laurel,rághisch,NA,503
Alexandrian laurel,regirh,TAN,503
Alexandrian laurel,safang,NA,503
alien,schóól lughul,NA,504
alight1,bwuppwurat,NA,504
alight1,gú,TAN,504
alight1,ghú1,NA,504
alight1,ttil,NA,504
alight1,ttin,TAN,504
alight2,hóó-,TAN,504
alight2,hóóló,TAN,504
alight2,sóó-,NA,504
alight2,sóóló,NA,504
alive,malaw,NA,504
alive,manaw,TAN,504
all,alonga–,NA,504
allergic reaction,bwárigh,NA,504
allergic reaction,ttiyaw,NA,504
allergic reaction,uró,NA,504
alligator,aligitór,TAN,504
all the way,–ffósch,NA,504
ally,kuumi,NA,505
almond,taliisay,NA,505
almond,tiliisey,TAN,505
almost,bwetá 2,NA,505
alone,áláá-,NA,505
along,aro–,NA,505
also,bwal,NA,505
also,ppal3,NA,505
also,ppwal,NA,505
also,ppwan2,TAN,505
Altair,Mááilap,NA,505
alternate,siiweli,NA,505
although,bwete,NA,505
ambivalent,tiperáárá,NA,505
American,libwerh,TAN,505
American,libwesch,NA,505
among,fengáll,NA,506
among,leyi–,NA,506
amount,egúh,TAN,506
amount,eghus,NA,506
amount,gúfiti–,TAN,506
amount,ghufiti–,NA,506
amount,–ghus,NA,506
amount,llapa–,NA,506
amount,–metch,TAN,506
amputate,paghúw,NA,506
amuse,appwó,NA,506
amuse,appwóóy,NA,506
amusement,abwaabwa,NA,506
amusing,ághekkáy,NA,506
Anatahan,Lataal,NA,506
Anatahan,Lataan,TAN,506
ancestor,remweiwe,NA,506
ancestor,rhepin ainang,TAN,506
ancestor,schepil ailang,NA,506
ancestral home,bwughos,NA,507
anchor,féétág,TAN,507
anchor,féétágh,NA,507
anchor,féétághi,NA,507
anchovy,tiil,NA,507
ancient,lóómw1,NA,507
ancient,mwug,TAN,507
and,bwal,NA,507
and,iwe1,NA,507
and,me2,NA,507
and,nge1,NA,507
and then,bwughiischagh,NA,507
angel,anghit,TAN,507
angel,angit,NA,507
anger,abweschikkara1,NA,507
anger,ahoonga,TAN,507
anger,ahunguhung,TAN,507
anger,asoonga,NA,507
anger,asúngúsúng,NA,507
anger,álingáringár,TAN,507
anger,hee,TAN,508
anger,liyálingáringár,NA,508
anger,see,NA,508
anger,soongommang,NA,508
anger,utiyóólómw,NA,508
anger,wetiyaanómw,TAN,508
angle,gháásch,NA,508
angry,abweschikkara1,NA,508
angry,ahoonga,TAN,508
angry,amwááng,NA,508
angry,asoonga,NA,508
angry,bway,NA,508
angry,bwárigh,NA,508
angry,hohhoong,TAN,508
angry,hoong,TAN,508
angry,hoongoló,TAN,508
angry,lihoongofay,TAN,508
angry,llingár,NA,508
angry,llingárengár,NA,508
angry,lisoongofay,NA,508
angry,masanngaw,NA,509
angry,ngetetá,TAN,509
angry,sanngaw,NA,509
angry,soong,NA,509
angry,soongoló,NA,509
angry,soongoschééy,NA,509
angry,sossoong,NA,509
anguish,lirhippúng,TAN,509
anguish,lischippúng,NA,509
animal,alifanti,NA,509
animal,aligitór,TAN,509
animal,arhegerh,TAN,509
animal,bwari,NA,509
animal,bwáábwá,TAN,509
animal,bwuliiko,NA,509
animal,denden,NA,509
animal,galuuf,TAN,509
animal,gattu,TAN,509
animal,geerh,TAN,509
animal,gulaag,TAN,509
animal,gúyél,TAN,509
animal,ghaluuf,NA,509
animal,gharibwów,NA,510
animal,ghattu,NA,510
animal,gheesch,NA,510
animal,gheesch ghikkit,NA,510
animal,ghubwaayo,NA,510
animal,ghulóógh,NA,510
animal,ghúúw3,NA,510
animal,kaimaan,NA,510
animal,kkairo,NA,510
animal,kameezo,NA,510
animal,kkaribwów,TAN,510
animal,kkiniilo,NA,510
animal,kunneeyo,NA,510
animal,layú-,NA,510
animal,liamwút,NA,510
animal,lipeipaay,NA,510
animal,lituung,NA,510
animal,-mal,NA,510
animal,maal1,NA,510
animal,malefighir,NA,510
animal,malemwóscho,NA,510
animal,maan1,"TAN, LN",510
animal,melóósch,NA,510
animal,mwéél1,NA,510
animal,mwunyeeka,NA,510
animal,ooso,NA,511
animal,paischééy,NA,511
animal,–rhay,TAN,511
animal,saaru,NA,511
animal,siibwa,NA,511
animal,siilo,NA,511
animal,–scháy,NA,511
animal,tiigiri,TAN,511
animal,tighiri,NA,511
animal,wakke,NA,511
animal,woong,NA,511
animal,wongomaaw,NA,511
animal,wongorás,NA,511
ankle,gurubw1,TAN,511
ankle,ghurubw1,NA,511
announcement,arongorong,NA,511
annoy,abwayi,NA,511
annoy,abwayú,TAN,511
annoy,abwurhubwurh,TAN,511
annoy,abwuschubwusch,NA,511
annoy,agu,TAN,511
annoy,aghuuw,NA,511
annoy,ahoong,TAN,512
annoy,amwáángi,NA,512
annoy,asoong,NA,512
annoy,asúngúsúng,NA,512
annoy,filimwááng,NA,512
annoy,gu,TAN,512
annoy,ghu,NA,512
annoy,masanngaw,NA,512
annoy,mwááng,NA,512
annoy,mwáángiló,NA,512
annoy,stotba,NA,512
annoyance,aisus,NA,512
anoint,ammihi,TAN,512
anoint,ammisi,NA,512
anoint,ákkápit,NA,512
another,bwaleew,NA,512
answer,appaliyen,TAN,512
answer,appalúwal,NA,512
answer,appalúweli,NA,512
answer,palúwal1,NA,513
answer,palúweli,NA,513
ant,lééng,NA,513
ant,ugerh,TAN,513
ant,wughesch,NA,513
antagonist,malenngaw,NA,513
antagonist,manebwutag,TAN,513
Antares,Tumwur,NA,513
anticipate,apúngúpúng1,NA,513
anticipate,áirághiiy,NA,513
antler,falú-,NA,513
anus,liiwet,NA,513
anxious,ailangiiy,NA,513
anxious,ailengiiy,TAN,513
anxious,mesaghasagh,NA,513
anxious,peiriir,NA,513
anxious,rúúrú,NA,513
aphrodisiac,ilimás,NA,514
aphrodisiac,inemes,TAN,514
aphrodisiac,ommwung,NA,514
apologize,amwohomwoh,TAN,514
apologize,amwosomwos,NA,514
apologize,fayúscho1,NA,514
appear,bwá,NA,514
appear,bwááwow,NA,514
appear,fih,TAN,514
appear,lla,NA,514
appear,nna,TAN,514
appear,ppwá,NA,514
appearance,lapalap,NA,514
appease,áschipaschip,NA,514
appease,áschipaschipa,NA,514
appetite,paaschugh,NA,514
appetite,ssomw,TAN,514
appetite,ssumw1,NA,515
applaud,pighipigh,NA,515
apple,anoonas,NA,515
apple,aatis,NA,515
apple,fááliyáp,NA,515
apple,fáániyáp,TAN,515
apportion,aineti,"TAN, LN",515
apportion,inet2,"TAN, LN",515
apportion,patti,NA,515
apprehensive,parang,NA,515
approach,akkarap,NA,515
approach,arapeto,NA,515
approach,mescherágh,NA,515
approach,mweteto,NA,515
appropriate,fil,NA,515
appropriate,ghatch,NA,515
appropriate,kkofirh,TAN,515
appropriate,tamafisch,NA,515
April,Abrid,NA,516
Aquila,Paay Efeng,NA,516
Aquila,Paay Yéér,NA,516
arbitrator,schóól aweewe,NA,516
arbitrator,schóól aweeweel kkapas,NA,516
Arcturus,Aremwoy,NA,516
argue,arh,TAN,516
argue,ángiingi,NA,516
argue,yásch,NA,516
argument,fitighoogho,NA,516
Aries,Ghúúw,NA,516
arise,áschitá2,NA,516
arithmetic,kuentas,NA,516
arm,gúrúfááfá,TAN,516
arm,paay1,NA,516
arm,paay má,NA,516
aroma,bwoo–,NA,517
aroma,ngaas,NA,517
aroma,uwah,TAN,517
aroma,uwas,NA,517
aromatic,–ngas,NA,517
around,aro–,NA,517
around,bwáliiy,NA,517
around,fetál,NA,517
arrange,limeti,NA,517
arrive,atol3,NA,517
arrive,ffééto,NA,517
arrive,ghola,NA,517
arrive,too–,NA,517
arrive,tooló,NA,517
arrive,toori,NA,517
arrive,tooto,NA,517
arrive,war,NA,517
arrive,wareto,NA,517
arrogant,mwáálesol,NA,517
arrogant,rááng,NA,518
arrow,yuumi,NA,518
arrow,yuumiiy,NA,518
arrowroot,mógomóg,TAN,518
arrowroot,móghomógh,NA,518
artery,waa2,NA,518
as,bwe2,NA,518
as,bwe3,NA,518
as,igha1,NA,518
ashamed,hááw,TAN,518
ashamed,linginngaw,NA,518
ashamed,sááw,NA,518
ashes,ammwoorh,TAN,518
ashes,ammwoorhalong,TAN,518
ashes,ammwóósch,NA,518
ashes,ammwóóschalong,NA,518
ashes,falang,NA,518
ashes,mwóósch,NA,518
ashes,mwuli,NA,519
ashtray,aizira,NA,519
ashtray,haizira,TAN,519
ask,aiyeg,TAN,519
ask,aiyegi,TAN,519
ask,aiyegh,NA,519
ask,aiyeghi,NA,519
ask,aúné,"TAN, LN",519
ask,aúnééy,TAN,519
ask,ayúlé,NA,519
ask,ayúlééw,NA,519
ask,lugun perhe,TAN,519
ask,lughul pesche,NA,519
ask,tingór,NA,519
ask,tingóreey,NA,519
ask,tingóromaaw,NA,519
asleep,asseiparh,TAN,519
asleep,asseipasch,NA,519
asleep,malúúlú,NA,519
asleep,mayúr,NA,519
asleep,nenne,NA,519
As Perdido,Asughunnu,NA,519
aspirin,aspiriina,NA,520
assault,móówula,NA,520
assemble,arhúúy,TAN,520
assemble,aschuuw,NA,520
assemble,úyénég,TAN,520
assemble,yéélágh,NA,520
assembly,rhuu,TAN,520
assembly,rhuulap,TAN,520
assembly,schuu,NA,520
assembly,schuulap,NA,520
assembly,toulap,NA,520
assembly,úyénég,TAN,520
assembly,yéélágh,NA,520
assist,alillih,TAN,520
assist,llih,TAN,520
assist,llis,NA,520
assist,tapatap2,NA,520
assist,tepang,NA,520
assist,tepángi,NA,520
assist,túmúlú,NA,520
assist,túmúnú,"TAN, LN",521
asthma,guuha,TAN,521
asthma,ghuuwa,NA,521
Asuncion,Sangórhól,TAN,521
Asuncion,Songoschól,NA,521
at,lee–,NA,521
at,me1,NA,521
at,ree–1,NA,521
at last,ottimwool,NA,521
atoll,Fánáápi,TAN,521
atoll,Feláápi,NA,521
atoll,téé,NA,521
attach,ppaschangáli,NA,521
attach,pascheey,NA,521
attack,móówul,NA,521
attack,móówula,NA,521
attack,rupeeti,NA,521
attempt,mil2,NA,522
attempt,satoni,TAN,522
attempt,sótol,NA,522
attempt,sótoli,NA,522
attention,faffalló,NA,522
attention,lúghútchów,NA,522
attentive,rongáágh,NA,522
attentive,rongoschigh,NA,522
attitude,féérúl,NA,522
attorney,difensoot,NA,522
attractive,amweschiya,NA,522
attractive,mwaamwaay,NA,522
attractive,wooghatch,NA,522
attributive prefix,li–,NA,522
attributive suffix,–l2,NA,522
August,Agosto,NA,523
aunt,tiiya,NA,523
Australian pine,weegu,TAN,523
Australian pine,weighu,NA,523
authority,lemelem,NA,523
authority,nemenem,LN,523
automobile,gareeta,TAN,523
automobile,ghareeta,NA,523
automobile,móókkinaal ghareeta,NA,523
automobile,tomwoobid,NA,523
avaricious,heriyo,TAN,523
awake,lifang,NA,523
awake,mmah,TAN,523
awake,mmas,NA,523
awake,mmasaffat,NA,523
awake,metaffaló,NA,523
awake,miyááf,NA,523
awake,miyááfeló,NA,523
awake,miyááfetá,NA,524
awake,rhimwetá,TAN,524
awake,schimwetá,NA,524
aware,apareli,NA,524
aware,apareni,TAN,524
away,hengi1,TAN,524
away,–ló3,NA,524
away,sángi1,NA,524
axe,asóópal,TAN,524
axe,sóópel,NA,524
axle,ehe1,NA,524
baby,góógó,TAN,525
baby,ghóóghó,NA,525
baby,schopungi,NA,525
baby-sit,leghelegh,NA,525
baby-sit,negeneg,TAN,525
baby-sit,neghenegh,LN,525
baby-sit,piighát,NA,525
baby-sit,piighátiiy,NA,525
bachelor,aleweisch,NA,525
bachelor,aliyal,NA,525
back,hagúr,TAN,525
back,mwiir,NA,525
back,saghúr,NA,525
back and forth,sápeló-sápeto,NA,525
backbone,hagúr,TAN,525
backbone,saghúr,NA,525
backbone,schúúlap,NA,525
backwards,woghetágh,NA,525
bad,–bwut,NA,526
bad,bwuutag,TAN,526
bad,hoo–2,TAN,526
bad,malenngaw,NA,526
bad,manebwutag,TAN,526
bad,nngaw,NA,526
bad,nngawa–,NA,526
bad,nngawaló,NA,526
bad,soo–,NA,526
bad luck,dimóólas,NA,526
bad luck,waihet,TAN,526
bad luck,weisát,NA,526
bad omen,waihet,TAN,526
bad omen,weisát,NA,526
bad-tempered,súngúnngów,NA,526
bad weather,lángiláng,NA,526
bad weather,lengileng,TAN,526
bag,fuuto,NA,526
bag,tugh,NA,526
baggy,bwóhalihal,TAN,526
baggy,bwósééliyél2,NA,526
bail,ammat,NA,527
bail,ammata,NA,527
bailer,ammat,NA,527
bait,amón,TAN,527
bait,amwal,NA,527
bait,kkóbw2,NA,527
bald,bwoozu,NA,527
bald,dangas,NA,527
bald,ghúrúffasch,NA,527
bald,ghúrúffascha,NA,527
bald,limagúreffarh,TAN,527
bald,lischimwéffasch,NA,527
bald,schimwoffasch,NA,527
ball,bwoola,NA,527
ball,lippé,TAN,527
ball,pééli,NA,527
balloon,ligabwoobwo,TAN,527
balloon,lighabwoobwo,NA,527
balloonfish,ligabwoobwo,TAN,527
balloonfish,lighabwoobwo,NA,527
balloonfish,wáát,NA,527
bamboo,bwaay 1,NA,528
bamboo,ligippwaay,TAN,528
bamboo,lighippwáy,NA,528
banana,soghosogh,NA,528
banana,tigéér,TAN,528
banana,túghéér,NA,528
banana,uurh,TAN,528
banana,uurh mwodatchór,TAN,528
banana,wiisch,NA,528
banana,wiisch addiin,NA,528
banana,wiisch bwungurh,TAN,528
banana,wiisch bwungusch,NA,528
banana,wiisch dóóma,NA,528
banana,wiisch fayúmmwosch,NA,528
banana,wiisch looriya,NA,528
banana,wiisch mwéschétchar,NA,528
banana,wiisch taiwang,NA,528
banana,wischarung,NA,528
banana,wischewówu,NA,528
banana,wischiffay,NA,528
banana,–yis,NA,529
band,schóól atittigh,NA,529
bandit,malemwóscho,NA,529
bang,aléllérh,TAN,529
bang,aléllésch,NA,529
bang,llérh2,TAN,529
bang,llésch,NA,529
bank,bwóngko,NA,529
banyan,aaw2,NA,529
banyan,ghiliaw,NA,529
barbecue,abwerhi,TAN,529
barbecue,abweschi,NA,529
barbecue,appwesch,NA,529
barbecue,mayúl,NA,529
barbecue,ubwuschól,NA,529
bare,ffasch1,NA,529
bark,ériyér,NA,530
bark,giil,TAN,530
bark,ghiil1,NA,530
barracuda,saraw,NA,530
barrel,tiina,NA,530
basalt,aschaw,NA,530
basalt,porow,NA,530
base,rhááp,TAN,530
base,schááp,NA,530
baseball,ampaiya,NA,530
baseball,bwoolaal batta,NA,530
baseball,bwoolaal paanak,NA,530
baseball,diiyo,NA,530
baseball,óut,NA,530
baseball,tughutugh,NA,530
baseball,túgútúg,TAN,530
basil,taibwo,NA,530
basil,warúng,NA,530
basil,wérúng,TAN,530
basis,bweletáá-,NA,531
basis,bwenetáá-,"TAN, LN",531
basket,bwaarh,TAN,531
basket,bwaasch,NA,531
basket,bwutow,TAN,531
basket,bwutów,NA,531
basket,gháighesch,NA,531
basket,kkatuupat,NA,531
basket,mwárighar,NA,531
basket,–rhúg,TAN,531
basket,rhúúg,TAN,531
basket,–schúgh,NA,531
basket,schúúgh,NA,531
basket,tuugh2,NA,531
basketball,pééli,NA,531
bass,malosolos,TAN,531
bass,malúsúlus,NA,531
bat,ghaluuti,NA,531
bat,paischééy,NA,531
bat,wirhiwirh,TAN,531
bat,wischiwisch,NA,532
bathe,túútú,NA,532
bathroom,bwóónyo,NA,532
bathroom,imwal bwuse,NA,532
bathroom,imwal kklaisis,S,532
bathroom,imwan tiweló,TAN,532
bathroom,kkómmwun,NA,532
batter,wirhingeni,TAN,532
batter,wischingeli,NA,532
battle,gheera,NA,532
battle,móówul,NA,532
battle,móówula,NA,532
bay,laam 3,NA,532
be,eoor,TAN,532
be,eyoor,NA,532
be,lo1,NA,532
be,no,"TAN, LN",532
be,yoor,NA,532
beach,leppi,NA,532
beach,ppi1,NA,532
bead,ppwul2,TAN,533
bead,usous,NA,533
beam,weey3,NA,533
bean,fiyoolis,NA,533
bean,mwonggos,NA,533
bean,olu,TAN,533
bean,oolu,NA,533
bear1,ooso,NA,533
bear2,uwa2,NA,533
beard,alúh,TAN,533
beard,alús2,NA,533
beat,amalaaló,NA,533
beat,aminaaló,TAN,533
beat,ássááli,NA,533
beat,lli,NA,533
beat,liiy,NA,533
beat,nni,"TAN, LN",533
beat,wirhingeni,TAN,534
beat,wirhiwirh,TAN,534
beat,wischingeli,NA,534
beat,wischiwisch,NA,534
beautiful,amweschiya,NA,534
beautiful,limwaamwaay,NA,534
beautiful,lling,NA,534
beautiful,liris,NA,534
beautiful,malemwaamwaay,NA,534
beautiful,mwaamwaay,NA,534
beautiful,ris,NA,534
beautify,limeti,NA,534
beauty,mwaamwaay,NA,534
beauty mark,rumwurumw,NA,534
because,bwe3,NA,534
because,bwe igha,NA,534
because,bwe ighiwe,NA,534
because,bwe ilaal,NA,534
because,bwe imwu,NA,534
because,bwe iwe,NA,535
because,ree-1,NA,535
beckon,faingi,NA,535
beckon,ffay,NA,535
beckon,tchimwetiw,NA,535
become,-ló1,NA,535
bed,kaatiri,NA,535
bee,abeeha,TAN,535
bee,abeeya,NA,535
beer,biiru,NA,535
beetle,lighaawong,NA,535
before,mmwa-1,NA,535
before,taftaf,NA,535
beg,mwescheleyá,NA,535
beg,tepang,NA,535
beg,tingóromaaw,NA,535
beg forgiveness,amwohomwoh,TAN,536
beg forgiveness,amwosomwos,NA,536
begin,bwel,NA,536
begin,láál,NA,536
begin,láán,TAN,536
begin,–tá,NA,536
beginning,bweletáá-,NA,536
beginning,bwenetáá-,"TAN, LN",536
behalf,kkapaháágini,TAN,536
behalf,kkapasáághili,NA,536
behave,fang³,TAN,536
behave,selingááfisch,NA,536
behind,lu,NA,536
behind,mwiir,NA,536
behind,mwiril,NA,536
belch,gérér,TAN,536
belch,ghérér,NA,536
belief,houlang,TAN,536
belief,meefi1,NA,537
belief,soulang,NA,537
beliefs,afféér,NA,537
beliefs,agheta,NA,537
beliefs,ahoomá,TAN,537
beliefs,akkaghil2,NA,537
beliefs,alolomwaay,NA,537
beliefs,alú,NA,537
beliefs,alúúl falúw,NA,537
beliefs,alúúl leeimw,NA,537
beliefs,alúúl leeyil walúwal,NA,537
beliefs,alúúl sáát,NA,537
beliefs,amet,NA,537
beliefs,amwoongél,NA,537
beliefs,anú,"TAN, LN",537
beliefs,aseeiyal,NA,537
beliefs,asoomá,NA,537
beliefs,asootubw,NA,538
beliefs,atughutugh,NA,538
beliefs,atúgútúg,TAN,538
beliefs,awaratá,NA,538
beliefs,awarawar,NA,538
beliefs,awárátá,TAN,538
beliefs,bwalabwal,NA,538
beliefs,bwalúw,NA,538
beliefs,bwee,NA,538
beliefs,bweey1,NA,538
beliefs,faabwong,NA,538
beliefs,fayúpar,NA,538
beliefs,filiiti,NA,538
beliefs,fiirourow,NA,538
beliefs,ffirh2,TAN,538
beliefs,ffisch2,NA,538
beliefs,gát,TAN,539
beliefs,giin1,TAN,539
beliefs,goh,TAN,539
beliefs,gooh2,TAN,539
beliefs,ghát,NA,539
beliefs,gháát,NA,539
beliefs,ghos,NA,539
beliefs,ghoos2,NA,539
beliefs,ghoow,NA,539
beliefs,hafey,TAN,539
beliefs,imwalighet,NA,539
beliefs,kaaka,NA,539
beliefs,legh,NA,539
beliefs,ligirhól,TAN,539
beliefs,Luugh,NA,539
beliefs,luus,NA,539
beliefs,malebwut,NA,539
beliefs,maram uschóósch,NA,539
beliefs,miláfféér,NA,540
beliefs,neg,TAN,540
beliefs,negh,LN,540
beliefs,ngéél,NA,540
beliefs,ommwung,NA,540
beliefs,paitingáli,NA,540
beliefs,pil,NA,540
beliefs,piil,NA,540
beliefs,pilil ighapar,NA,540
beliefs,pilil málebwiibwi,NA,540
beliefs,pilil róghumw,NA,540
beliefs,pilil woong,NA,540
beliefs,rongol uschow,NA,540
beliefs,róóng,NA,540
beliefs,ghurughur,NA,540
beliefs,mwáár,NA,540
beliefs,rhóóngi,TAN,540
beliefs,sáfey,NA,540
beliefs,sáághi,NA,540
beliefs,soope,NA,540
beliefs,sousow1,NA,540
beliefs,sóusáfey,NA,541
beliefs,sóusów2,NA,541
beliefs,schóól awarawar,NA,541
beliefs,schóóngi,NA,541
beliefs,táreyágh,NA,541
beliefs,teriyeg,TAN,541
beliefs,ttorofágh,NA,541
beliefs,ungupat,NA,541
beliefs,walapil,NA,541
beliefs,wiiyáng,NA,541
believe,alughulugha,NA,541
believe,alúgúlúgú,TAN,541
believe,alúghúúw,NA,541
believe,lúgú,TAN,541
believe,lúgúlúg,TAN,541
believe,lúghúlúgh,NA,541
believe,lúghúúw,NA,541
bell,paarang,NA,541
belongings,pisegh,NA,542
belongings,rhawar,TAN,542
belongings,schowar,NA,542
belt,ghiil3,NA,542
belt,loulow,NA,542
belt,senturoon,NA,542
bench,bwóngko,NA,542
bend,apilipil,NA,542
bend,apinipin,"TAN, LN",542
bend,atiga,TAN,542
bend,bwór,NA,542
bend,bwórotiw,NA,542
bend,óbwuráátiw,NA,542
bend,ppwór,NA,542
bent,bwór,NA,542
bent,gé,TAN,542
bent,ghé,NA,542
berserk,ngetetá,TAN,542
beside,olopeigh,NA,543
besides,fiti2,NA,543
bet,auruw,NA,543
betel nut,lihoungúúngúúppwu,TAN,543
betel nut,lisoungúúngúúppwu,NA,543
betel nut,ppwu,NA,543
betel nut,ppwu mangúsch,NA,543
betel nut,ppwu tchamaaw,NA,543
betel nut,waluwal,NA,543
better,únngúló,NA,543
bettor,rhóón apósta,TAN,543
between,áleepat,NA,543
between,leepat,NA,543
between,leyi–,NA,543
beverage,úlúma–,NA,543
beyond,aluu–,NA,543
beyond,aluuy,TAN,543
bicycle,biskileeta,NA,543
bid farewell,ahoow,TAN,544
bid farewell,akkabwung2,TAN,544
bid farewell,houló,TAN,544
bid farewell,ókkóbwong,NA,544
big,atomwóghaaló,NA,544
big,daibang,NA,544
big,daiwatte,NA,544
big,lap,NA,544
big,lapaló,NA,544
big,likkáp,TAN,544
big,tomwógh,NA,544
bile,áát2,NA,544
bind,allégh,NA,544
bind,alléghú,NA,544
bind,annég,TAN,544
bind,annégú,TAN,544
bind,apilúgúlúgú,TAN,544
bind,apilúghúlúghúúw,NA,544
bird,agila2,NA,544
bird,ahaf,TAN,544
bird,araar,NA,544
bird,asaf,NA,544
bird,bwáá,NA,545
bird,bwóó2,NA,545
bird,fappi,NA,545
bird,giyegi,TAN,545
bird,guliing,TAN,545
bird,gurugaag,TAN,545
bird,ghilalamá,NA,545
bird,ghiyeghi2,NA,545
bird,ghuliing,NA,545
bird,ghurughaagh,NA,545
bird,húúg,TAN,545
bird,lifóro,NA,545
bird,lighakkayang,NA,545
bird,lighischawur,NA,545
bird,lissiyobw,NA,545
bird,lituughupar,NA,545
bird,litchog,TAN,545
bird,litchogh,NA,545
bird,maal1,NA,545
bird,malúgh,NA,545
bird,maan1,"TAN, LN",545
bird,manuwó,TAN,545
bird,mweimwey,NA,545
bird,mwii,NA,545
bird,mwuluwa,NA,545
bird,ngaanga,NA,546
bird,paire,NA,546
bird,póóbwu,NA,546
bird,–pów,NA,546
bird,séffó,NA,546
bird,súúgh,NA,546
bird,waaw,NA,546
birth,layúlay,NA,546
birth,layúlayúmescherágh,NA,546
birth,layúlayúnngaw,NA,546
birth,layúli,NA,546
birth,makk2,NA,546
birth,makkéli,NA,546
birth,malawaaló,NA,546
birth,nayúnay,TAN,546
birth,nayúnayubwutag,TAN,546
birth,nayúnayúmerherág,TAN,546
birth,nayúni,TAN,546
birth,ráálil ubwutiw,NA,546
birth,ráánin obwutiw,TAN,546
birth,ubwutuwa–,NA,546
birthday,ráálil makk,NA,546
birthmark,hóór1,TAN,547
birthmark,sóór 1,NA,547
bishop,obisbwo,NA,547
bit,egúh,TAN,547
bit,eghus,NA,547
bit,–metch,TAN,547
bite,gúkkú,TAN,547
bite,ghúúghú,NA,547
bite,ghúúw1,NA,547
bite,kkáng,NA,547
bite,kkeng,TAN,547
bite,kkú2,TAN,547
bite,kkúúghú,NA,547
bitter,marah,TAN,547
bitter,maras,NA,547
bitter melon,atmagoso,NA,547
blabbermouth,abwulallal,NA,547
blabbermouth,lall,NA,547
blabbermouth,ssil,TAN,547
black,dótchól,TAN,547
black,roschoppwung,NA,547
black,rhól,TAN,548
black,rhólippwung,TAN,548
black,schól,NA,548
black,schóleppwung,NA,548
black,schótchól,NA,548
blade,bileet,NA,548
blade,maas2,NA,548
blade,schéé,NA,548
blame,mááitip,NA,548
blame,tipiingáli,NA,548
blame,tipiingeni,TAN,548
blame,wááitip,TAN,548
bland,pat,NA,548
blanket,óus,NA,548
bleached,schimwéghót,NA,548
bleed,tcha,NA,548
blind,limahaparh,TAN,548
blind,limasapasch,NA,548
blind,masapasch,NA,548
blind,pasch2,NA,548
blink,aluppwa,TAN,548
blink,aluppwuluppwa,NA,549
blink,arhigimah,TAN,549
blink,aschighimas,NA,549
blink,mórup,NA,549
blink,mórupurup,NA,549
blink,mwórup,NA,549
blister,ppwey,NA,549
blister,ppwey schaal,NA,549
block,atippa,NA,549
block,pasch2,NA,549
block,pilesagh,NA,549
block,pileey,NA,549
block,póghuuw,NA,549
block,taggama,NA,549
block,tip,NA,549
blond,schimwéghót,NA,549
blood,tcha,NA,549
blood,tchaaló,NA,549
blood brothers,abwiibwi,NA,550
blood brothers,abwiibwiifengáll,NA,550
blood brothers,bwiili,NA,550
blood brothers,ppwiifengán,TAN,550
blossom,atillúú,NA,550
blossom,–pé,NA,550
blossom,péé,NA,550
blotch,henihen,TAN,550
blotch,selesel,NA,550
blouse,siliila,NA,550
blow,filifil,NA,550
blow,filighatch,NA,550
blow,filiti2,NA,550
blow,filiwetig,TAN,550
blow,funguri,NA,550
blow,guhuufi,TAN,550
blow,ghusufi,NA,550
blow,ngusuri,NA,551
blow,ófongofong,NA,551
blow,ughuuw,NA,551
blow,uhi,TAN,551
blow,weiyáng,NA,551
blow,yángi–,NA,551
blue,araw,NA,551
blue,arawaraw,NA,551
blue jay,waaw,NA,551
blunt,kkobw,TAN,551
blunt,kkóbw1,NA,551
blunt,ókkóbwu,NA,551
board,állif1,NA,551
board,paap,NA,551
boat,bwoot 2,NA,551
boat,temma,NA,551
bob,rhimw,TAN,551
bob,tchimw,NA,551
body,aibweibw,TAN,552
body,aibwiibw,NA,552
body,aifar¹,NA,552
body,alús²,NA,552
body,apilipilil pesche,NA,552
body,apilipilin perhe,TAN,552
body,apilúgh,NA,552
body,apinúg,TAN,552
body,appwal,NA,552
body,auhap,TAN,552
body,ausap,NA,552
body,aaw¹,NA,552
body,ayúng,NA,552
body,ayútt,NA,552
body,ayúttúl pesche,NA,552
body,ayúttúlap,NA,552
body,ayúttúluugh,NA,552
body,ayúttúsobwáágh,NA,552
body,ayúttúschigh,NA,552
body,ayúttútiit,NA,552
body,áál²,NA,552
body,álischiimw,NA,552
body,ááp,NA,552
body,áse–,NA,552
body,áát¹,NA,552
body,áát²,NA,552
body,bwaar,NA,553
body,bwararhug,TAN,553
body,bwaraschugh,NA,553
body,bweschebweschel fayúl maas,NA,553
body,bworóus,NA,553
body,bwoot1,NA,553
body,bwóselisel,TAN,553
body,bwósééliyél1,NA,553
body,bwuug,TAN,553
body,bwugúyan paay,TAN,553
body,bwuugh,NA,553
body,bwughúwal paay,NA,553
body,bwughúwal pesche,NA,553
body,bwulóóló,NA,553
body,bwúll1,NA,553
body,faitúttúl,NA,553
body,faal aibwiibw,NA,553
body,faat,NA,553
body,faay1,NA,553
body,fayúl maas,NA,553
body,fayúl orong,NA,553
body,fayúl pesche,NA,553
body,fayúl sabweil,NA,553
body,fayúl úwal,NA,553
body,fayún maah,TAN,553
body,fayúnoor,TAN,553
body,fayúschiimw,NA,553
body,fáálimwar,NA,554
body,fáályáp,NA,554
body,fáánemwar,TAN,554
body,fárewa,NA,554
body,fiir,NA,554
body,ffo–,NA,554
body,fóóbwiyóbw,NA,554
body,giil,TAN,554
body,goor,TAN,554
body,gumwurh,TAN,554
body,gurubw1,TAN,554
body,gháyi–,NA,554
body,ghiil1,NA,554
body,ghoor,NA,554
body,ghumwusch,NA,554
body,ghumwuschúl paay,NA,554
body,ghurubw1,NA,554
body,habweil,TAN,554
body,hagún magúr,TAN,554
body,hagúr,TAN,554
body,hee,TAN,554
body,heling,TAN,554
body,hóór1,TAN,554
body,hórof,TAN,554
body,ileila–,NA,554
body,ilias,NA,554
body,ilighi–,NA,554
body,inigi–,TAN,554
body,korasoon,NA,555
body,kkú1,NA,555
body,kkúl paay,NA,555
body,kkúl pische,NA,555
body,léél sabweil,NA,555
body,lifaimókk,NA,555
body,lifaimwóg,TAN,555
body,liiwet,NA,555
body,lugun úú,TAN,555
body,luugholap,NA,555
body,lughul ghumwúsch,NA,555
body,lughul úúw,NA,555
body,lúghúmwoúl pesche,NA,555
body,magúr,TAN,555
body,maah,TAN,555
body,maas1,NA,555
body,masattáf,NA,555
body,mesal túút,NA,555
body,meseppel sabweil,NA,555
body,metetteril faat,NA,555
body,metetteril maas,NA,555
body,metetteril schiimw,NA,555
body,móghur,NA,555
body,móghur sóbwulal,NA,555
body,mwalú,NA,555
body,mwáálil,NA,555
body,mwóóng,NA,555
body,ngaat,NA,556
body,ngáásch1,NA,556
body,ngii,NA,556
body,orong,NA,556
body,oscha–,NA,556
body,oschááp1,NA,556
body,ófong,NA,556
body,óubw,NA,556
body,pah,TAN,556
body,paigér,TAN,556
body,paapa,NA,556
body,parúng2,NA,556
body,paay1,NA,556
body,paay mwáál,NA,556
body,paay schóóbwut,NA,556
body,paayghéré,NA,556
body,perhe,TAN,556
body,pesche,NA,556
body,pilipilil paay,NA,556
body,pongóósch,NA,556
body,púúr,NA,556
body,raara1,NA,556
body,rhaamw,TAN,556
body,rhepin perhe,TAN,556
body,rhepin úú,TAN,556
body,rhólon fayún maah,TAN,556
body,rhúú,TAN,556
body,rhúúmworh,TAN,556
body,rhúún aaw,TAN,557
body,sabweil,NA,557
body,saghúr,NA,557
body,sáling,NA,557
body,see,NA,557
body,sóór1,NA,557
body,sórof1,NA,557
body,súlú-,NA,557
body,schepil pesche,NA,557
body,schepil úúw,NA,557
body,schééghéla–,NA,557
body,schéél aaw,NA,557
body,schéélúwa–,NA,557
body,schiimw,NA,557
body,schólol fayúl maas,NA,557
body,schúú,NA,557
body,schúúl aaw,NA,557
body,schúúl móghur,NA,557
body,schúúl pesche,NA,557
body,schúúl wóórol,NA,557
body,schúúl yáát,NA,557
body,schúúlap,NA,557
body,schúúlapal pesche,NA,557
body,schúúmwosch,NA,557
body,schúúschighil pesche,NA,557
body,taa1,NA,557
body,taa2,NA,558
body,tafa–,NA,558
body,taang,NA,558
body,tingi,NA,558
body,tiitanus,NA,558
body,tour,TAN,558
body,t0usa–,NA,558
body,t0wur,NA,558
body,tuubwuwal schiimw,NA,558
body,tubw0yan mag0r,TAN,558
body,tuugh1,NA,558
body,tuumw,NA,558
body,t00g,TAN,558
body,t0laaw,NA,558
body,t0lungasch,NA,558
body,tcha,NA,558
body,uubw,NA,558
body,ubwal pesche,NA,558
body,0kk,NA,558
body,0li–,NA,558
body,0na–,TAN,558
body,0tt,NA,558
body,00w1,NA,558
body,waa2,NA,558
body,weet,NA,558
body part,lipag,TAN,558
body part,lipagh,NA,559
body surfing,taaló,NA,559
bogey man,kaaka,NA,559
boil1,awatcha,TAN,559
boil1,awetcha,NA,559
boil1,uuló,TAN,559
boil1,watch,TAN,559
boil1,wétch,NA,559
boil2,loo,NA,559
bolt,tunniizu,NA,559
bone,rhúú,TAN,559
bone,schúú,NA,559
bonito,angaraap,NA,559
bonito,arangaap,NA,559
bony,ghul2,NA,559
bony,rhúúrhú,TAN,559
bony,schúúgheráng,NA,559
bony,schúúschú,NA,560
book,tiliig,TAN,560
book,tiliighi,NA,560
border,ngasche–,NA,560
bore,bwura3,NA,560
bore,ngatáli,NA,560
bored,akkaschigh,NA,560
bored,asaamwosch,NA,560
bored,áiláng2,NA,560
bored,áirágh,NA,560
bored,ngusch,NA,560
bored,onuppag,TAN,560
bored,ul1,NA,560
bored,un,TAN,560
boring,angúrhúngúrh,TAN,560
boring,angúschúngúsch,NA,560
born,ubwutiw,NA,561
borrow,aazaw,TAN,561
borrow,ááyá,TAN,561
borrow,layúli,NA,561
borrow,nayúni,TAN,561
borrow,wááli,NA,561
borrow,wááni,TAN,561
borrow,yááyá1,NA,561
boss,hamwooliyóng,TAN,561
boss,óómwo,NA,561
bother,abwuschubwusch,NA,561
bother,ppett1,NA,561
bother,stotba,NA,561
bottle,–lé,NA,561
bottle,léé,NA,561
bottom,ááp,NA,561
bottom,tópol,NA,561
bounce,ppé,NA,561
boundary,máásch,NA,562
boundary,ngasche–,NA,562
boundary,yááli–,NA,562
bow,apilipil,NA,562
bow,apinipin,"TAN, LN",562
bow,bwór,NA,562
bow,tchimwetiw,NA,562
bow and arrow,yuumi,NA,562
bowel movement,alloow,NA,562
bowel movement,fallighet,NA,562
bowel movement,féll,NA,562
bowel movement,rhigar2,TAN,562
bowel movement,schighar2,NA,562
bowel movement,wáási3,NA,562
bowl,hepi,TAN,562
bowl,sápi,NA,562
bowl,taasa,NA,562
bowl,tósoon,NA,562
bowl,ubwong,NA,562
box,apúng,NA,563
box,bwooró1,NA,563
box,bwóór,NA,563
box,kahita,TAN,563
box,kkaita,NA,563
box,kkaun,NA,563
box,kees,NA,563
box,kóhun,TAN,563
boxing,kkento,NA,563
boy,atte mwáál,NA,563
boy,oliye,NA,563
boy,ruwey leetip,NA,563
boy,ugaaw,TAN,563
brace,lóóng1,NA,563
brace,tchep5,NA,563
brag,wosommwóng,NA,563
braid,áfitti,NA,563
braid,ppil2,NA,563
braid,pili,NA,563
brain,fóóbwiyóbw,NA,563
brain,tiitanus,NA,563
brain,tuubwuwal schiimw,NA,564
brain,tubwúyan magúr,TAN,564
branch,ráá-,NA,564
branch,ráárá,NA,564
branch,téél,NA,564
branch,téén,TAN,564
brass,bworoonsi,NA,564
brave,abwura2,NA,564
brave,bwura2,NA,564
brave,melat,NA,564
bravery,apagarho,TAN,564
bravery,melat,NA,564
bread,póón,NA,564
breadfruit,bwáyú-,NA,564
breadfruit,bweiti,NA,564
breadfruit,bwuubwu1,NA,564
breadfruit,bwugil,TAN,564
breadfruit,bwughil,NA,564
breadfruit,daangis,NA,564
breadfruit,faral mááy,NA,564
breadfruit,iyey,NA,565
breadfruit,kkól,NA,565
breadfruit,kkóleey,NA,565
breadfruit,kkón,"TAN, LN",565
breadfruit,kkóney,TAN,565
breadfruit,lifééféél mááy,NA,565
breadfruit,maar,NA,565
breadfruit,máiyas,NA,565
breadfruit,mááy,NA,565
breadfruit,mááy arúng,NA,565
breadfruit,mááy dél,NA,565
breadfruit,mááy ffay,NA,565
breadfruit,mááy rúng,NA,565
breadfruit,tittil mááy,NA,565
breadfruit,tittin mááy,TAN,565
breadfruit,ubwuschól,NA,565
breadfruit,wili,NA,565
breadfruit season,leerágh,NA,565
breadfruit season,leereg,TAN,565
breadfruit season,maramal mááy,NA,565
break,asettila,NA,565
break,ataraabwesch,NA,566
break,bwiliiló,NA,566
break,bwull1,NA,566
break,bwullúúw,NA,566
break,eyi,TAN,566
break,ffeir,NA,566
break,feereey,NA,566
break,gop,TAN,566
break,ghop,NA,566
break,ghupikkitiiy,NA,566
break,isiiy,NA,566
break,maripúúlé,NA,566
break,márip,NA,566
break,máripirip,NA,566
break,mwasching,NA,566
break,mwaschingasching,NA,566
break,mwákk,NA,566
break,mweisefáng,NA,566
break,mweiti,NA,566
break,mmwey,NA,566
break,mwurhing,TAN,566
break,mwurhingurhing,TAN,566
break,nngawaló,NA,566
break,paghúló,NA,567
break,ppisch,NA,567
break,rip,NA,567
break,ripingágh,NA,567
break,ripirip,NA,567
break,ripiságh,NA,567
break,ripiiy,NA,567
break,ssawa,TAN,567
break,ssowa,NA,567
break,tarey,TAN,567
break,taroppw,NA,567
break,ttór,NA,567
break,tóreey2,NA,567
break,wetil,NA,567
break,witil,TAN,567
break,wos,NA,567
breaker,lóó,NA,567
breaker,nóó,"TAN, LN",567
breakers,ataraabwesch,NA,567
breakfast,bwokka,NA,567
breakfast,yiilów,NA,568
breast,ayúng,NA,568
breast,óubw,NA,568
breast,útt,NA,568
breast-feed,atú,NA,568
breast-feed,atút,NA,568
breast-feed,atúúw,NA,568
breath,maleppeigh,NA,568
breath,mwi,NA,568
breath,mwoor2,NA,568
breath,nngas,NA,568
breath,nngasappwo,NA,568
breath,patch,NA,568
breath,ppeigh,NA,568
breathe,nganngas,NA,568
breathe,nngas,NA,568
breathe,ngasangas,NA,568
breathe,nngasappwo,NA,568
breeze,ááng,NA,568
breezy,filifil,NA,568
bribe,áschipaschipa,NA,569
brick,ládriizu,NA,569
bridesmaid,dama,NA,569
bridge,tolláy,NA,569
bright,aharama,TAN,569
bright,asarama,NA,569
bright,asaramaaló,NA,569
bright,bwulubwul,NA,569
bright,ligi–,TAN,569
bright,lighi–,NA,569
bright,lighiyaraw,NA,569
bright,marúfúúfú,NA,569
bright,merúfiifi,TAN,569
bright,parangarang,NA,569
bright,saram,NA,569
brighten,asaramaalong,NA,569
bring,ahafááli,TAN,569
bring,asefááli,NA,569
bring,bweibwogh,NA,569
bring,bwogobwog,TAN,569
bring,bwugi,TAN,570
bring,bwughi,NA,570
bring,bwughiito,NA,570
bring,giri,TAN,570
bring,ghiriiy,NA,570
bring,rosoto,NA,570
bring,waa–,NA,570
bring,wwow,TAN,570
bring up,ffóól,NA,570
brisk,ruuru1,NA,570
bristles,mwétetteril bróós,NA,570
broad,rhéélap,TAN,570
broad,schéélap,NA,570
broaden,alapa1,NA,570
broaden,arhéélapay,TAN,570
broaden,aschéélapay,NA,570
broken,bwull1,NA,570
broken,ffeir,NA,570
broken,gop,TAN,571
broken,ghop,NA,571
broken,maripúúlé,NA,571
broken,masapagh,NA,571
broken,márip,NA,571
broken,máripirip,NA,571
broken,mwaschingasching,NA,571
broken,mweisefáng,NA,571
broken,mwurhingurhing,TAN,571
broken,nngawaló,NA,571
broken,paghúló,NA,571
broken,rip,NA,571
broken,ripingágh,NA,571
broken,ripiságh,NA,571
broken,ttór,NA,571
broken-hearted,ereeramwey,NA,571
broken-hearted,órof,NA,571
bronze,bworoonsi,NA,571
broom,péépé,NA,571
brother,abwiibwiifengáll,NA,571
brother,bwii,NA,572
brother,bwiili,NA,572
brother,bwiimwáál,NA,572
brother,ipigin bwii,TAN,572
brother,ipighil bwii,NA,572
brother,mwengeya–,NA,572
brother,olebwi,NA,572
brother,oliye,NA,572
brother,peghil bwii,NA,572
brown,tchókolóóti,NA,572
bruise,angúhú,TAN,572
bruise,angúsa,NA,572
bruise,bwatabwat,NA,572
bruise,fall,NA,572
bruise,faal 2,NA,572
bruise,ngus2,NA,572
bruise,nguus,NA,572
brush,bwuraasi,NA,572
brush,bwurasiiy,NA,572
brush,kkéréél schiimw,NA,572
brush,lúwetaaló,NA,573
brush,lúyetaaló,TAN,573
brush,mwétetteril bróós,NA,573
bubble,bwurubwur1,NA,573
bubble,watch,TAN,573
bubble,wétch,NA,573
buck teeth,ffasch2,NA,573
buck teeth,lingiffarh,TAN,573
buck teeth,lingiffasch,NA,573
buck teeth,mmár,TAN,573
build,akkayú,NA,573
build,ayúúw,NA,573
building,kkayú1,NA,573
building,laalaso,NA,573
building,laanaso,TAN,573
bully,ilumaaw,NA,573
bully,namaiki,NA,573
bump,parengi,NA,574
bump,ppwos,NA,574
bump,ppwosengi,NA,574
bump,úni,TAN,574
bunch,–umw,NA,574
bunch,umwu–,NA,574
bundle,ateeyi,NA,574
bundle,pélégh,NA,574
bundle,pilúghúw,NA,574
bundle,tughumi,NA,574
bundle,tughutugh,NA,574
bundle,túgúmi,TAN,574
bundle,túgútúg,TAN,574
bundle,–túgh,NA,574
buoy,bwáliisa,NA,574
bur,toutow1,NA,574
burglar,lipúraf,NA,574
burn,agú,TAN,574
burn,aghúúw,NA,574
burn,bwerhikkar,TAN,574
burn,bweschikkar,NA,575
burn,bwoomwusch,NA,575
burn,bwuppwul,NA,575
burn,fiifi,NA,575
burn,fiigi,TAN,575
burn,fiighi,NA,575
burn,fiighiiló,NA,575
burn,gú,TAN,575
burn,ghú1,NA,575
burn,kkimoson,NA,575
burn,mwusch,NA,575
burn,paghúló,NA,575
burn,ppwey,NA,575
burn,ppwul1,NA,575
burn,tarabwulubwul,TAN,575
burp,gérér,TAN,575
burp,ghérér,NA,575
burp,magú,TAN,575
burp,maghú,NA,575
bury,libwálibw,NA,575
bury,libweliiló,NA,575
bury,ráselaaló,NA,575
bush,áfischi Liyoos,NA,576
bushy,ppwóóppwó,NA,576
business,kaisa,NA,576
business,kompaniiya,NA,576
busy,mwasch,NA,576
but,nge1,NA,576
butt,-pagh,NA,576
butt,paghúl,NA,576
butterfly,libweibwogh,NA,576
butterfly,libwogobwog,TAN,576
buttocks,ááp,NA,576
buttocks,fáályáp,NA,576
button,appascha,NA,576
button,bwóttuunis,NA,576
buy,akkamé,NA,576
buy,améémé,NA,576
buy,amééw,NA,576
buy,kkamé,NA,577
buy,mééli,NA,577
buy,mééni,TAN,577
by,ree–1,NA,577
cabbage,nappa,NA,578
cage,gollel,TAN,578
cage,ghollal,NA,578
cage,tangkad,NA,578
cake,keek,NA,578
calendar,Alimaté,NA,578
calendar,Apey,NA,578
calendar,Araar,NA,578
calendar,Aremwoy,NA,578
calendar,Áfenágh,NA,578
calendar,Efán,NA,578
calendar,Eling,NA,578
calendar,Elúwel,NA,578
calendar,Emmasch,NA,578
calendar,Emetan,NA,578
calendar,Esewal,NA,578
calendar,Escháf,NA,578
calendar,Eyú,NA,578
calendar,Ghiney,NA,578
calendar,Ghúúw,NA,578
calendar,Kkineiyan Omwalé,NA,578
calendar,Maan,NA,578
calendar,Mááilap,NA,579
calendar,Mááischigh,NA,579
calendar,Mesafúú,NA,579
calendar,Meseling,NA,579
calendar,Mesetúw,NA,579
calendar,Mesewal,NA,579
calendar,Mesóón,NA,579
calendar,Néétiw,NA,579
calendar,Olobwuwe,NA,579
calendar,Olomwaay,NA,579
calendar,Omwalé,NA,579
calendar,Osáláng,NA,579
calendar,Órosan Efelágh,NA,579
calendar,Óróghúw,NA,579
calendar,Sarobwél,NA,579
calendar,Sééta,NA,579
calendar,Sighaurú,NA,579
calendar,Sóópasch,NA,579
calendar,Sóópasch Lemmwir,NA,579
calendar,Schoománifál,NA,579
calendar,Schoow,NA,579
calendar,Schúúwabwong,NA,579
calendar,Tumwur,NA,579
calendar,Úúr,NA,579
calendar,Wuun,NA,580
calf,ubwal pesche,NA,580
call,abwah,TAN,580
call,abwas,NA,580
call,abwasáágháli,NA,580
call,abwasáághini,LN,580
call,akkabwah,TAN,580
call,akkabwas,NA,580
call,akkabwasághiliiy,NA,580
call,appalúwal,NA,580
call,faingi,NA,580
call,ffay,NA,580
calligraphy,iirh,TAN,580
calligraphy,iisch,NA,580
callus,kkóózus,NA,580
calm,amwaamwaay leetipomw,NA,580
calm,hooni2,TAN,580
calm,mmalú,TAN,580
calm,malúw,NA,580
calm,ppwóss,NA,580
calm,rhóórág,TAN,580
calm,sééló,NA,581
calm,sooni,NA,581
calm,schóórágh,NA,581
camel,kameezo,NA,581
camera,literóóto,NA,581
camouflage-net,tóulómw,NA,581
can,laata,NA,581
can,lóóta,TAN,581
candle,daangis,NA,581
candy,kandi,NA,581
canned goods,látáriiya,NA,581
cannon,kanyoon,NA,581
canoe,aharegi,TAN,581
canoe,aserághi,NA,581
canoe,falawa,NA,581
canoe,falawaa,NA,581
canoe,seeyil waa,NA,581
canoe,waa1,NA,581
canoe,waa fatúl,NA,582
canoe,waa hareg,TAN,582
canoe,waa rhoul,TAN,582
canoe,waa serágh,NA,582
canoe,waa schóuwul,NA,582
canoe,waa taroppw,NA,582
canoe,waal mwoota,NA,582
canoe,waawa1,NA,582
canoe-builder,hallap,TAN,582
canoe-builder,sellap,NA,582
canoe house,utt,NA,582
canoe house,Luughal,NA,582
canoe house,Falatóghuu,NA,582
canoe house,Falawel,NA,582
canoe house,Falamóghut,NA,582
canoe house,Falasow,NA,582
canoe part,aimweimw,NA,582
canoe part,epeep,NA,582
canoe part,alap,NA,582
canoe part,amara,NA,582
canoe part,ammat,NA,582
canoe part,aamw1,NA,582
canoe part,ayú,NA,582
canoe part,álángelap,NA,582
canoe part,alap,NA,582
canoe part,áleh,TAN,582
canoe part,áles,NA,583
canoe part,ááp,NA,583
canoe part,áyil,NA,583
canoe part,bwull2,NA,583
canoe part,epeep,NA,583
canoe part,fatúl,NA,583
canoe part,fááng,NA,583
canoe part,fángilimwár,NA,583
canoe part,fáár,NA,583
canoe part,féélágh,NA,583
canoe part,foo,NA,583
canoe part,foonákk,TAN,583
canoe part,fótófót,NA,583
canoe part,ghiyó,NA,583
canoe part,helingan,TAN,583
canoe part,ilal ffót,NA,583
canoe part,ilighi–,NA,583
canoe part,inigi–,TAN,583
canoe part,leekkeyángil mesal waa,NA,583
canoe part,leeparasal waa,NA,583
canoe part,leepatchúl waa,NA,584
canoe part,leepatchún,"TAN, LN",584
canoe part,leesóbw,NA,584
canoe part,lééfo,NA,584
canoe part,lééfool,NA,584
canoe part,lééfoolap,NA,584
canoe part,lóóbwu,NA,584
canoe part,peraf,NA,584
canoe part,lóngol úúw,NA,584
canoe part,mesal fááng,NA,584
canoe part,mesal waa,NA,584
canoe part,mesap,NA,584
canoe part,meschemesch,NA,584
canoe part,alap,NA,584
canoe part,sálisóbw,NA,584
canoe part,metóngar,NA,584
canoe part,mweel,NA,584
canoe part,mwóngoresch,NA,584
canoe part,leekkeyángil mesal waa,NA,584
canoe part,órol waa,NA,584
canoe part,papal waa,NA,584
canoe part,payúl fatúl,NA,584
canoe part,peraf,NA,584
canoe part,pélógh,NA,584
canoe part,raara2,NA,585
canoe part,rasiim,NA,585
canoe part,salangal,NA,585
canoe part,sálil amara,NA,585
canoe part,sálil mweel,NA,585
canoe part,sálil úrúúr,NA,585
canoe part,sálisóbw,NA,585
canoe part,sooso2,NA,585
canoe part,ssó2,NA,585
canoe part,sóól ffót,NA,585
canoe part,ssólemmwal,NA,585
canoe part,ssólemwir,NA,585
canoe part,suwa,NA,585
canoe part,schúúl ghááp,NA,585
canoe part,schúúschúúmwáál,NA,585
canoe part,schúúschúúschóóbwut,NA,585
canoe part,taam,NA,585
canoe part,tolol ayú,NA,585
canoe part,uwalalap,NA,585
canoe part,uwaliyal,NA,585
canoe part,úráámwáál,NA,586
canoe part,úrááschóóbwut,NA,586
canoe part,úrúúr1,NA,586
canoe part,úúw2,NA,586
canoe part,waisché,NA,586
canoe part,wálemwel,NA,586
canoe part,wááliyáng,NA,586
canoe repair,faisal,NA,586
canoe repair,leelúl ghotchow,NA,586
canoe repair,loghuloghul ráápi,NA,586
canoe repair,orongol ghaliitá,NA,586
canoe repair,orongol ghaliitiw,NA,586
canoe repair,ppilifelepi,NA,586
canoe repair,ppinifenepi,"TAN, LN",586
canoe repair,schúlimangarow,NA,586
canoe repair,schúnimangarow,"TAN, LN",586
canoe repair,ubwal úr,NA,586
canoe repair,uruurel mwar,NA,587
canoe roller,lóóng1,NA,587
canvas,biriin,NA,587
canvas,kkaaba,NA,587
cap,akkaw,NA,587
cap,allur,NA,587
cap,annúr,TAN,587
cap,iimw2,NA,587
cap,par2,TAN,587
cap,parúng1,NA,587
capable,bwágh,NA,587
capable,emmwel1,NA,587
capable,kkáng,NA,587
capable,kkeng,TAN,587
capable,mmwel1,NA,587
capable,rhúmmáng,TAN,587
capable,schúmmáng,NA,587
capable,teefúrh,TAN,587
Capitol Hill,Asúngúl,NA,587
capsize,atighaaló,NA,588
capsize,rhapp,TAN,588
capsize,rhifetá,TAN,588
capsize,schapp,NA,588
capsize,schifátá,NA,588
capsize,tigh,NA,588
captain,palúw,NA,588
captain,ppwo3,NA,588
captain,tóómw,NA,588
carabao,gharibwów,NA,588
carabao,kkaribwów,TAN,588
carapace,parúl,NA,588
card,katta,NA,588
care,afalli,TAN,588
care,akkáfálli,NA,588
care,áfálli,NA,588
care,ffóól,NA,588
care,leghelegh,NA,588
care,lemeli,NA,589
care,lúghútchów,NA,589
care,negeneg,TAN,589
care,neghenegh,LN,589
care,nemeni,LN,589
care,piighát,NA,589
care,piighátiiy,NA,589
care,tengágh,NA,589
careful,áfálli,NA,589
careful,–firh,TAN,589
careful,–fisch,NA,589
careful,–mmwaay,NA,589
careless,bwaasaas,NA,589
caress,tóófi,NA,589
caress,tóótó,NA,589
caretaker,rhóón appwóg,TAN,589
cargo,kkaaraga,TAN,589
cargo,kkaaragha,NA,589
Caroline Islands,Paghúluwosch,NA,590
carpenter,hallap,TAN,590
carpenter,kapinteero,NA,590
carrot,kiyáárots,NA,590
carry,aifar2,NA,590
carry,aifara,NA,590
carry,ailimmwara,NA,590
carry,aimóng,NA,590
carry,alimwaar,TAN,590
carry,alimmwar,NA,590
carry,alimmwara,TAN,590
carry,ambwooli,NA,590
carry,ammwar1,NA,590
carry,ammwar2,NA,590
carry,ammwara,NA,590
carry,atawala,NA,590
carry,atché,NA,590
carry,atchééy,TAN,590
carry,áfiti1,NA,590
carry,bwángiitá,NA,590
carry,bweibwogh,NA,590
carry,bwogobwog,TAN,590
carry,bwugi,TAN,591
carry,bwughi,NA,591
carry,isal,NA,591
carry,rooghi,NA,591
carry,rooro,NA,591
carry,rhopongi,TAN,591
carry,schopungi,NA,591
carry,tchop,NA,591
carry,waa–,NA,591
cart,gareeta,TAN,591
cart,ghareeta,NA,591
carton,bwooró1,NA,591
carton,kahita,TAN,591
carton,kkaita,NA,591
carve,falafal1,NA,591
carve,falafal2,NA,591
carve,falawaa,NA,591
carve,párepár,NA,591
carve,páriy,NA,591
case,kkaun,NA,591
case,kees,NA,591
case,kóhun,TAN,592
cask,tiina,NA,592
Cassiopeia,Úkkúniigh,NA,592
cast,bwów,NA,592
castaway,schóól pasaló,NA,592
castrate,áttiséél,NA,592
cat,gattu,TAN,592
cat,ghattu,NA,592
catch,forouli,NA,592
catch,forouni,TAN,592
catch,forow,NA,592
catch,ghola,NA,592
catch,hubwuri,TAN,592
catch,liyap,NA,592
catch,liyapeli,NA,592
catch,liyapeni,TAN,592
catch,ppwil2,NA,592
catch,ppwili,NA,592
catch,solomi,NA,592
catch,subwuri,NA,592
catch,ssussubw,TAN,593
catch,sussubw,NA,593
catch,scheeri,NA,593
catch,tangki,NA,593
catch,torofi,NA,593
catch,ttubw1,NA,593
catch,tur,NA,593
catch,yoofi,NA,593
Catholic,Katolikko,NA,593
cattle,wakke,NA,593
caulk,appasch2,NA,593
caulk,appascha,NA,593
causative prefix,a–1,NA,593
causative prefix,akka–2,NA,593
cause,a–1,NA,593
cause,akka–2,NA,593
cave,bwokongo,NA,593
cave,iimw bwéél,NA,593
cave,liisang,NA,594
cave,ppwóówu,NA,594
cease,ámmwel,NA,594
cease,úg,TAN,594
cease,wes,NA,594
ceiling,faal uung,NA,594
ceiling,kiisami,NA,594
celebrate,abwaabwa,NA,594
cellar,fáálipó,NA,594
cellar,fáánipó,TAN,594
cemetery,welepey,NA,594
cent,seen,NA,594
center,luugh,NA,594
center,luugholap,NA,594
center,luugholapal iimw,NA,594
centipede,limállibwong,NA,594
centipede,maniibwong,TAN,594
central,bwúll1,NA,595
ceremony,luus,NA,595
certainly,mal,NA,595
certainly,man,TAN,595
chain,kadeena,NA,595
chair,bwóngko,NA,595
Chalan Kanoa,Alal Ghaloowa,NA,595
Chalan Kiya,Falúghúló,NA,595
Chalan Laulau,Lemááyól,NA,595
Chalan Laulau,Welebwughúw,NA,595
Chalan Piao,Alal Bwaay,NA,595
chalk board,pisóóra,NA,595
challenge,agila1,TAN,595
challenge,aghila,NA,595
challenge,amwáál,NA,595
challenge,amwáán,TAN,595
chamber,tibwas,NA,596
change,kootay,NA,596
change,liiwel,NA,596
change,liiweli,NA,596
change,siiwel,NA,596
change,siiweli,NA,596
change of condition,–a1,NA,596
change of condition,–lo,NA,596
change of condition,–no,TAN,596
change of state,–ló1,NA,596
channel,tour,TAN,596
channel,tówur,NA,596
channel,wów,NA,596
channel marker,bwáliisa,NA,596
chant,ammair,TAN,596
chant,ammayúr,NA,596
chant,arhuurhu,TAN,596
chant,aschúwschúw,NA,596
chapter,táttálil,NA,597
chapter,tettelin,TAN,597
characteristic,uluul2,NA,597
charcoal,falang,NA,597
charcoal,kkadbwun,NA,597
charcoal,mwuli,NA,597
charge,lemeli,NA,597
charge,nemeni,LN,597
chase,asúúw,NA,597
chase,asúúy,TAN,597
chase,faarheey,TAN,597
chase,faascheey,NA,597
chase,fattabweey,NA,597
chase,rheey,TAN,597
chase,scheeri,NA,597
chase,scheey,NA,597
chase,tche,NA,597
chase,tcheey,NA,597
chatter,tittig,TAN,597
chatter,tittigh,NA,598
cheap,ppel,NA,598
cheat,digero,NA,598
cheat,tubw2,NA,598
cheat,zuri,NA,598
cheater,digero,NA,598
check,tchekkiiy,NA,598
checkers,dama,NA,598
cheek,auhap,TAN,598
cheek,ausap,NA,598
cheerful,meseigh,NA,598
cheese,keesu,NA,598
chest,ayúng,NA,598
chew,améémééy,NA,598
chew,lúúlú,NA,598
chew,lúúlúúw,NA,598
chew,mall2,NA,598
chew,ngúúng,NA,599
chew,ngúti,NA,599
chewing gum,tching gam,NA,599
chick,lissiyobw,NA,599
chicken,lissiyobw,NA,599
chicken,malú gh,NA,599
chicken pox,gilibwutag,TAN,599
chicken pox,ghilinngaw,NA,599
chicken pox,ghilipaarang,NA,599
chief,Áiláng Samwool,NA,599
chief,hamwooliyóng,TAN,599
chief,sómwool,NA,599
chief,sómwoolighit,NA,599
child,ategit,TAN,599
child,atteghit,NA,599
child,áát 3,NA,599
child,layú-,NA,599
child,layúlay,NA,599
child,layúlipisch,NA,599
child,nayúlipirh,TAN,600
child,nayúnay,TAN,600
child,sáár,NA,600
child of a mixed marriage,afaghúr,NA,600
children,olighát1,NA,600
chili pepper,amweigh,NA,600
chili pepper,amwiig,TAN,600
chili pepper,lolli,NA,600
chili pepper,lolliyaay,NA,600
chili pepper,lonni,TAN,600
chili pepper,mwiigh,NA,600
chill,ffooy,NA,600
chin,áát 1,NA,600
China,Siila,NA,600
chip,–hatta,TAN,600
chip,masapagh,NA,600
chip,mwákk,NA,600
chip,sátil,NA,601
chocolate,tchókolóóti,NA,601
choice,áfili,NA,601
choice,áffilighatch,NA,601
choke,áschitá1,NA,601
choke,laaw,NA,601
choke,lééhég,TAN,601
choke,lééságh,NA,601
choke,rhiyor,TAN,601
choke,schiyor,NA,601
choose,áffil,NA,601
choose,áfili,NA,601
choose,áffilighatch,NA,601
choose,ffil1,NA,601
choose,fili,NA,601
choose,wiliwil,NA,601
choosy,lifilifil2,NA,601
chop,fala,NA,602
chop,gopiiy,TAN,602
chop,ghupiiy,NA,602
chop,hapigi,TAN,602
chop,pikka,NA,602
chop,sápeghi,NA,602
chop,tiwey,NA,602
choppy,lóóló,NA,602
choppy,nóónó,TAN,602
choppy,schew,NA,602
chortle,ammel,NA,602
chorus,schóól kkéél,NA,602
Christmas,Krisimas,NA,602
chrysanthemum,liarabwal,NA,602
chrysanthemum,mansaniiza,NA,602
chub,réél,NA,602
chuckle,gekkey,TAN,602
chuckle,ghekkáy,NA,602
chunk,–tip,NA,602
chunk,tiip1,NA,602
church,imwal Liyoos,NA,603
church,imwan Liyoos,TAN,603
cigar,éllú,TAN,603
cigar,éllúw,NA,603
cigar,siganné,TAN,603
cigar,sighallé,NA,603
cigarette,ammwoorh,TAN,603
cigarette,ammwóósch,NA,603
cigarette,éllú,TAN,603
cigarette,éllúw,NA,603
cigarette,lihousuubwa,TAN,603
cigarette,lisousuubwa,NA,603
cigarette,–ppwaay,NA,603
cigarette,suubwa,NA,603
cigarette case,g húú war,NA,603
circle,bwáliiy,NA,603
circle,bwááliyál,NA,603
circular,fááliyel,TAN,603
circumcise,kkúr,NA,604
citation,tekkit,NA,604
citizen,schóól falúw,NA,604
civilized,malefighir,NA,604
clam,aimet,NA,604
clam,amwe,NA,604
clam,amwey2,TAN,604
clam,ghaatil,NA,604
clam,pinig,TAN,604
clam,siim,NA,604
clam,ttó,NA,604
clan,afagúr,TAN,604
clan,afaghúr,NA,604
clan,ailang,NA,604
clan,ainang,TAN,604
clan,Áiláng Samwool,NA,604
clan,rhepin ainang,TAN,604
clan,rhóó,TAN,604
clan,schepil ailang,NA,604
clan,schóó,NA,605
clan name,Alengeitaw,NA,605
clan name,Aschaw 2,NA,605
clan name,Bwaragha,NA,605
clan name,Bweel,NA,605
clan name,Faalimáy,NA,605
clan name,Fesilim,NA,605
clan name,Ghatoliyól,NA,605
clan name,Ghéfalúw,NA,605
clan name,Habwonoppi,TAN,605
clan name,hou–,TAN,605
clan name,Itaw,NA,605
clan name,Kkatamaam,NA,605
clan name,Kkemwóósch,NA,605
clan name,Maasalé,NA,605
clan name,Mwongoulufasch,NA,605
clan name,Mwongounufarh,TAN,605
clan name,Piigh,NA,605
clan name,Ppwél,NA,605
clan name,Ráágh,NA,605
clan name,Re–Mwóórh,TAN,605
clan name,Re–Mwóósch,NA,605
clan name,Rongowow,NA,605
clan name,Sabwoloppi,NA,605
clan name,Soupeley,NA,605
clan name,Sóór,NA,605
clan name,Sóu–,NA,605
clan name,Sóubwolowat,NA,606
clan name,Sóufáng,NA,606
clan name,Sóufelááschigh,NA,606
clan name,Sóufenaarhig,TAN,606
clan name,Sóusát,NA,606
clan name,Sóuwaley,NA,606
clan name,Sóuwel,NA,606
clan name,Schetchiya,NA,606
clan name,Schoofar,NA,606
clan name,Tilipóghu,NA,606
clan name,Umwó,NA,606
clan name,Uung,NA,606
clan name,Wwaleghár,NA,606
clan name,Weliirá,NA,606
clan name,Wisusu,NA,606
clan name,Wiité,NA,606
clap,ápighipigh,NA,606
clap,lobw,NA,606
clap,pighipigh,NA,606
clarify,affata,NA,606
clarify,attafa,NA,606
clarify,aweewe1,NA,606
clarify,kkapasal aweewe,NA,606
clasp,bwugheey,NA,607
class,kuumi,NA,607
classmate,kuumi,NA,607
claw,kkú1,NA,607
claw,úkk,NA,607
clean,afaff,NA,607
clean,afaaló,NA,607
clean,affááni,"TAN, LN",607
clean,ammwel1,NA,607
clean,amwelaaló1,NA,607
clean,áffááli,NA,607
clean,álimelim,NA,607
clean,ghasaghas,NA,607
clean,limálim,NA,607
clean,sog,TAN,607
clean,sousow2,NA,607
clean,sógh,NA,607
clean,talú,NA,607
clean,ttorofágh,NA,607
clean,úrúgifirhi,TAN,608
clean,úrúghifischiiy,NA,608
clean,yótch2,NA,608
clean,yótchangi,NA,608
clear,affata,NA,608
clear,ammataff,NA,608
clear,amataffa,NA,608
clear,asaramaaló,NA,608
clear,bwáálong,NA,608
clear,ffat2,NA,608
clear,fiigáh,TAN,608
clear,fiighas,NA,608
clear,gill1,TAN,608
clear,llaw,NA,608
clear,málimál,NA,608
clear,málitágh,NA,608
clear,máliti,NA,608
clear,metaffaló,NA,608
clear,nnaw,TAN,608
clear,sog,TAN,608
clear,sogu,TAN,609
clear,sógh,NA,609
clear,sóghuuw,NA,609
clear,ttaf,NA,609
clever,lischow,NA,609
clever,malóóti,NA,609
clever,mwááliyah,TAN,609
clever,mwááliyas,NA,609
clever,reepi1,NA,609
clever,rhúmmáng,TAN,609
cliff,alúgúppag,TAN,609
cliff,alúghúppagh,NA,609
cliff,arhaw,TAN,609
cliff,aschaw,NA,609
cliff,ingiing,NA,609
cliff,pareingiing,TAN,609
climate,kliimaa–,NA,609
climb,mwata,TAN,609
climb,mwota,NA,609
climb,téégi,TAN,609
climb,tééghi,NA,609
climb,téékkáng,NA,609
climb,téétá,NA,610
climb,téété,NA,610
climb,téétiw,NA,610
clip,suluuw,NA,610
clitoris,faitúttúl,NA,610
clitoris,fiir,NA,610
clock,riloos,NA,610
clog,pascheló,NA,610
clog,pilesagh,NA,610
close,akkarap,NA,610
close,apúngú2,NA,610
close,arap,NA,610
close,arapeto,NA,610
close,áfitipasch,NA,610
close,ppaschangáli,NA,610
close,pileey,NA,610
close,táári,NA,610
close,tti,NA,610
close,tiibwalabwal,NA,610
close,ttibwonobwon,TAN,610
close,tiimwólómwól,NA,611
close,tip,NA,611
close,ttit,NA,611
close,tiiy,NA,611
close-cropped,bwoozu,NA,611
closing,tarameiyey,NA,611
cloth,aap,NA,611
cloth,áfetágh,NA,611
cloth,móngóógh,NA,611
cloth,mwongaag,TAN,611
cloth,téér1,NA,611
cloth,úúf,NA,611
clothes,ifaif,TAN,611
clothes,ifeif,NA,611
clothes,móngóógh,NA,611
clothes,mwongaag,TAN,611
clothes,úúf,NA,611
clothing,úúf,NA,611
cloud,maalúúláng,NA,611
cloudy,lángimmóbw,NA,612
club,ghaluuti,NA,612
club,ghaluutiiy,NA,612
club,ghaluutiyangeli,NA,612
club,wirhi,TAN,612
club,wirhiwirh,TAN,612
club,wischiwisch,NA,612
club,wischiiy,NA,612
cluck,tchor,NA,612
clue,gill2,TAN,612
clue,ghikkill,NA,612
clumsy,bwaasaas,NA,612
cluster,umwu–,NA,612
coal,kkadbwun,NA,612
coast,ngaschel falúw,NA,612
coat,sóókko,NA,612
cock-fighting,gazera,NA,612
coconut,afalúútá,NA,613
coconut,appél,NA,613
coconut,appén,"TAN, LN",613
coconut,arúng,NA,613
coconut,asakk,NA,613
coconut,asakka,NA,613
coconut,atikkaay,NA,613
coconut,atillúú,NA,613
coconut,atool,NA,613
coconut,–áf,NA,613
coconut,áfi,NA,613
coconut,átikk,NA,613
coconut,átikka,NA,613
coconut,goorh,TAN,613
coconut,gurubw2,TAN,613
coconut,ghosch,NA,613
coconut,ghoosch,NA,613
coconut,ghoscheey,NA,613
coconut,ghoot,NA,613
coconut,ghoteey,NA,613
coconut,ghotoot,NA,613
coconut,ghurubw2,NA,613
coconut,ghuwáischoo,NA,614
coconut,haag,TAN,614
coconut,hoow,TAN,614
coconut,lúú,NA,614
coconut,lúúllang,NA,614
coconut,lúú mwommwosch,NA,614
coconut,lúú ppar,NA,614
coconut,lúú sóssól,NA,614
coconut,lúú tcha,NA,614
coconut,lúú wawwal,NA,614
coconut,lúúl Yaap,NA,614
coconut,mworologhoosch,NA,614
coconut,mwósooso,NA,614
coconut,ohey,TAN,614
coconut,olofa,NA,614
coconut,orh,TAN,614
coconut,oteey,TAN,614
coconut,otomarh,TAN,614
coconut,peilú,NA,614
coconut,pélúúlú,NA,614
coconut,rongol tikka,NA,614
coconut,rhoo,TAN,614
coconut,rhoofar,TAN,614
coconut,rhoolomwolomw,TAN,614
coconut,rhoonééné,TAN,614
coconut,saagh,NA,615
coconut,soow2,NA,615
coconut,schoo,NA,615
coconut,schoofar,NA,615
coconut,schooghéréghér,NA,615
coconut,schooléélé,NA,615
coconut,schoolomwolomw,NA,615
coconut,tikka2,NA,615
coconut,tilibwu,NA,615
coconut,tughumayúl,NA,615
coconut,túgúmaún,TAN,615
coconut,ubwut,NA,615
coconut,wos,NA,615
coconut,woseey,NA,615
coconut toddy,afalúútá,NA,615
coconut toddy,arhi,TAN,615
coconut toddy,atillúú,NA,615
coconut toddy,áschi,NA,615
coconut toddy,ghosch,NA,615
coconut toddy,ghoscheey,NA,615
coconut toddy,orh,TAN,615
coffee,koof,NA,616
coffin,bwóór,NA,616
coil,afitti,NA,616
coil,áfitti,NA,616
coil,heli,TAN,616
coil,llofit,TAN,616
coil,lofitiló,TAN,616
coil,lufit,NA,616
coil,lufitiló,NA,616
coil,sáli,NA,616
coin,faay2,TAN,616
cold,ffooy,NA,616
cold,ffooy lap,NA,616
cold,ghúliffooy,NA,616
cold,mesenipig,TAN,616
cold,patapat,NA,616
cold,patapata–,NA,616
collar,kueezu,NA,616
collarbone,lifaimókk,NA,616
collarbone,lifaimwóg,TAN,617
collect,úrúgi,TAN,617
collect,úrúghú,NA,617
collect,yéélú,NA,617
collect,yéénú,TAN,617
color,alúl,NA,617
color,anún,TAN,617
color,araw,NA,617
color,arawaraw,NA,617
color,bwerh,TAN,617
color,bwerhebwerh,TAN,617
color,bwesch1,NA,617
color,bweschebwesch,NA,617
color,dótchól,TAN,617
color,kkulood,NA,617
color,ligi–,TAN,617
color,lighi–,NA,617
color,lighiyaraw,NA,617
color,ngus2,NA,617
color,nguus,NA,617
color,óngeyóng,NA,617
color,pappar,NA,617
color,par1,NA,617
color,parapar,NA,617
color,penta,NA,618
color,rangarang,NA,618
color,rhól,TAN,618
color,rhólippwung,TAN,618
color,schóleppwung,NA,618
color,schótchól,NA,618
color,tchókolóóti,NA,618
color,yóleyól,NA,618
coma,átchilimá,NA,618
comatose,átch,NA,618
comb,kkéréél schiimw,NA,618
comb,mwétetteril pááni,NA,618
comb,olal malúgh,NA,618
comb,pááini,NA,618
comb,peeini,NA,618
come,bwalesefáálito,NA,618
come,hafáál,TAN,618
come,hap,TAN,618
come,mweteto,NA,618
come,sáp,NA,618
come,sápeló-sápeto,NA,618
come,sápeto,NA,618
come,sefáál,NA,618
come,too–,NA,619
come,tooló,NA,619
come,tooto,NA,619
come,wareto,NA,619
comfort,rhipeey,TAN,619
comfort,schipeey,NA,619
command,afala,NA,619
command,akkúnééy,TAN,619
comment,fóóh,TAN,619
comment,fóós,NA,619
community,schóó,NA,619
community,téél,NA,619
community,téén,TAN,619
community house,Falamóghut,NA,619
community house,Falasow,NA,619
community house,Falatóghuu,NA,619
community house,Falawel,NA,619
community house,Ligh’ar,NA,619
community house,Luughal,NA,620
community house,utt,NA,620
community house,Luughal,NA,620
community house,Falatóghuu,NA,620
community house,Falawel,NA,620
community house,Falamóghut,NA,620
community house,Falasow,NA,620
companion,kompaniiya,NA,620
companion,mwin,TAN,620
companion,rheena–,TAN,620
companion,rh33nuwa,TAN,620
companion,scheela–,NA,620
companion,sch33luwa,NA,620
company,kaisa,NA,620
company,kompaniiya,NA,620
company,rheena–,TAN,620
company,scheela–,NA,620
comparative,s1ngi2,NA,620
comparative suffix,–l32,NA,620
compass d,peighilong,NA,620
compass direction,peighit1,NA,620
compass direction,peighitiw,NA,620
compass direction,peigh3wow,NA,620
compete,aluule,NA,621
compete,áingiing,NA,621
compete,ássáág,TAN,621
compete,tilikkáng,NA,621
compete,tilikkeng,TAN,621
competition,lighákkirim,NA,621
complement,áffetágh,NA,621
complement,fischingeli,NA,621
complementizer,aa-,NA,621
complementizer,bwe1,NA,621
complementizer,le,NA,621
complete,abwung,NA,621
complete,amwútchúw,NA,621
complete,atakkaaló,NA,621
complete,ghów,NA,621
complete,takk,NA,622
complete,ulus,NA,622
complete,unuh,TAN,622
completed action,–a1,NA,622
completed action,–ló4,NA,622
complexion,ghilifaitcha,NA,622
composition,féérúl,NA,622
conceal,léghélégh1,NA,622
conceal,mólóló,NA,622
conceal,négénég,TAN,622
conceited,alángeláng,NA,622
concentrate,etcheló,NA,622
concentrate,obra,NA,622
concentrate,otcholó,TAN,622
concentrate,tapélégh,NA,622
concern,ailangiiy,NA,623
concern,ailengiiy,TAN,623
concern,aisus,NA,623
concern,tipeetchow,TAN,623
concern,tipetchów,NA,623
conch,hawi,TAN,623
conch,sawi,NA,623
conference,mwiisch,NA,623
confuse,arughuló,NA,623
confuse,arughuuló,NA,623
confuse,atóghuluuw,NA,623
confuse,fitighoogho,NA,623
confuse,fitiráárá,NA,623
confuse,mwááliyál,NA,623
confuse,rug,TAN,623
confuse,ruguppin,TAN,623
confuse,rugh,NA,623
confuse,rughuppil,NA,623
confuse,tafaráárá,TAN,623
congested,ngút,NA,624
Congress,konggreeso,NA,624
conjunction,bwe2,NA,624
conjunction,bwe3,NA,624
conjunction,nge1,NA,624
conjunction,nge2,NA,624
conjunctivitis,ligáng,TAN,624
conjunctivitis,ligháng,NA,624
conquer,liyapeli,NA,624
conquer,liyapeni,TAN,624
consider,rághiiy,NA,624
consider,regi,TAN,624
consideration,ammóóy,NA,624
console,rhipeey,TAN,624
console,schipeey,NA,624
constellation,Bwuubw,NA,625
constellation,Elúwel,NA,625
constellation,Ghúúw,NA,625
constellation,Maserúw,NA,625
constellation,Mwáárighár,NA,625
constellation,Paay Efeng,NA,625
constellation,Paay Yéér,NA,625
constellation,Sápi,NA,625
constellation,Schoow,NA,625
constellation,Úkkúniigh,NA,625
constellation,Wenewenuubw,NA,625
construct,feta1,NA,625
construction,kkayú1,NA,625
construct suffix,–l1,NA,625
construct suffix,–l2,NA,625
consume,arosa,NA,625
consume,doflogui,NA,625
consume,mammááli,NA,625
consume,tátchú,NA,625
consume,úl,NA,625
consume,ún,TAN,626
contain,léélé,NA,626
container,ataw,NA,626
container,laata,NA,626
container,leeliy,NA,626
container,lóóta,TAN,626
container,–pé,NA,626
container,péér,NA,626
container,ttuubwu,NA,626
content,gúnammwey,TAN,626
contents,auto–,NA,626
contest,áingiing,NA,626
continue,hóbweey,TAN,626
continue,hóbweeytá,TAN,626
continue,sóbweey,NA,626
continue,sóbweeytá,NA,626
continuous,kke,NA,626
contract,ppwol1,NA,627
contradict,kontura,NA,627
contribution,ttubw2,NA,627
control,gééli,TAN,627
control,ghééli,NA,627
control,lemelem,NA,627
control,nemenem,LN,627
conversation,alo2,NA,627
conversation,mwáliya–,NA,627
conversation,rholl,TAN,627
conversation,school,NA,627
converse,mwáliili,NA,627
convict,schóól kalabwos,NA,627
convict tang,limáll,NA,627
convince,alúghúúw,NA,628
convolvulus,arabwal,NA,628
convulsion,alitchinemá,TAN,628
convulsion,awarawar,NA,628
convulsion,detcheló,TAN,628
convulsion,látchilemá,NA,628
convulsion,látchinemá,LN,628
convulsion,schetcheló,NA,628
cook,amwoot,NA,628
cook,amwoota,NA,628
cook,áibwet,NA,628
cook,mwoot,NA,628
cook,mwoottiw,NA,628
cook,rawa1,NA,628
cook,tughúyáf,NA,628
cook,túgúyef,TAN,628
cook,umwuli,NA,628
cooking,abwerhi,TAN,628
cooking,abweschi,NA,628
cooking,amwoot,NA,629
cooking,appwesch,NA,629
cooking,arú1,TAN,629
cooking,arúw,NA,629
cooking,árengiiy,NA,629
cooking,áriti,NA,629
cooking,falang,NA,629
cooking,schúúrú,NA,629
cooking,tchibw,NA,629
cooking,woghowogh,NA,629
cool,apata,NA,629
cool,apatapat,NA,629
cool,apatapata,NA,629
cool,metch,NA,629
cool,pat,NA,629
cool,patakkisch,NA,629
cool,patapata–,NA,629
cool,rhigar1,TAN,629
cool,schighar1,NA,629
copra,ahakk,TAN,629
copra,ahakka,TAN,629
copra,asakk,NA,629
copra,asakka,NA,629
copra,ateeyi,NA,630
copra,atikkaay,NA,630
copra,átikk,NA,630
copra,átikka,NA,630
copra,mwasooso,NA,630
copra,mwósooso,NA,630
copra,rhoo,TAN,630
copra,rhoofar,TAN,630
copra,schoo,NA,630
copra,schoofar,NA,630
copra,–tikk,NA,630
copulate,hoolá,TAN,630
copulate,meleeya,NA,630
copulate,soolá,NA,630
copy,apúrúmaaw,TAN,630
copy,awoowo,NA,630
copy,awoowoongi,NA,630
copy,tabwemaaw,NA,630
coral,eengi1,NA,631
coral,fayúpar,NA,631
coral,yáál2,NA,631
core,faar,NA,631
core,faral mangga,NA,631
core,faral mááy,NA,631
core,rhááp,TAN,631
core,rhepin fanú,TAN,631
core,schááp,NA,631
core,schepil falúw,NA,631
core,schúúlap,NA,631
corn,meis,NA,631
cornet,kunneeta,NA,631
Corona Borealis,Schoow,NA,631
corporal punishment,loulow,NA,631
corpse,malemá,NA,631
correct,awela,NA,631
correct,awelawela,NA,631
correct,awena,TAN,632
correct,awenewena,TAN,632
correct,bwung,NA,632
correct,ellet,NA,632
correct,elleta–,NA,632
correct,fil,NA,632
correct,mila,NA,632
correct,m3ll3,NA,632
correct,wel,NA,632
correct,welil3,NA,632
correct,wen,TAN,632
correct,wenel3,TAN,632
correct,wenewen,TAN,632
correct,wetig,TAN,632
correct,wetigh,NA,632
correctness,welewel,NA,632
Corvus,Sarobw9l,NA,632
cost,m99-,NA,632
cot,kaatiri,NA,632
cough,1schit11,NA,632
cough,llaw,NA,632
cough,nnaw,TAN,633
counsel,félééw,NA,633
counsel,ffén,"TAN, LN",633
counsel,fénééy,TAN,633
counsel,houffén,TAN,633
counsel,souffél,NA,633
count,páángi,NA,633
count,páápá,NA,633
counting,eel2,NA,633
counting,eet,NA,633
counting,eew,NA,633
counting,fáál1,NA,633
counting,fáán,"TAN, LN",633
counting,fiis,NA,633
counting,heig,TAN,633
counting,liim,NA,633
counting,ool,NA,633
counting,oon,"TAN, LN",633
counting,rúúw,NA,633
counting,seigh,NA,634
counting,tiiw1,NA,634
counting,waal,NA,634
counting classifier,–áf,NA,634
counting classifier,–bwi,NA,634
counting classifier,–bwong,NA,634
counting classifier,–bwúgú,TAN,634
counting classifier,–bwúghúw,NA,634
counting classifier,–ffaat,NA,634
counting classifier,–fay,NA,634
counting classifier,–fórh,TAN,634
counting classifier,–fósch,NA,634
counting classifier,–gumw,TAN,634
counting classifier,–gumwurh,TAN,634
counting classifier,–ghat,NA,634
counting classifier,–ghit,NA,634
counting classifier,–ghumw,NA,634
counting classifier,–ghumwusch,NA,634
counting classifier,–ghup,NA,634
counting classifier,–ghus,NA,634
counting classifier,–hatta,TAN,634
counting classifier,–hóbw2,TAN,635
counting classifier,–ig,TAN,635
counting classifier,–igh,NA,635
counting classifier,–l4,NA,635
counting classifier,–lé,NA,635
counting classifier,–mal,NA,635
counting classifier,–metch,TAN,635
counting classifier,–mwalú,NA,635
counting classifier,–mwu,NA,635
counting classifier,–mwusch,NA,635
counting classifier,–ngaf,NA,635
counting classifier,–ngaras,NA,635
counting classifier,–ngéréw,NA,635
counting classifier,–osálil,TAN,635
counting classifier,–pa,NA,635
counting classifier,–pagh,NA,635
counting classifier,–pay,NA,635
counting classifier,–peigh,NA,635
counting classifier,–pé,NA,635
counting classifier,–pélégh,NA,635
counting classifier,–pów,NA,635
counting classifier,–púngút,NA,635
counting classifier,–ppwaay,NA,635
counting classifier,–rál,NA,636
counting classifier,–rhay,TAN,636
counting classifier,–rhé,TAN,636
counting classifier,–rhúg,TAN,636
counting classifier,sátil,NA,636
counting classifier,–sset,NA,636
counting classifier,–sóbw1,NA,636
counting classifier,–scháy,NA,636
counting classifier,–sché,NA,636
counting classifier,–schúgh,NA,636
counting classifier,–tikk,NA,636
counting classifier,–tiloubw,NA,636
counting classifier,–tip,NA,636
counting classifier,–túgh,NA,636
counting classifier,–umw,NA,636
counting classifier,–yang,NA,636
counting classifier,–yál,NA,636
counting classifier,–yis,NA,636
counting classifier,–yút,NA,636
country,falúw,NA,636
courage,apagarho,TAN,637
courage,bwura2,NA,637
courage,melat,NA,637
court,kotti,NA,637
courthouse,kotti,NA,637
cousin,mwengeya–,NA,637
cousin,mwengeyal,NA,637
cousin,mwengeyal,NA,637
cousin,priima,NA,637
cousin,priimo,NA,637
covenant,abwungobwung,NA,637
covenant,ppwol1,NA,637
cover,amwóláátá,NA,637
cover,arhap,TAN,637
cover,aschap,NA,637
cover,auhuuppwal,TAN,637
cover,bwalabwal,NA,637
cover,bwalú,TAN,637
cover,bwalúw,NA,637
cover,ireey,NA,637
cover,lufitippwaliló,NA,638
cover,mólóló,NA,638
cover,óus,NA,638
cover,óusey,NA,638
cover,papparúng,NA,638
cover,pasch2,NA,638
cover,pileey,NA,638
cover,pilipil2,NA,638
cover,pilipilil tiliighi,NA,638
cover,tiimwólómwól,NA,638
covet,mwescheleeti,NA,638
covet,mwescheleyá,NA,638
cow,wakke,NA,638
coward,liweeta,NA,638
coward,mesaghata,NA,638
coward,niweeta,TAN,638
cowardly,danngi,NA,638
cowardly,lúwta,NA,638
cowlick,mwuliino2,NA,638
cowry,bwiil1,NA,639
crab,alimong,NA,639
crab,arig,TAN,639
crab,arigh,NA,639
crab,áff,NA,639
crab,ápárá,NA,639
crab,lighámiiyásch,NA,639
crab,róghumw,NA,639
crab,umwál,NA,639
crab-hunting,aro,NA,639
crack,asangúrr,NA,639
crack,fónso,NA,639
crack,fónsooli,NA,639
crack,mwákk,NA,639
crack,ohey,TAN,639
crack,rip,NA,639
crack,ripirip,NA,639
crack,serághékkiló,NA,639
crack,tching,NA,639
crack,wetil,NA,639
crack,witil,TAN,639
crack,woseey,NA,640
crack,yáál1,NA,640
cradle,kuuna,NA,640
cramp,téréghé,NA,640
crash,filiwóh,TAN,640
crash,filiwós,NA,640
crash,kkuraas,NA,640
crash,magalagal,TAN,640
crash,maghalaghal,NA,640
crawl,tangúrúlong,NA,640
crawl,ttellów,NA,640
crawl,té,NA,640
crawl,tégérég,TAN,640
crawl,téghéréégh,NA,640
crawl,tééllaw,TAN,640
crawling creature,malúté,NA,640
crayon,kkureeyong,NA,640
crazy,hókkobwurh,TAN,641
crazy,malammang,NA,641
crazy,mmang,NA,641
crazy,memmanga–,NA,641
cream,yóleyól,NA,641
creamy,ppwil1,NA,641
crease,limág,TAN,641
create,ayorátá,NA,641
create,ayoráátá,NA,641
create,féérú,NA,641
creature,maal1,NA,641
creature,malúl falúw,NA,641
creature,malúl sáát,NA,641
creature,malúté,NA,641
creature,malúyáliyál,NA,641
creek,saschúgh,NA,641
crest,weirhug,TAN,641
crest,weischugh,NA,641
crevalle,bweyah,TAN,642
crevice,wów,NA,642
crew,fita2,NA,642
crib,kuuna,NA,642
crisis,schighar1,NA,642
crock,tiina,NA,642
crocodile,aligitór,TAN,642
crocodile,kaimaan,NA,642
crooked,ppwór,NA,642
crooked,tawiliwil,NA,642
cross,kkuruus,NA,642
crouch,llofit,TAN,642
crouch,lufit,NA,642
crow,gékké,TAN,642
crow,ghékké,NA,642
crow,kkékké,NA,642
crowbar,bwaaru,NA,643
crowbar,bwérúbwér,NA,643
crowd,óschuulap,NA,643
crowd,toulap,NA,643
crowd,wórhuulap,TAN,643
crowded,tamanngaw,NA,643
crucial,debi,NA,643
crumble,bwotobwot,NA,643
crumple,magalagal,TAN,643
crumple,maghalaghal,NA,643
crunch,assangér,TAN,643
crunch,assangúr,NA,643
crunchy,sangurungur,NA,643
cry,heng,TAN,643
cry,hengiheng,TAN,643
cry,hengiiti,TAN,643
cry,nngáá-,NA,644
cry,ngánngá,NA,644
cry,nginngi,NA,644
cry,sáng,NA,644
cry,sángisáng,NA,644
cry,sángiiti,NA,644
cubit,–mwalú,NA,644
cucumber,gúúngár,TAN,644
cucumber,ghúúngar,NA,644
cudgel,ghaluuti,NA,644
cup,taasa,NA,644
cure,amalawa,NA,644
cure,rhigar1,TAN,644
curious,mwescheleyá,NA,644
curly,schimwérúúrú,NA,644
curly,schimmwulóótu,NA,644
curse,affayil,NA,644
curse,agheta,NA,645
curse,gát,TAN,645
curse,goh,TAN,645
curse,ghos,NA,645
curse,houngeni,TAN,645
curse,soungeli,NA,645
curse,sousow,NA,645
curtain,kuttiina,NA,645
custard apple,anoonas,NA,645
customs,aweeweel,NA,645
customs,aweeween,"TAN, LN",645
customs,gokk,TAN,645
customs,kko,NA,645
cut,afalafal,NA,645
cut,afalúw,NA,645
cut,aginaha,TAN,645
cut,aghilasa,NA,645
cut,alááh,TAN,645
cut,atikkaay,NA,645
cut,áláás,NA,645
cut,ásáttipa,NA,646
cut,eyi,TAN,646
cut,fala,NA,646
cut,falafal1,NA,646
cut,falafal2,NA,646
cut,ffirh3,TAN,646
cut,ffisch4,NA,646
cut,fischi1,NA,646
cut,ginah,TAN,646
cut,gop,TAN,646
cut,gopiiy,TAN,646
cut,gopogop,TAN,646
cut,ghilas,NA,646
cut,ghop,NA,646
cut,ghopoghop,NA,646
cut,ghosch,NA,646
cut,ghoscheey,NA,646
cut,ghupikkitiiy,NA,646
cut,ghupiiy,NA,646
cut,ghúrú1,NA,646
cut,húgú,TAN,646
cut,isiiy,NA,647
cut,ohey,TAN,647
cut,orh,TAN,647
cut,pagh,NA,647
cut,paghúló,NA,647
cut,paghúpagh1,NA,647
cut,paghúpagh2,NA,647
cut,paghúúto,NA,647
cut,paghúw,NA,647
cut,pikka,NA,647
cut,pikkakkiti,NA,647
cut,reikkiti,TAN,647
cut,reirey,TAN,647
cut,reey1,NA,647
cut,suluuw,NA,647
cut,súghúw,NA,647
cut,tilingi,NA,647
cut,tilúw,NA,647
cut,tiiw2,NA,647
cut,tiwey,NA,647
cut,túlú,TAN,647
cut,ulekkiti,NA,648
cut,uleey,NA,648
cut,uloul,NA,648
cut,wos,NA,648
cut,woseey,NA,648
cut a trail,sogu,TAN,648
cut a trail,sóghuuw,NA,648
cute,lling,NA,648
cute,ris,NA,648
cuttlefish,ngúút,NA,648
cuttlefish,roongaf,NA,648
cycad,faadang,NA,648
d,peighilong,NA,649
daikon,daikon,NA,649
damage,abwutaga,TAN,649
damage,anngawa,NA,649
damage,átchigha,NA,649
damage,taroppw,NA,649
dampen,atchúghú,NA,649
dance,appéngágh,NA,649
dance,bwaaila,NA,649
dance,bwarúg,TAN,649
dance,bwarúgh,NA,649
dance,bwaay2,NA,649
dance,ellegh,NA,649
dance,gurugur3,TAN,649
dance,maal3,NA,649
dance,maas3,NA,649
dance,mwoo–2,NA,649
dance,paito,NA,649
dance,ppwó,NA,650
dance,til,NA,650
dance,ur,NA,650
dance,werhúúrá,TAN,650
dance,wischiirá,NA,650
dancer,soubweila,NA,650
dangle,ahailúúy,TAN,650
dangle,assayúlúw,NA,650
dangle,sayúlúúl,NA,650
dare,abweebwe,NA,650
dare,agila1,TAN,650
dare,aghila,NA,650
dare,tatsiiy,NA,650
daring,masatchemaaw,NA,650
dark,lirhól,TAN,650
dark,lischól,NA,650
dark,rorh,TAN,650
dark,rosch,NA,650
dark,roschoppwung,NA,650
dark,rhól,TAN,650
dark,rhóletá,TAN,651
dark,rhólippwung,TAN,651
dark,schól,NA,651
dark,schóletá,NA,651
darling,korasoon,NA,651
darling,mwoowesch,NA,651
date of birth,ráálil ubwutiw,NA,651
date of birth,ráánin obwutiw,TAN,651
date of birth,ubwutuwa–,NA,651
daughter,liye–,NA,651
daughter,welemas1,NA,651
daughter,wenemas1,TAN,651
dawn,winimmweiráán,TAN,651
day,leeráál,NA,651
day,leeráán,TAN,651
day,–rál,NA,651
day,ráál,NA,651
day,ráálil makk,NA,651
day,ráálil maram,NA,651
day,ráálitá,NA,651
day,ráán,"TAN, LN",651
day after tomorrow,sópúlaan,NA,652
daydream,áliyál1,NA,652
daydream,harappwang,TAN,652
daydream,hóróhór,TAN,652
daydream,sóroppwang,NA,652
daydream,sórósór,NA,652
daydream,welemas2,NA,652
daydream,wenemas2,TAN,652
day of the week,Bennis,NA,652
day of the week,Guubwul,TAN,652
day of the week,Ghuubwul,NA,652
day of the week,Luunis,NA,652
day of the week,Metkulis,NA,652
day of the week,Mwattis,NA,652
day of the week,Sóóbwal,NA,652
day of the week,Weipis,NA,652
daytime,leeráál,NA,652
daytime,leeráán,TAN,652
daytime,ráál,NA,652
daytime,ráán,"TAN, LN",652
dead,amáámááy,NA,653
dead,hootubw,TAN,653
dead,malemá,NA,653
dead,má1,NA,653
dead,ppwunguló,NA,653
dead,sootubw,NA,653
deaf,ppwung,NA,653
deaf,rongotchów,NA,653
deaf,sálingappwúng,NA,653
deaf,selingapasch,NA,653
deaf,tannga,NA,653
dear,mwoowesch,NA,653
death,amááy,NA,653
death,átchilimá,NA,653
death,máá,NA,653
death,peighimá,NA,653
death chant,ammair,TAN,653
death chant,ammayúr,NA,654
death throes,átchilimá,NA,654
debate,rághiiy,NA,654
debate,regi,TAN,654
debt,diibi,NA,654
debt,mwolofit,NA,654
decay,bwey,NA,654
decay,bwoomarh,TAN,654
decay,bwoomasch,NA,654
decay,mar1,NA,654
decay,paw,NA,654
deceased,soomá,NA,654
deceive,abwuschuw,NA,654
deceive,tubw2,NA,654
December,Disembre,NA,654
decide,tipeew,TAN,654
decide,tipiyew,NA,654
decorate,álimelim,NA,655
decorate,féuta,NA,655
decorate,fouta,TAN,655
dedication,óssootubw,NA,655
deep,amwo,NA,655
deep,amwooy,NA,655
deep,ligi–,TAN,655
deep,lighi–,NA,655
deep,lóllóól,NA,655
deep,mangútchaw,NA,655
deer,melóósch,NA,655
deface,mwákk,NA,655
defeat,ganna,NA,655
defeat,kkuf,NA,655
defeat,liyapeli,NA,655
defeat,liyapeni,TAN,655
defecate,alloow,NA,655
defecate,appelló,NA,655
defecate,bwot,NA,656
defecate,fallighet,NA,656
defecate,féll,NA,656
defecate,kkus,NA,656
defecate,lipaapa1,NA,656
defecate,pa,NA,656
defecate,pááti,NA,656
defecate,rhigar2,TAN,656
defecate,schighar2,NA,656
defecate,tiwáágh,NA,656
defecate,wáási3,NA,656
defend,pileey,NA,656
deference,awóóy,NA,656
definitely,mal,NA,656
definitely,man,TAN,656
delicious,llé,NA,656
delicious,nné,TAN,656
delicious,ppwil1,NA,656
deliver,amakkúúw,NA,657
deliver,makk2,NA,657
deliver,malawaló,NA,657
Delphinus,Sápi,NA,657
demolish,taroppw,NA,657
demonstrate,abwáári,NA,657
demonstrative,–fa,NA,657
demonstrative,ifa,NA,657
demonstrative,igha2,NA,657
demonstrative,ighaal,NA,657
demonstrative,igheey,NA,657
demonstrative,ighila1,NA,657
demonstrative,ighilaal,NA,657
demonstrative,ighimwu,NA,657
demonstrative,ighimwuul,NA,657
demonstrative,ighiwe,NA,657
demonstrative,ikkaal,NA,657
demonstrative,ikkááy,NA,657
demonstrative,ikkefa,NA,657
demonstrative,ikkela,NA,657
demonstrative,ikkelaal,NA,658
demonstrative,ikkemwu,NA,658
demonstrative,ikkemwuul,NA,658
demonstrative,ikkewe,NA,658
demonstrative,ila2,NA,658
demonstrative,ilaal,NA,658
demonstrative,imwu,NA,658
demonstrative,imwuul,NA,658
demonstrative,imwuun,TAN,658
demonstrative,ina,TAN,658
demonstrative,inaan,TAN,658
demonstrative,iwe1,NA,658
demonstrative,iye1,NA,658
demonstrative,iyeel,NA,658
demonstrative,iyeen,TAN,658
demonstrative,iyeey,NA,658
demonstrative,kka–,NA,658
demonstrative,kkaal,NA,658
demonstrative,kkaan,TAN,658
demonstrative,kkana,TAN,658
demonstrative,kkanaan,TAN,658
demonstrative,kkela,NA,658
demonstrative,kkelaal,NA,658
demonstrative,kkemwu,NA,659
demonstrative,kkemwuul,NA,659
demonstrative,kkewe,NA,659
demonstrative,kkeey,NA,659
demonstrative,–l3,NA,659
demonstrative,la,NA,659
demonstrative,laal2,NA,659
demonstrative,mwu,NA,659
demonstrative,mwuul1,NA,659
demonstrative,na,"TAN, LN",659
demonstrative,naan2,NA,659
demonstrative,we,NA,659
demonstrative,ye,NA,659
demonstrative,yeel1,NA,659
dent,mw1kk,NA,659
depart,l3,NA,659
depart,mwetel3,NA,659
depart,righil3,NA,659
depart,soul3,NA,659
depart,s44sef1ng,NA,659
departure,mwetel3,NA,659
depend,lúgú,TAN,660
depend,lúghúúw,NA,660
deplete,ros,NA,660
depth,yááli–,NA,660
descend,ubwutiw,NA,660
deserted,órof,NA,660
desiccate,ppwas,NA,660
desire,amwólla,NA,660
desire,mweschel,NA,660
desire,mwescheleeti,NA,660
desire,mwóll,NA,660
desire,mwólleeti,NA,660
desire,mwónn,TAN,660
desire,tiip2,NA,660
desire,tipáli,NA,660
desire,tipeni,TAN,660
despair,lirhippúng,TAN,660
despair,lischippúng,NA,660
despite,bwete,NA,661
dessert,likkamwurhumwurh,TAN,661
dessert,likkamwuschumwusch,NA,661
dessert,scheel,NA,661
destination,tool2,NA,661
destroy,ailas,NA,661
destroy,ataay,NA,661
destroy,ffeir,NA,661
detain,mwasch,NA,661
devastate,ailas,NA,661
devastate,ataay,NA,661
diabetes,mám2,NA,661
diagnose,aghila,NA,661
diagnose,akkagil,TAN,661
diagnose,bweeli,NA,661
diagnosis,akkaghil,NA,661
diagnosis,bwee,NA,661
dialect,Elle,NA,662
dialect,Elle–Enne,NA,662
dialect,Enne,NA,662
dialect,ngiingi,NA,662
diaper,aap,NA,662
diaper,panyóólis,NA,662
diaper,tuppw,NA,662
diaper,úúp2,NA,662
diarrhea,sitch,NA,662
diarrhea,ssúg1,TAN,662
diarrhea,ssúgh,NA,662
diarrhea,ssúghúparas,NA,662
dice,dais,NA,662
dictionary,diksionariyo,NA,663
dictionary,ókkóttong,NA,663
die,átch,NA,663
die,má1,NA,663
die,máá unuh,TAN,663
die,rhif,TAN,663
die,schif,NA,663
die,wós,NA,663
diesel,diiso,NA,663
difficult,appett,NA,663
difficult,awweireh,TAN,663
difficult,awweires,NA,663
difficult,aweirisi,NA,663
difficult,áppetti,NA,663
difficult,wáires,NA,663
difficult,weireh,TAN,663
difficulty,allew,NA,663
dig,ghelingi,NA,663
dig,kkel,NA,663
dig,kkelingi,NA,664
digit,ayútt,NA,664
dim,ppwóól,NA,664
dinner,áfááf,NA,664
dinner,fááf,NA,664
dinner,seena,NA,664
dip,arhiirhi,TAN,664
dip,aschiischi1,NA,664
dip,ághikk,NA,664
dip,ifi,NA,664
dip,ifiiy,NA,664
dip,schooghi,NA,664
direct,afal,NA,664
direct,afala,NA,664
direct,afalafal1,NA,664
direct,akkulééw,NA,664
direct,akkúnééy,TAN,664
direction,efáng,NA,664
direction,éér,NA,664
direction,hoo–1,TAN,664
direction,peigh,NA,665
direction,peighitá,NA,665
direction,peighitiw,NA,665
direction,peighúwow,NA,665
directional suffix,–lo,NA,665
directional suffix,–long,NA,665
directional suffix,–ló3,NA,665
directional suffix,–tá,NA,665
directional suffix,–tiw,NA,665
directional suffix,–to,NA,665
directional suffix,–wow,NA,665
dirt,ppwel,NA,665
dirty,appwelú,NA,665
dirty,appwúlúúpaay,NA,665
dirty,limbwutag,TAN,665
dirty,limenngaw,NA,665
dirty,lippwel,NA,665
disagree,allew,NA,665
disagree,áschitá2,NA,665
disagree,tiperáárá,NA,666
disappear,mwólóló,NA,666
disappear,mwónóló,TAN,666
disappear,tilimwóuluul,NA,666
disappear,tol,NA,666
disappear,tololó,NA,666
disapproval,álifesch,NA,666
disbelieve,lúghútchów,NA,666
discard,ghitaló,NA,666
discard,milákkáscheló,NA,666
discharge,alipalip,NA,666
discharge,ataaló,NA,666
discharge,fallaló,NA,666
discharge,guh,TAN,666
discharge,ghus,NA,667
discover,rhuungi,TAN,667
discover,schuungi,NA,667
disease,gooh2,TAN,667
disguise,weleghi,NA,667
disgust,lirh,TAN,667
disgust,lirhippúng,TAN,667
disgust,lisch,NA,667
disgust,lischippúng,NA,667
disgust,lloow,NA,667
dish,platiito,NA,667
dish,pulóto,NA,667
disjointed,bwulihág,TAN,667
disjointed,bwuliságh,NA,667
dislike,abwuta,NA,667
dislike,afaiyabwut,NA,667
dislike,affeiyabwut,TAN,668
dislike,akkabwut,NA,668
dislike,kkóbwut,NA,668
dislocate,bwulihág,TAN,668
dislocate,bwuliságh,NA,668
dismay,wet,NA,668
disobedient,tchúgúl,TAN,668
disobedient,tchúghúl,NA,668
disobey,sálingammasch,NA,668
disobey,tarey,TAN,668
disobey,tóreey2,NA,668
disobey,tchemaaw,NA,668
disorder,arughuuló,NA,668
disorderly,tarabwuka,NA,668
disoriented,bwulaas,NA,668
disoriented,righ2,NA,668
disoriented,rug,TAN,668
disoriented,rugh,NA,668
disparage,ngúhúri,TAN,669
disperse,maghal,NA,669
display,bwáári,NA,669
displeasure,ahunguhung,TAN,669
displeasure,asúngúsúng,NA,669
dispute,fitighoogho,NA,669
disregard,atara,NA,669
disregard,atolleyinúlúnnat,TAN,669
disregard,lúgúhoolapey,TAN,669
disregard,rongoiyá,NA,669
disregard,ttór,NA,669
disrespectful,aalleew,NA,669
disrespectful,atchofáhá,TAN,669
disrespectful,atchofesá,NA,669
disrespectful,faihoolap,TAN,670
disrespectful,faisoolap,NA,670
disrespectful,soolap,NA,670
distance,taawal,NA,670
distance,taawan,TAN,670
distance,tool2,NA,670
distant,taaw,NA,670
distant,tilimwóuluul,NA,670
distant,tolomarhúgúrhúg,TAN,670
distaste,kkóbwut,NA,670
distend,tiyakk,NA,670
distort,arughuuló,NA,670
distort,weleghi,NA,670
distract,abwurha,TAN,670
distract,abwurhubwurh,TAN,670
distract,abwuschubwusch,NA,670
distract,abwuschuw,NA,671
distribute,aineti,"TAN, LN",671
distribute,áilet,NA,671
distribute,áileti,NA,671
distribute,ileti,NA,671
distribute,ineti,TAN,671
distribute,patti,NA,671
distrust,lúghútchów,NA,671
disturb,filimwááng,NA,671
dive,tu,NA,671
dive,túúfi,NA,671
diver,maleppeigh,NA,671
divide,ahattaló,TAN,671
divide,ainet,TAN,671
divide,asettila,NA,671
divide,asettileló,NA,671
divide,áilet,NA,671
divide,áileti,NA,672
divide,bweibwey2,NA,672
divide,bweiti,NA,672
divide,ilet,NA,672
divide,ileti,NA,672
divide,inet1,TAN,672
divide,inet2,"TAN, LN",672
divide,ineti,TAN,672
divine,bweey1,NA,672
division,ilet,NA,672
division,inet1,TAN,672
divorce,ákkáscheló,NA,672
divorce,dibwusiya,NA,672
dizzy,bwulaas,NA,672
dizzy,mwááliyál,NA,672
dizzy,mwólughulugh1,NA,672
do,amina,TAN,672
do,ammóóy,NA,672
do,fféér,NA,672
do,féérú,NA,672
do,féérúsefááliy,NA,673
do,mila,NA,673
do,milifengel,NA,673
dock,pantalaan,NA,673
doctor,dokto,NA,673
doctor,houhafey,TAN,673
doctor,sóusáfey,NA,673
doctrine,aweeweel,NA,673
doctrine,aweeween,"TAN, LN",673
dodder,tiigh,NA,673
doesn’t it,óóbwo,NA,673
dog,gulaag,TAN,673
dog,ghulóógh,NA,673
doll,liyoos,TAN,673
doll,mwunyeeka,NA,673
dollar,dóóla,NA,673
dolphin,sapór,NA,674
domestic animal,malefighir,NA,674
dominant,scho,NA,674
dominate,liyapeli,NA,674
dominate,liyapeni,TAN,674
done,ghów,NA,674
Don Juan,fang2,NA,674
Don Juan,mwáálesol,NA,674
donkey,bwuliiko,NA,674
don’t,–te,NA,674
door,aham,TAN,674
door,asam,NA,674
door,pilipilil asam,NA,674
doorway,aham,TAN,674
doorway,asam,NA,674
dot,pwunto,NA,674
double,doble,NA,675
doubt,duuda,NA,675
doubt,rúarú,NA,675
doughnut,doonats,NA,675
down,áirúútiw,NA,675
down,mwoo–,NA,675
down,téétiw,NA,675
down,–tiw,NA,675
down,tubw,NA,675
downwind,lóóbwut,NA,675
downwind,–tiw,NA,675
drag,sefángi,NA,675
drag,tangúr,NA,675
drag,tangúrú,NA,675
drag,tangúrúlong,NA,675
drag,túrúpa,NA,675
drag,úrú,NA,675
drag,úrútúpa,NA,675
dragonfly,oschááp,NA,675
drain,guh,TAN,676
drain,ghus,NA,676
draw,mákk1,NA,676
draw,mákkeey,NA,676
draw,zungwa,NA,676
drawing,penta,NA,676
drawing,zungwa,NA,676
dream,ttal,NA,676
dregs,gitan,TAN,676
dregs,ghital,NA,676
dress,aiféifa,NA,676
dress,álimelim,NA,676
dress,féuta,NA,676
dress,fouta,TAN,676
dress,mómmóngóógh,NA,676
dress,siliila,NA,676
dribble,ssúr,NA,676
drift,maal2,NA,676
drift,maan2,"TAN, LN",677
drift,pass,NA,677
driftwood,apeipey1,NA,677
driftwood,peipey1,NA,677
drill,bwisighi,NA,677
drill,bwuraaló,NA,677
drill,ngatangat,NA,677
drill,ngatáli,NA,677
drink,appal,NA,677
drink,appala,NA,677
drink,apeew2,NA,677
drink,apééwló,NA,677
drink,doflogui,NA,677
drink,mwalú-,NA,677
drink,mwour,NA,677
drink,tátchú,NA,677
drink,úl,NA,677
drink,úlúma-,NA,677
drink,úlúmi,NA,677
drink,ún,TAN,677
drink,únúmi,TAN,677
drip,ssubw,NA,677
drip,sussubwtiw,NA,678
drip,ssúrútiw,NA,678
drip,sússúrútiw,NA,678
drip,tchi,NA,678
drive,draiba,NA,678
drive away,asúúw,NA,678
drive away,asúúy,TAN,678
drool,rhelirhel,TAN,678
drool,schelischel,NA,678
droop,bwis2,NA,678
drop,atchiilong,NA,678
drop,ligitaaló,TAN,678
drop,lighitaaló,NA,678
drop,ssubw,NA,678
drop,sussubwtiw,NA,678
droplet,assur,NA,678
drown,mwóbw,NA,678
drown,rhoul,TAN,679
drown,schóuwul,NA,679
drowse,ssumw2,NA,679
drum,tómbwut,NA,679
drunk,bwulaas,NA,679
drunk,ffirh1,TAN,679
drunk,ffisch1,S,679
drunk,sakaw,NA,679
drunk,watch,TAN,679
drunk,wétch,NA,679
drunkard,bwulatseera,NA,679
drunkard,bwulatseero,NA,679
dry,abwaha,TAN,679
dry,amwóraaló,NA,679
dry,apala,NA,679
dry,appúngú,NA,679
dry,appwasa,NA,679
dry,mmat,NA,679
dry,mwór,NA,679
dry,mwusch,NA,679
dry,ómwora,NA,679
dry,pel,NA,680
dry,ppwas,NA,680
dry,tóbw,NA,680
dry season,leeyefáng,NA,680
duck,ngaanga,NA,680
dull,akkóbwuw,NA,680
dull,kkobw,TAN,680
dull,kkobwumagúran,TAN,680
dull,kkóbw1,NA,680
dull,kkóbwuschimwal,NA,680
dull,masakkóbw,NA,680
dull,ókkóbwu,NA,680
durian,rawel,NA,680
during,leelibwal,NA,680
dusk,leefááf,NA,680
dusk,leehóbwoniyól,TAN,680
dust,ppwot1,NA,680
dust,ppwot2,NA,680
dust,ppwotoppwot,NA,680
dust,sousow²,NA,681
dwarf,duwendis,NA,681
dwarf,nóónu,NA,681
dwell,ahóóy,TAN,681
dye,atiiw,NA,681
dye,atúúy,TAN,681
dye,lighitcha,NA,681
dye,tuumwu,NA,681
dyer’s fig,awal,NA,681
dynamite,danamita,NA,681
dysentery,iráágh,NA,681
dysentery,tiwáág,TAN,681
dysentery,ùráág,TAN,681
eagle,agila 2,NA,682
eagle,manuwó,TAN,682
eagle,mwuluwa,NA,682
ear,bworóus,NA,682
ear,heling,TAN,682
ear,lihilingamarh,TAN,682
ear,sáling,NA,682
ear,sálingabwwuubwu,NA,682
ear,sálingamasch,NA,682
early,óugha,NA,682
early,óughuugh,NA,682
early,taftaf,NA,682
early,ugh,NA,682
earn,manaw,TAN,682
earrings,aliitos,NA,682
earthquake,selep,NA,682
east,hoolong,TAN,682
east,-long,NA,683
east,peighilong,NA,683
Easter Sunday,Looria,NA,683
easy,ameschereghi,NA,683
easy,mescherágh,NA,683
eat,afúúlé,NA,683
eat,ammata,NA,683
eat,amworosa,NA,683
eat,angi,NA,683
eat,apeipey2,NA,683
eat,aresaaló,NA,683
eat,arhiirhi,TAN,683
eat,aschiischi1,NA,683
eat,attour,TAN,683
eat,ayúlów,NA,683
eat,áfááf,NA,683
eat,áfááffengel,NA,683
eat,áschiyów,NA,683
eat,bwokka,NA,683
eat,da,NA,683
eat,daari,NA,683
eat,doflogui,NA,683
eat,ekketá,NA,684
eat,fayemwaay,NA,684
eat,ghú2,NA,684
eat,iliti,NA,684
eat,ilitúgh,NA,684
eat,kkétá,NA,684
eat,mamma,NA,684
eat,mammááli,NA,684
eat,mmarh,TAN,684
eat,mwerá,NA,684
eat,mwerákkesch,NA,684
eat,mwongo,NA,684
eat,mwongoolap,NA,684
eat,paaschugh,NA,684
eat,sáliyáli,NA,684
eat,seena,NA,684
eat,ssomw,TAN,684
eat,ssumw1,NA,684
eat,tátchú,NA,684
eat,urubwullúw,NA,684
eat,urheey,TAN,684
eat,urhóórh,TAN,684
eat,uscheey,NA,685
eat,uschóósch,NA,685
eat,úlútúgh,NA,685
eat,yááyá2,NA,685
eat,yiilów,NA,685
eclipse,maram uschóósch,NA,685
edge,máásch,NA,685
edge,ngasche–,NA,685
edge,ngaschel ppal,NA,685
edible,mwommwongo,NA,685
educated,rongofel,NA,685
eel,higiliyaw,TAN,685
eel,liheninganing,TAN,685
eel,limwaremwar,NA,685
eel,liselingáling,NA,685
eel,soufáng,NA,685
eel,tigittol,TAN,685
eel,tighittol,NA,685
effeminate,florita,NA,686
effeminate,limwar,TAN,686
effeminate,limwár,NA,686
effort,angúúw,NA,686
effort,anngúy,TAN,686
egg,bwula2,NA,686
egg,hugull,TAN,686
egg,lugan iig,TAN,686
egg,lughol iigh,NA,686
egg,pélúúlúúl sóghul,NA,686
egg,sóghull,NA,686
egg,sóghullutiw,NA,686
egg sack,lugan iig,TAN,686
egg sack,lughol iigh,NA,686
eight,awalimanún,"TAN, LN",686
eight,awaluuwal,NA,686
eight,awaluuwan,"TAN, LN",686
eight,awalúmalúl,NA,686
eight,waal,NA,686
eight,walabwúghúw,NA,686
eight,walafósch,NA,686
eight,walaghit,NA,686
eight,walasché,NA,686
eight,walengaf,NA,687
eight,walengaras,NA,687
eight,waliigh,NA,687
eight,waluuw,NA,687
eight,walú-,NA,687
eight,walúmal,NA,687
eighth,awalimanún,"TAN, LN",687
eighth,awaluuwal,NA,687
eighth,awaluuwan,"TAN, LN",687
eighth,awalúmalúl,NA,687
eight hundred,walabwúghúw,NA,687
eight óclock,alas otso,NA,687
eight thousand,walengaras,NA,687
eighty,waliigh,NA,687
eighty thousand,walaghit,NA,687
either,bwal,NA,687
ejaculate,kkus,NA,687
elbow,bwugúyan paay,TAN,687
elbow,bwughúwal paay,NA,687
elbow,fótchugh,NA,688
elbow,mwalú,NA,688
elbow,pilipilil paay,NA,688
elder,tuufay,NA,688
elder,tchinnap,TAN,688
elect,fili,NA,688
elephant,alifanti,NA,688
eleven,seigh me eew,NA,688
eleven óclock,alas onse,NA,688
elf,nóónu,NA,688
elf,siyori,NA,688
embarrass,ássááw,NA,688
embarrass,hááw,TAN,688
embarrass,linginngaw,NA,688
embarrass,ma,NA,688
embarrass,sanngaw,NA,688
embarrass,tatsiiy,NA,689
embarrassed,sááw,NA,689
embarrassment,ássááw,NA,689
embodiment,schúúlap,NA,689
embrace,bwugeey,TAN,689
embrace,bwugheey,NA,689
embrace,róómi,NA,689
embroider,mákkeey,NA,689
emerge,ppwá,NA,689
emerge,ppwár,NA,689
emotion,wáási1,NA,689
emotions,léérhú,TAN,689
emotions,lééschú,NA,689
emperor,mahamah,TAN,689
emperor,uluul1,NA,690
emphasis,pwunto,NA,690
emphasis marker,–l3,NA,690
employer,óómwo,NA,690
empty,alipa,NA,690
empty,apeew2,NA,690
empty,apééwló,NA,690
empty,apééy,TAN,690
empty,pé,NA,690
empty,péél,NA,690
emulate,mwuriiy,NA,690
encounter,parengi,NA,690
encounter,rhuungi,TAN,690
encounter,rhuurhu,TAN,690
encounter,schuungi,NA,690
encounter,schuuschu,NA,690
encourage,abwura2,NA,690
end,aúgúúló,TAN,691
end,ayúghúúló,NA,691
end,har,TAN,691
end,mwútch,NA,691
end,mwútchu schagh me esóbw,NA,691
end,póós,NA,691
end,sár,NA,691
end,wes,NA,691
end,yúgh,NA,691
end,yúghúló,NA,691
endearment,mwoowesch,NA,691
endure,aghoscha,NA,691
endure,ppeigh,NA,691
endure,suungun,NA,691
enemy,malenngaw,NA,691
enemy,manebwutag,TAN,691
energetic,ngús2,NA,691
engine,diiso,NA,692
engine,móókkina,NA,692
engine,móókkinaal ghareeta,NA,692
engine,móókkinaal waa,NA,692
English,Inglis,NA,692
enjoy,amwosoreey,NA,692
enjoy,llé,NA,692
enjoy,meseighiiti,NA,692
enjoy,nné,TAN,692
enlarge,alapa1,NA,692
enough,gow,TAN,692
enough,ghów,NA,692
enough,iweemwo,NA,692
enough,lap,NA,692
enough,mmwál,NA,692
enough,tow,NA,692
enrage,sanngaw,NA,692
enraged,ngetetá,TAN,692
ensnare,atubwutubw,NA,693
enter,sápelong,NA,693
enter,tééfál,NA,693
enter,toolong,NA,693
entertain,appwó,NA,693
entertain,appwóóy,NA,693
entwine,áfitti,NA,693
envious,abwaibway,NA,693
epidemic,tééghi,NA,693
equipment,kosasal ukkur,NA,693
equipment,layúlayúl,NA,693
equipment,limal,NA,693
equipment,liman,TAN,693
equipment,nayúnayún,TAN,693
equipment,óóg,TAN,693
equivalence,weewe,NA,693
equivalent,weewe,NA,693
erection,tchif,NA,694
escort,umwuuw,NA,694
especially,spesiatmente,NA,694
essential,debi,NA,694
ethics,lamalam2,NA,694
ethics,aweeweey,NA,694
ethics,mwo 3,NA,694
evening,fááf,NA,694
evening,leefááf,NA,694
evening,leefááfiiy,NA,694
evening,leehóbwoniyól,TAN,694
evening,seena,NA,694
evening,seenaal leefááf,NA,694
even-tempered,reepi1,NA,694
every,alonga–,NA,694
evil,nngawa–,NA,694
evil,rorh,TAN,694
evil,rosch,NA,694
evil tidings,waihet,TAN,695
evil tidings,weisát,NA,695
examine,piipiiy,NA,695
exchange,liiwel,NA,695
exchange,liiweli,NA,695
exchange,siiwel,NA,695
excited,meseigh,NA,695
excited,mwááng,NA,695
exclamation,daalay,NA,695
exclamation,eey,NA,695
excrement,alloow,NA,695
excrement,paa,NA,695
exhaust,amwoor,NA,695
exhaust,amwoora1,NA,695
exhaust,aschigha,NA,695
exhaust,yút,NA,695
exhausted,akkaschigh,NA,695
exhausted,arhigirhig,TAN,695
exhausted,aschighischigh,NA,696
exhausted,áschighischigh,NA,696
exhausted,gár,TAN,696
exhausted,ghár,NA,696
exhausted,kkif1,NA,696
exist,yoor,NA,696
existential,ehóór,TAN,696
existential,eoor,TAN,696
existential,esóór,NA,696
existential,eyoor,NA,696
existential,hóór2,TAN,696
existential,manoor,TAN,696
existential,sóór2,NA,696
existential,yoor,NA,696
exorcise,legh,NA,696
exorcise,neg,TAN,696
exorcise,negh,LN,696
expand,arhéélapay,TAN,696
expand,aschéélapay,NA,696
expect,houni,TAN,697
expect,sóuli,NA,697
expert,hou–,TAN,697
expert,limeghatch,NA,697
expert,limewetig,TAN,697
expert,sóu–,NA,697
explain,affata,NA,697
explain,amataffa,NA,697
explain,attafa,NA,697
explain,kkapasal aweewe,NA,697
explanation,weewe,NA,697
explode,aléllésch,NA,697
explode,ssigh1,NA,697
explode,ssúg2,TAN,697
expose,abwáári,NA,697
expose,bwáári,NA,697
expose,ffaschawow,NA,697
expose,haleeng,TAN,698
expose,kkúr,NA,698
expose,seleeng,NA,698
express,wongoti,NA,698
extend,ammeya,NA,698
extend,hóbweeytá,TAN,698
extend,sóbweeytá,NA,698
extend,tápir1,NA,698
extend,tipir,TAN,698
extent,tool2,NA,698
extinguish,gun,TAN,698
extinguish,gunu,TAN,698
extinguish,gunugun,TAN,698
extinguish,ghul1,NA,698
extinguish,ghulughul,NA,698
extinguish,ghuluuw,NA,698
extract,ttél,NA,698
extract,téttél,NA,699
extract,tilúw,NA,699
extract,túlú,TAN,699
extremely,gi,TAN,699
extremely,ghi,NA,699
exuberant,ngús2,NA,699
exuberant,ppwó,NA,699
eye,bweschebweschel fayúl maas,NA,699
eye,bwol,NA,699
eye,bwon,"TAN, LN",699
eye,bwutig,TAN,699
eye,bwutigh,NA,699
eye,fayúl maas,NA,699
eye,fayúl sabweil,NA,699
eye,fayún maah,TAN,699
eye,gáng,TAN,699
eye,gháng,NA,699
eye,habweil,TAN,699
eye,léél sabweil,NA,699
eye,limasappwul,NA,699
eye,lipasch,NA,699
eye,maah,TAN,700
eye,maas1,NA,700
eye,masagháng,NA,700
eye,masanngit,NA,700
eye,oschááp1,NA,700
eye,rhólon fayún maah,TAN,700
eye,sabweil,NA,700
eye,schólol fayúl maas,NA,700
eyebrow,aschighimas,NA,700
eyebrow,awuufat,NA,700
eyebrow,ámelif,NA,700
eyebrow,faat,NA,700
eyebrow,fatiyaraw,NA,700
eyebrow,metetteril faat,NA,700
eyebrow,werefat,TAN,700
eyeglasses,antiyos,NA,700
eyelashes,metetteril maas,NA,700
eyelid,appwal,NA,700
eyelid,littáf,NA,700
eyelid,masattáf,NA,700
eyelid,meseppel sabweil,NA,700
eyelid,ttáf,NA,701
eyelid,wailú,NA,701
eyelid,wáánú,TAN,701
eyesight,masaffat,NA,701
face,abwuting,NA,702
face,aamw2,NA,702
face,amwáángeli,NA,702
face,appwuting,TAN,702
face,bwur2,NA,702
face,fala–,NA,702
face,faleto,NA,702
face,fana–,"TAN, LN",702
face,maah,TAN,702
face,maas1,NA,702
face,sápeló,NA,702
face,súllúnngaw,NA,702
face,súllúngáli,NA,702
face,tóusa–,NA,702
face,woghetágh,NA,702
face down,rhapp,TAN,702
face down,rhappetiw,TAN,702
face down,schappetiw,NA,702
face down,woloschapp,NA,702
facemask,antiyos,NA,702
face up,haleeng,TAN,703
face up,seleeng,NA,703
face up,schappetá,NA,703
face up,woleselááng,NA,703
factory,faktoriiya,NA,703
fail,apagapag,TAN,703
faint,laalangu,NA,703
faith,apilúgúlúgú,TAN,703
faith,apilúghúlúghúúw,NA,703
fall,amworomwor,NA,703
fall,bwot,NA,703
fall,bwur2,NA,703
fall,meschemesch1,NA,703
fall,mmwor,NA,703
fall,mworol,NA,703
fall,mworomwor,NA,703
fall,mwótch,NA,703
fall,púng,NA,703
fall,rhifetá,TAN,704
fall,schifátá,NA,704
fall,toroppúng,NA,704
fall asleep,asseipasch,NA,704
false dodder,tiigh,NA,704
falsehood,mis,NA,704
falsetto,lééyúrhig,TAN,704
falsetto,ttighifelááng,NA,704
family,atolleyinúlúnnat,TAN,704
family,familiya,NA,704
family,hamalap,TAN,704
family,samalap,NA,704
family,schepil familiya,NA,704
family,táttálil,NA,704
family,tettelin,TAN,704
famine,ailas,NA,705
famine,langata,NA,705
famine,lengeta,TAN,705
famished,kkiif,NA,705
fan,abaniiko,NA,705
fan,álipeew,NA,705
fan,álipé,NA,705
fan,háánúpé,TAN,705
far,taaw,NA,705
far,taawuló,NA,705
far,tilimwóuluul,NA,705
far,tolomarhúgúrhúg,TAN,705
Farallon de Pajaras,Lóngeiraw,NA,705
farewell,ahoow,TAN,705
farewell,akkabwung2,TAN,705
farewell,houló,TAN,705
farewell,ókkóbwong,NA,705
farewell,souló,NA,705
farewell,ulee lo,NA,705
farewell,ulee ló,NA,706
farm,leemaat,NA,706
farm,maat,NA,706
farmhouse,laalaso,NA,706
farmhouse,laanaso,TAN,706
fart,bwir,TAN,706
fart,bwiribwir,NA,706
fart,ppwir,NA,706
fart,sing,NA,706
fart,singising,NA,706
fast,akkáyi,NA,706
fast,alangalangúw,NA,706
fast,amwetekkáya,NA,706
fast,angúúw,NA,706
fast,apakka,NA,706
fast,assiti,NA,706
fast,aschúll,NA,706
fast,gutch,TAN,706
fast,kkay,TAN,706
fast,kkáy,NA,707
fast,langalang1,NA,707
fast,légh,NA,707
fast,mwetekkáy,NA,707
fast,mwetemwet,NA,707
fast,nég,TAN,707
fast,nngú,NA,707
fast,rhingirhing,TAN,707
fast,ssit,NA,707
fast,sóngosóng,NA,707
fast,schingesching,NA,707
fast,únngúló,NA,707
fasten,tchúfal,NA,707
fat,bwutááy,NA,707
fat,deebwu,NA,707
fat,ligauluul1,TAN,707
fat,mwatiigha,NA,707
fat,wi2,NA,707
fat,wii,NA,707
father,haam,TAN,707
father,hamaham,TAN,707
father,hemeni,TAN,708
father,saam,NA,708
father,samali,NA,708
father,samasam,NA,708
father,Taang,NA,708
father,taata,NA,708
father-in-law,taata,NA,708
fathom,-ngaf,NA,708
fathom,ngaaf,NA,708
fatigue,amwoor,NA,708
fatigue,amwoora1,NA,708
fatigue,áschighischigh,NA,708
fault,ruugh,NA,708
fault,yáál1,NA,708
favor,akkúnééy,TAN,708
favor,a’áya’ángáli,NA,708
favor,ppáli,NA,708
Fayu,Faiyééw,NA,709
fear,mesagh,NA,709
fear,mesaghú,NA,709
fearless,bwura2,NA,709
feast,ailów,TAN,709
feast,asóów,NA,709
feast,guubwul,TAN,709
feast,ghuubwul,NA,709
feather,bwóó2,NA,709
feather,ileila–,NA,709
feather,úna–,TAN,709
February,Febreero,NA,709
feces,alloow,NA,709
feces,bwoopa,NA,709
feces,bwuhe,TAN,709
feces,bwuse,NA,709
feces,paa,NA,709
feces,sitch,NA,709
fed up,áirágh,NA,710
fed up,gu,TAN,710
fed up,ghu,NA,710
fed up,kkif1,NA,710
fed up,mwáángiló,NA,710
feed,amatúw,NA,710
feed,améémééy,NA,710
feed,amwongo,NA,710
feed,amwongoow,NA,710
feed,amwongooy,TAN,710
feed,ghú2,NA,710
feel,meefi1,NA,710
feeling,attong,TAN,710
feeling,meefi1,NA,710
feeling,wáási1,NA,710
feelings,laam2,NA,710
feelings,léérhú,TAN,710
feelings,lééschú,NA,710
feelings,meefi1,NA,711
feign,awóófirh,TAN,711
feign,ligihoolap,TAN,711
feign,ppwomwoli,NA,711
feign,rongosoolap,NA,711
fellow,olowe,NA,711
female,maleschóóbwut,NA,711
female,rhóóbwut,TAN,711
female,schóóbwut,NA,711
feminine napkin,áfetágh,NA,711
femur,schúúl pesche,NA,711
fence,gollel,TAN,711
fence,ghollal,NA,711
fern,ámááre,NA,711
fern,rhéyúllug,TAN,711
fern,rhiirhi,TAN,711
fern,schééllugh,NA,711
fern,schiischi,NA,712
fern,schiwel aifar,NA,712
fern,walúbwong,NA,712
fertilizer,abwoono,NA,712
festival,guubwul,TAN,712
festival,ghuubwul,NA,712
festival,luus,NA,712
fetch,itifi,NA,712
fetch,umwuuw,NA,712
feverish,kkar,NA,712
few,akkaafósch,NA,712
few,akkááfórh,TAN,712
few,akkáámwéit,NA,712
few,akkáápila,TAN,712
few,akkáárhay,TAN,712
few,akkááschay,NA,712
few,ákkááw,NA,712
fewer,hengi2,TAN,712
fewer,sángi2,NA,713
fiance,failiáá-,NA,713
fiance,fayúnaa–,TAN,713
fiance,maariara–,TAN,713
fiber,ghoosch,NA,713
fiber,meteri–,NA,713
fibula,schúúl wóórol,NA,713
fibula,schúúschighil pesche,NA,713
fierce,súngúnngów,NA,713
fifth,alimmalul,NA,713
fifth,alimmanún,TAN,713
fifth,alimoowal,NA,713
fifth,alimoowan,TAN,713
fifth,álimoowal,NA,713
fifty,limeig,TAN,713
fifty,limeigh,NA,713
fifty thousand,limeghit,NA,713
fig,awal,NA,713
fight,amwáál,NA,714
fight,arupa,NA,714
fight,fiiyoow,NA,714
fight,gazera,NA,714
fight,lihoufiiyow,TAN,714
fight,likkairas,NA,714
fight,likkaires,TAN,714
fight,lisóufiiyow,NA,714
fight,rup,NA,714
fighter,soufiiyow,NA,714
fighter,schóól fiiyow,NA,714
file,fáili,NA,714
file,ffáyi,NA,714
Filipina,Filipina,NA,714
Filipino,Filipino,NA,714
fill,amatúw,NA,714
fill,assoga,TAN,714
fill,assúghúúw,NA,714
fill,ireey,NA,714
fill,óura–,NA,714
fill,uu–,NA,714
fill,uroló,NA,714
fill,urotá,NA,715
fin,iing,NA,715
fin,ppwan1,TAN,715
final,amwirimwiril,NA,715
final,ninisin,TAN,715
finally,ottimwool,NA,715
find,faal pescheemw1,NA,715
find,gutta,TAN,715
find,ghutta,NA,715
find,rhuungi,TAN,715
find,rhuurhu,TAN,715
find,schuungi,NA,715
find,schuuschu,NA,715
find,tilikkáng,NA,715
find,tilikkeng,TAN,715
fine,mallughatch,NA,715
fine,mallúfirh,TAN,715
finger,ayútt,NA,715
finger,ayúttúluugh,NA,716
finger,ayúttúsobwáágh,NA,716
finger,ayúttúschigh,NA,716
finger,ayúttútiit,NA,716
finger,–ghat,NA,716
finger,–yút,NA,716
fingernail,kkú1,NA,716
fingernail,kkúl paay,NA,716
fingernail,úkk,NA,716
finish,abwung,NA,716
finish,amwútchúw,NA,716
finish,apééwló,NA,716
finish,arahaaló,TAN,716
finish,aresaaló,NA,716
finish,arosa,NA,716
finish,asooschigh,NA,716
finish,atakkaaló,NA,716
finish,aúgúúló,TAN,716
finish,ayúghúúló,NA,716
finish,ásáriiló,NA,716
finish,har,TAN,717
finish,hóór2,TAN,717
finish,ros,NA,717
finish,rosoló,NA,717
finish,sár,NA,717
finish,sóór2,NA,717
finish,takk,NA,717
finish,yúghúló,NA,717
finished action,–ló4,NA,717
fire,agúúáf,TAN,717
fire,aghúúanget,NA,717
fire,aghúúáf,NA,717
fire,aghúúwlong,NA,717
fire,aghúúwtá,NA,717
fire,akkato,NA,717
fire,anget,NA,717
fire,atóy,NA,717
fire,árengiiy,NA,717
fire,bwurubwur2,NA,717
fire,falang,NA,717
fire,fiigáh,TAN,717
fire,fiigi,TAN,717
fire,fiighas,NA,718
fire,fiighi,NA,718
fire,gun,TAN,718
fire,gunu,TAN,718
fire,gunugun,TAN,718
fire,ghul1,NA,718
fire,ghulughul,NA,718
fire,ghuluuw,NA,718
fire,harow,TAN,718
fire,kkimoson,NA,718
fire,mwuli,NA,718
fire,ngeteri,TAN,718
fire,úrákinilong,TAN,718
fire,wei-2,NA,718
fire,weiyáng,NA,718
firewood,amwurh,TAN,718
firewood,amwusch,NA,718
firewood,-mwusch,NA,718
firewood,ohey,TAN,718
firewood,-pélégh,NA,718
firewood,sátipal amwusch,NA,718
firewood,wei-2,NA,718
firewood,wos,NA,718
firewood,woseey,NA,718
firm,kkúrh,TAN,719
firm,kkúsch,NA,719
firm,llégh,NA,719
firm,nnég,TAN,719
firm,nngút,NA,719
firm,tchúgúl,TAN,719
firm,tchúghúl,NA,719
first,aeschayúl,NA,719
first,aeuwal,NA,719
first,gomw,TAN,719
first,ghommw,NA,719
first,ghommw memmwal,NA,719
first,ghommwal,NA,719
first,ghommweeti,NA,719
first,ókkóómw,NA,719
fish,abway,NA,719
fish,aghúng,NA,719
fish,aitamw,NA,719
fish,aiwe,NA,719
fish,ali,TAN,719
fish,angaraap,NA,719
fish,apeschóóyi,NA,719
fish,araf,NA,719
fish,arangaap,NA,719
fish,arong1,NA,720
fish,asulléy,TAN,720
fish,asúllé,NA,720
fish,attaw,NA,720
fish,ayútamw,TAN,720
fish,ayútor,TAN,720
fish,áfil,NA,720
fish,áli,NA,720
fish,ámescheyor,NA,720
fish,áár1,NA,720
fish,átigh,NA,720
fish,bwáá,NA,720
fish,bwáliifaay,NA,720
fish,bwele,NA,720
fish,bweyah,TAN,720
fish,–bwi,NA,720
fish,bwiil2,NA,720
fish,bwóuriyáp,NA,720
fish,bwuubw,NA,720
fish,bwula,TAN,720
fish,bwulááláy,NA,720
fish,etam,NA,720
fish,fana,TAN,720
fish,–ffaat,NA,720
fish,fatoru–,NA,720
fish,fáilighi,NA,720
fish,feilighi1,NA,721
fish,feinisi,TAN,721
fish,fela,NA,721
fish,feyi1,NA,721
fish,filááng,NA,721
fish,fúúlesset,NA,721
fish,goonaf,NA,721
fish,gúúh,TAN,721
fish,gúnúfey,TAN,721
fish,gútch,TAN,721
fish,ghúús,NA,721
fish,ghútch,NA,721
fish,ghúúw3,NA,721
fish,haiyaw,TAN,721
fish,hara,TAN,721
fish,heliyeli,TAN,721
fish,higiliyaw,TAN,721
fish,iig,TAN,721
fish,igeingúng,TAN,721
fish,iginorh,TAN,721
fish,iigh,NA,721
fish,ighafalafal,NA,721
fish,ighangúng,NA,721
fish,ighasiigha,NA,721
fish,ighepál,NA,721
fish,ighisché,NA,721
fish,katso,NA,721
fish,langú,NA,721
fish,laar,NA,722
fish,llegh,NA,722
fish,lemesáápili,NA,722
fish,leet,NA,722
fish,libwootmerhá,TAN,722
fish,ligabwoobwo,TAN,722
fish,ligaifar,TAN,722
fish,ligáregár,TAN,722
fish,lighabwoobwo,NA,722
fish,lighaifar,NA,722
fish,lighaasserágh,NA,722
fish,ligháreghár,NA,722
fish,liheninganing,TAN,722
fish,limaataat,NA,722
fish,limáll,NA,722
fish,limilimitóulómw,NA,722
fish,limilimitóunómw,TAN,722
fish,limwaremwar,NA,722
fish,liimwáy,NA,722
fish,limwotong,NA,722
fish,lipaikkar,TAN,722
fish,lipaapa2,NA,722
fish,lipileengi,NA,722
fish,liselingáling,NA,722
fish,liyamwit,NA,722
fish,liyamwit rhéélap,TAN,722
fish,liyaawkkeng,NA,722
fish,loot,NA,723
fish,loow,NA,723
fish,lugan iig,TAN,723
fish,lughol iigh,NA,723
fish,lusufat,NA,723
fish,lúkkúschél,NA,723
fish,mahamah,TAN,723
fish,mahaatcha,TAN,723
fish,makkarow,NA,723
fish,malosolos,TAN,723
fish,malúsúlús,NA,723
fish,maan1,"TAN, LN",723
fish,mangar,NA,723
fish,mangaro,NA,723
fish,mapúng,NA,723
fish,marep,TAN,723
fish,masamas,NA,723
fish,masewar,NA,723
fish,páti,NA,723
fish,máám,NA,723
fish,Cheilinus undulatus,NA,723
fish,márebw,NA,723
fish,mesetcha,NA,723
fish,Lutjanus Gibbus,NA,723
fish,meteeyil,NA,723
fish,meew,TAN,723
fish,mméél iigh,NA,723
fish,mwarefarh,TAN,723
fish,mwarep,NA,723
fish,mwámweschigh,NA,723
fish,mwéél2,NA,724
fish,mwéén,TAN,724
fish,mwoos1,NA,724
fish,mwotch,NA,724
fish,mwotchelegey,TAN,724
fish,mwotchol mwórefasch,NA,724
fish,mwóógh,NA,724
fish,mwósoos,NA,724
fish,noot,TAN,724
fish,nuunuupi,TAN,724
fish,ngáál1,NA,724
fish,ngúút,NA,724
fish,omey,NA,724
fish,oscha,NA,724
fish,ópp,NA,724
fish,óuta,NA,724
fish,palameeta,NA,724
fish,palawa,NA,724
fish,parapar,NA,724
fish,parhaw,TAN,724
fish,patú,TAN,724
fish,payúl álet,NA,724
fish,ppáleppál,NA,724
fish,páti,NA,724
fish,pááw,NA,724
fish,pelebwesch,NA,724
fish,peleschól,NA,725
fish,peleyaw,NA,725
fish,peligh,NA,725
fish,penepen,TAN,725
fish,penewa,TAN,725
fish,poro,TAN,725
fish,ppoto,NA,725
fish,ppwol2,NA,725
fish,ppwotto,NA,725
fish,ppwów2,TAN,725
fish,raaw2,NA,725
fish,rescheng,NA,725
fish,réel,NA,725
fish,réén,TAN,725
fish,roongaf,NA,725
fish,róós,NA,725
fish,saghúrúwasch,NA,725
fish,saiyaw,NA,725
fish,sapór,NA,725
fish,sara,NA,725
fish,saraw,NA,725
fish,saas,NA,725
fish,Lutjanus Malabaricus,NA,725
fish,sasimi,NA,725
fish,sálif,NA,725
fish,sáresch,NA,725
fish,songoongo,NA,725
fish,soufáng,NA,725
fish,soow1,NA,725
fish,taag,TAN,726
fish,taagh,NA,726
fish,taghalaar,NA,726
fish,tais,NA,726
fish,tápir2,NA,726
fish,táttál,NA,726
fish,tigittol,TAN,726
fish,tighittol,NA,726
fish,tiil,NA,726
fish,tilimwéél,NA,726
fish,togu,TAN,726
fish,tóbwotóbw,NA,726
fish,tóghu,NA,726
fish,tcháliyá,NA,726
fish,tchep1,NA,726
fish,tcho–,NA,726
fish,uluul1,NA,726
fish,umwaiyé,TAN,726
fish,umwulé,NA,726
fish,urha,TAN,726
fish,uwey,TAN,726
fish,wáát,NA,726
fish,weiyaw,NA,726
fish,wuuschigh,NA,726
fisherman,schóól leeset,NA,726
fish hook,géé,TAN,727
fish hook,ghéé,NA,727
fishing,akkayúr ghúús,NA,727
fishing,amón,TAN,727
fishing,amwal,NA,727
fishing,apúng,NA,727
fishing,appúng,NA,727
fishing,aro,NA,727
fishing,asoomá,NA,727
fishing,aurhap,TAN,727
fishing,auschap,NA,727
fishing,áfiiy,NA,727
fishing,áfiyáf2,NA,727
fishing,álighi,NA,727
fishing,álighiligh,NA,727
fishing,áriyár2,NA,727
fishing,áschiyó,NA,727
fishing,áting,NA,727
fishing,bwee,NA,727
fishing,bweey1,NA,727
fishing,bwów,NA,727
fishing,bwóów,NA,727
fishing,deres,NA,728
fishing,-ffaat,NA,728
fishing,ffaat,NA,728
fishing,fiisigha,NA,728
fishing,géé,TAN,728
fishing,ghéé,NA,728
fishing,ghééy,NA,728
fishing,hooni1,TAN,728
fishing,kkáng,NA,728
fishing,kkeng,TAN,728
fishing,kkóbw2,NA,728
fishing,lehet,TAN,728
fishing,leeset,NA,728
fishing,lighappisch,NA,728
fishing,liyap,NA,728
fishing,liyapeli,NA,728
fishing,liyapeni,TAN,728
fishing,lug,TAN,728
fishing,lugh,NA,728
fishing,nngir,NA,728
fishing,patsingko,NA,728
fishing,póghuuw,NA,728
fishing,rooppw,NA,728
fishing,rheuni,TAN,728
fishing,rheew,TAN,728
fishing,sooli,NA,729
fishing,sooso1,NA,729
fishing,sóólol,NA,729
fishing,schééw,NA,729
fishing,schooghi,NA,729
fishing,schóól leeset,NA,729
fishing,taiyaf,NA,729
fishing,teegus,NA,729
fishing,tekking,NA,729
fishing,telaiya,TAN,729
fishing,télóóya,NA,729
fishing,tóómw,NA,729
fishing,tur,NA,729
fishing,uu,NA,729
fishing,úúp1,NA,729
fishing,wáirágh,NA,729
fishing,wáireg,TAN,729
fishing,wáit,NA,729
fishing,yóó2,NA,729
fishing line,yóó2,NA,729
fishing pole,bwóów,NA,729
fish poison,deres,NA,730
fish poison,úúp1,NA,730
fish trap,sooso1,NA,730
fish trap,uu,NA,730
fishy,bwoowatch,TAN,730
fishy,bwooyatch,NA,730
fist,tuugh1,NA,730
fist,tughuuw,NA,730
fist,túúg,TAN,730
fit,fár2,NA,730
fit,kkofirh,TAN,730
fit,llégh,NA,730
fit,olupágh,NA,730
fit,tamafisch,NA,730
five,alimmalul,NA,730
five,alimmanún,TAN,730
five,alimoowal,NA,730
five,alimoowan,TAN,730
five,álimoowal,NA,731
five,liffay,NA,731
five,liffósch,NA,731
five,liim,NA,731
five,lima–,NA,731
five,limabwúgú,TAN,731
five,limabwúghúw,NA,731
five,limmal,NA,731
five,limangaf,NA,731
five,limangaras,NA,731
five,limarhé,TAN,731
five,limasché,NA,731
five,limeghit,NA,731
five,limeig,TAN,731
five,limeigh,NA,731
five,limouw,NA,731
five,limoow,TAN,731
five hundred,limabwúgú,TAN,731
five hundred,limabwúghúw,NA,731
five óclock,alas singko,NA,731
five thousand,limangaras,NA,731
fix,aghatchúw,NA,731
fix,amala,NA,731
fix,amina,TAN,732
fix,awetiga,TAN,732
fix,mólló,NA,732
flag,galleera,TAN,732
flag,ghalleera,NA,732
flamboyant,holokkirh,TAN,732
flamboyant,sulukkesch,NA,732
flame,bwuppwul,NA,732
flame,parangarang,NA,732
flame,tarabwulubwul,TAN,732
flame tree,fayérabwaw,NA,732
flap,appow,NA,732
flap,asepow,NA,732
flap,sapoupow,NA,732
flash,ataraabwesch,NA,732
flash,fúúwer,NA,732
flashlight,dengki,NA,732
flat,bwulóóló,NA,732
flat,pah,TAN,733
flat,rhaapeap,TAN,733
flat,schaapaap,NA,733
flatten,apetti,NA,733
flatulence,bwiribwir,NA,733
flavor,lallal,NA,733
flavor,nanna,TAN,733
fleet,seeyil waa,NA,733
flesh,fitúgh,NA,733
flesh,futug,TAN,733
flexible,málifilif,NA,733
flick,ammwoorh,TAN,733
flick,ammwóósch,NA,733
flick,deska,NA,733
flicker,aluppwa,TAN,733
flicker,aluppwuluppwa,NA,733
flicker,luppwuluppw,NA,733
flicker,mórupurup,NA,733
flimsy,málifilif,NA,733
fling,gúrúfááfá,TAN,734
fling,ghúrúfaafa,NA,734
flip,aweliya,TAN,734
flip,wegheti,NA,734
flirt,angol,NA,734
flirt,ngol,NA,734
float,maalappey,NA,734
float,maaneppey,TAN,734
float,peipey1,NA,734
flock,bwáá,NA,734
flock,tcho–,NA,734
floor,póó,NA,734
flotsam,peipey1,NA,734
flour,amallaay,NA,734
flour,arina,NA,734
flour,mall2,NA,734
flourish,afasetá,NA,734
flourish,bwóó1,NA,735
flourish,máár,NA,735
flow,bwu1,NA,735
flow,bwuubwu1,NA,735
flow,gurugur2,TAN,735
flow,ghurughur,NA,735
flow,ssúr,NA,735
flower,ahúg,TAN,735
flower,alús1,NA,735
flower,asmin,NA,735
flower,filooris,NA,735
flower,hasmin,TAN,735
flower,kunneeta,NA,735
flower,mootú,NA,735
flower,paraisu,NA,735
flower,péé,NA,735
flower,pééláng,NA,735
flower,safang,NA,735
flower,séyúr,NA,735
flower,sinser,NA,735
flower,uwa1,NA,735
flower,warápigh,NA,735
flu,mesenipig,TAN,736
flush,parakkis,NA,736
fly1,hú,TAN,736
fly1,sú,NA,736
fly1,yál,NA,736
fly1,yáliyál,NA,736
fly2,llóng,NA,736
fly2,lóóng samwool,NA,736
flying creature,malúyáliyál,NA,736
flying fish,mangar,NA,736
flying fox,paischééy,NA,736
foam,bwurubwur1,NA,736
focus marker,ila1,NA,736
focus marker,nge3,NA,736
fog,tóbw,NA,736
fold,allú,NA,737
fold,allúl,NA,737
fold,dobla,NA,737
fold,limág,TAN,737
fold,limi,NA,737
fold,llofit,TAN,737
fold,lufit,NA,737
follow,amwirimwir2,NA,737
follow,attabweey,NA,737
follow,áfááliiti,NA,737
follow,áfitipaschay,NA,737
follow,tabw,NA,737
follow,tabwemaaw,NA,737
follow,tabwescheey,NA,737
follow,tabweey,NA,737
follower,rheena–,TAN,737
follower,scheela–,NA,737
fondle,angattar,NA,737
fontanel,móghur sóbwulal,NA,738
food,afaayúl,NA,738
food,aikkyu,NA,738
food,ala–,NA,738
food,allééw1,NA,738
food,amééméé-,NA,738
food,amwoot,NA,738
food,ana–,TAN,738
food,annééy,TAN,738
food,arikków,NA,738
food,arúng,NA,738
food,arúngúw,NA,738
food,arhiirhi,TAN,738
food,asuumwól,NA,738
food,aschiischi1,NA,738
food,attiga,TAN,738
food,attigha,NA,738
food,áschiyów,NA,738
food,bwáyú-,NA,738
food,doonats,NA,738
food,heliyeli,TAN,738
food,ighasiigha,NA,738
food,ighepál,NA,738
food,iilas,NA,739
food,iliti–,NA,739
food,ineksa,NA,739
food,ineti–,TAN,739
food,keesu,NA,739
food,kkól,NA,739
food,kkón,"TAN, LN",739
food,likkamwurhumwurh,TAN,739
food,likkamwuschumwusch,NA,739
food,lolliiló,NA,739
food,lolliyaay,NA,739
food,maar,NA,739
food,mááy arúng,NA,739
food,mindiyooka1,NA,739
food,mwalú-,NA,739
food,mwongo,NA,739
food,mwoot,NA,739
food,mwuungi,NA,739
food,pangkek,NA,739
food,pat,NA,739
food,patakkisch,NA,739
food,paay2,NA,740
food,paay3,NA,740
food,peipey3,NA,740
food,póón,NA,740
food,ppwooto,NA,740
food,ppwósuuli,NA,740
food,ppwuding,NA,740
food,ppwuughas,NA,740
food,sangurungur,NA,740
food,sasimi,NA,740
food,sawasu,TAN,740
food,sáliya–,NA,740
food,sáliyáli,NA,740
food,sángkwits,NA,740
food,suumwól,NA,740
food,suwósu,NA,740
food,scheel,NA,740
food,tempura,NA,740
food,ttig1,TAN,740
food,tigéér,TAN,740
food,ttigh2,NA,741
food,tughúyáf,NA,741
food,túgúyef,TAN,741
food,túghéér,NA,741
food,ubwuschól,NA,741
food,urhaa–,TAN,741
food,urheey,TAN,741
food,urhóórh,TAN,741
food,uschaa–,NA,741
food,uscheey,NA,741
food,uschóósch,NA,741
food,wischarung,NA,741
food,wischiffay,NA,741
food,zampang,NA,741
fool,abwurha,TAN,741
fool,abwuschuw,NA,741
fool,tubw2,NA,741
foolhardy,mmang,NA,742
foolish,bwurh,TAN,742
foolish,bwusch,NA,742
foolish,mmang,NA,742
foot,aibweibw,TAN,742
foot,aibwiibw,NA,742
foot,faal aibwiibw,NA,742
foot,perhe,TAN,742
foot,pesche,NA,742
footprint,aibweibw,TAN,742
footprint,aibwiibw,NA,742
footprint,ghuubw,NA,742
footprint,ghubwal pesche,NA,742
footprint,iibw,TAN,742
footwear,lokka,NA,742
for,–l1,NA,742
for,–l2,NA,742
for,ree–1,NA,742
forbidden,abwaayi,NA,742
forbidden,kkapasapil,NA,742
forbidden,pil,NA,743
forbidden,piil,NA,743
force,bwiliiló,NA,743
forecast,palúw,NA,743
forehead,mwóóng,NA,743
forehead,rhaamw,TAN,743
foresee,soubwe,NA,743
foreskin,parúng2,NA,743
forest,wallap,NA,743
forest,walúwal,NA,743
foretell,bwee,NA,743
foretell,bweeli,NA,743
foretell,bweey1,NA,743
forget,inaamwo,NA,743
forget,malleg,TAN,743
forget,mallegiiy,TAN,743
forget,mallégh,NA,743
forget,malléghúúw,NA,743
forgiveness,amwohomwoh,TAN,744
forgiveness,amwosomwos,NA,744
forgiveness,fayúscho1,NA,744
fork,iyah,TAN,744
fork,iyas,NA,744
fork,kkeyáng,NA,744
fork,mesaliiyas,NA,744
fork,tenidut,NA,744
forlorn,órof,NA,744
form,ayorátá,NA,744
former,fasúl,NA,744
fortunate,lamalam1,NA,744
fortunate,welebwu,NA,744
fortune,welebwu,NA,744
fortune-teller,soubwe,NA,744
fortune-telling,bwee,NA,744
forty,faig,TAN,745
forty,fááigh,NA,745
forty thousand,fáághit,NA,745
foster,mweimwey,NA,745
foster,welemas1,NA,745
foster,wenemas1,TAN,745
foundation pole,pischeeliimw,NA,745
founder,rhepin ainang,TAN,745
founder,schepil ailang,NA,745
four,afaamalúl,NA,745
four,afaamanún,TAN,745
four,afaauwal,NA,745
four,faa–1,NA,745
four,faabwong,NA,745
four,faabwúghúw,NA,745
four,faafay,NA,745
four,faafósch,NA,745
four,faig,TAN,745
four,faamal,NA,745
four,faangaras,NA,745
four,faasché,NA,745
four,faaw,NA,745
four,fáághit,NA,746
four,fááigh,NA,746
four,fáál¹,NA,746
four,fáán,"TAN, LN",746
four hundred,faabwúghúw,NA,746
four óclock,alas kuwóturo,NA,746
fourth,afaamalúl,NA,746
fourth,afaamanún,TAN,746
fourth,afaauwal,NA,746
four thousand,faangaras,NA,746
fracture,bwull¹,NA,746
fragment,mwétetteril,NA,746
fragrant,bwoongah,TAN,746
fragrant,–ngas,NA,746
fragrant,ngaas,NA,746
framework,schúúlap,NA,746
frangipani,séyúr,NA,746
fray,bwey,NA,747
fray,mweisefáng,NA,747
free,assááli,NA,747
free,ássááni,"TAN, LN",747
free,bwágh,NA,747
free,gúnammwey,TAN,747
free,ghúlammwey,NA,747
free,tap,NA,747
free,tapatap³,NA,747
free,tawe,NA,747
freedom,gúnammwey,TAN,747
freedom,gúnómw,TAN,747
freedom,ghilómw,NA,747
freedom,ghúlammwey,NA,747
Friday,Bennis,NA,747
friend,abwiibwi,NA,747
friend,abwiibwiifengáll,NA,747
friend,amiiga,NA,748
friend,amiigo,NA,748
friend,bwiibwi,NA,748
friend,bwiili,NA,748
friend,bwis1,NA,748
friend,kuumi,NA,748
friend,maariara-,TAN,748
friend,ppwiifengán,TAN,748
friend,rhóónuwa,TAN,748
friend,schóóluwa,NA,748
frigate bird,ahaf,TAN,748
frigate bird,asaf,NA,748
frighten,ammahagú,TAN,748
frighten,ammesaghú,NA,748
frighten,amwóra,NA,748
frighten,aparannga,NA,748
frighten,lúw,NA,748
frighten,núw,TAN,748
frighten,núweeti,TAN,748
frighten,rú,NA,748
frighten,sefengágh,NA,748
frightening,allaang,NA,748
frightening,alúwlúw,NA,748
frightening,ammahag,TAN,749
frightening,ammesagh,NA,749
frog,kkairo,NA,749
from,hengi1,TAN,749
from,me1,NA,749
from,meiya,NA,749
from,sángi1,NA,749
frond,peilú,NA,749
front,ghommw memmwal,NA,749
front,mmwa–1,NA,749
front,ulummwa–,NA,749
front,welemmwa–,NA,749
front,wenemmwa–,"TAN, LN",749
froth,bwurubwur1,NA,749
froth,bwurutá,NA,749
frugal,ahoorhig,TAN,749
frugal,asooschigh,NA,749
fruit,aabwas,NA,749
fruit,anoonas,NA,750
fruit,Annona reticulata,NA,750
fruit,aatis,NA,750
fruit,Annona squamosa,NA,750
fruit,bilimbiilis,NA,750
fruit,bweibwaay,NA,750
fruit,–fay,NA,750
fruit,fááliyáp,NA,750
fruit,fáániyáp,TAN,750
fruit,fruta,NA,750
fruit,garanaada,NA,750
fruit,gurugur1,TAN,750
fruit,ghaayil,NA,750
fruit,kkalamenduk,NA,750
fruit,kkóómiyas,NA,750
fruit,laguanaa,TAN,750
fruit,langgunaa,NA,750
fruit,loomwul,NA,750
fruit,loomwulúl Tchiina,NA,750
fruit,manisanita,TAN,750
fruit,mansaniita,NA,750
fruit,mangga,NA,750
fruit,máiyas,NA,750
fruit,mááy,NA,750
fruit,Artocarpus altilis,NA,750
fruit,mááy dél,NA,750
fruit,mááy ffay,NA,750
fruit,mááy rúng,NA,750
fruit,peeras,NA,750
fruit,piinga,NA,751
fruit,ppwu,NA,751
fruit,ppwu mangúsch,NA,751
fruit,ppwu tchamaaw,NA,751
fruit,rawel,NA,751
fruit,saliiya,NA,751
fruit,tomwatis,TAN,751
fruit,tumóótis,NA,751
fruit,tumóótis tsóóka,NA,751
fruit,tumóótis ubas,NA,751
fruit,uubas,NA,751
fruit,-umw,NA,751
fruit,umwu-,NA,751
fruit,uurh,TAN,751
fruit,uurh mwodatchór,TAN,751
fruit,uwa1,NA,751
fruit,wiisch,NA,751
fruit,wiisch addiin,NA,751
fruit,wiisch bwungurh,TAN,751
fruit,wiisch bwungusch,NA,751
fruit,wiisch dóóma,NA,751
fruit,wiisch fayúmmwosch,NA,751
fruit,wiisch looriya,NA,751
fruit,wiisch mwéschétchar,NA,752
fruit,wiisch taiwang,NA,752
fruit,wischewówu,NA,752
fruitful,aumwuumw,NA,752
fruitful,ólong,NA,752
frustrate,bwulaas,NA,752
frustrate,riyá,NA,752
frustrated,mwáángiló,NA,752
full,amatúw,NA,752
full,ekketá,NA,752
full,fayemwaay,NA,752
full,kkétá,NA,752
full,mat,NA,752
full,ppwóóppwó,NA,752
full,ssog,TAN,752
full,ssogh,NA,752
full,uu–,NA,752
full moon,bwongil mmasch,NA,752
full moon,llingetáál maram,NA,752
full moon,ulusul maram,NA,753
full moon,unuh,TAN,753
fun,abwaabwa,NA,753
fun,affah,TAN,753
fun,affas,NA,753
fun,amwosoreey,NA,753
fun,appw3,NA,753
fun,awoowo,NA,753
fun,awoowoongi,NA,753
fun,fas11gh1li,NA,753
fun,mw11liyah,TAN,753
fun,mw11liyas,NA,753
funeral,faabwong,NA,753
funeral wake,m11,NA,753
funnel,imbwudu,NA,753
funny,affas,NA,753
funny,1ghekk1y,NA,753
funny,mangaraay,NA,753
fur,ileila,NA,754
fur,úna,TAN,754
furious,allingariiy,NA,754
furious,llingár,NA,754
furious,llingárengár,NA,754
furious,ngetetá,TAN,754
furniture,peiráágh,NA,754
future,–bwaabw,NA,754
future,–bwe,NA,754
future,–bwele,NA,754
future aspect,–bwaabw,NA,754
future aspect,–bwele,NA,754
gable,rhaamw,TAN,755
gag,rhúyér,TAN,755
gag,tor,NA,755
gag,torotá,NA,755
gale,malúmal,NA,755
gale,mwoor1,NA,755
gall bladder,áát2,NA,755
gallop,lighatottor,NA,755
gamble,auruw,NA,755
gambler,rhóón apósta,TAN,755
game,áingiing,NA,755
game,bwóótu,NA,755
game,dais,NA,755
game,dama,NA,755
game,diiyo,NA,755
game,likka–,NA,755
game,likkairas,NA,755
game,likkaires,TAN,755
game,likkaanú,NA,756
game,likkóópiyop,NA,756
game,limmeisch,NA,756
game,lisso,TAN,756
game,soopáy²,TAN,756
game,ukkur,NA,756
game,ur,NA,756
Garapan,Arabwal,NA,756
garbage,bwasuula,NA,756
garbage,gita–,TAN,756
garbage,ghita–,NA,756
garland,amwara,NA,756
garland,amwaremwar,NA,756
garland,amwaremwara,NA,756
garland,limwómw,NA,756
garland,mware–,NA,756
garland,mwaremwar,NA,756
garland,mwáár,NA,756
garland,úlúw,NA,756
garland,úlúwalúúw,NA,757
garment,apelipel,NA,757
garment,téér2,NA,757
gasoline,gaas,NA,757
gate,asamal ghollal,NA,757
gateway,asamal ghollal,NA,757
gather,amweya,NA,757
gather,amweyú,TAN,757
gather,aresaaló,NA,757
gather,ohey,TAN,757
gather,rhóng,TAN,757
gather,schóng,NA,757
gather,schuufengáll,NA,757
gather,ttar,NA,757
gather,tári2,NA,757
gather,tóraay,TAN,757
gather,tóreey1,NA,757
gather,úrúgi,TAN,757
gather,úrúghú,NA,757
gather,úrúúr2,NA,758
gather,wos,NA,758
gather,woseey,NA,758
gather,yéélú,NA,758
gather,yéénú,TAN,758
gaze,afota3,NA,758
gaze,woo–,NA,758
gecko,galuuf,TAN,758
gecko,ghaluuf,NA,758
generation,táttálil,NA,758
generation,tettelin,TAN,758
generous,mwool,NA,758
genitals,bwoomwas,NA,758
genitals,ffo–,NA,758
genitals,mwáá,NA,758
genitals,paapa,NA,758
genitals,tingi,NA,758
gentleman,soumwár,NA,758
gentlemen,mwáál kkemwuul,NA,759
geographical term,alúgúppag,TAN,759
geographical term,alúghúppagh,NA,759
geographical term,arhaw,TAN,759
geographical term,aschaw,NA,759
geographical term,ayúlúúl2,NA,759
geographical term,fááliilól,NA,759
geographical term,fáániilól,TAN,759
geographical term,ingiing,NA,759
geographical term,laam3,NA,759
geographical term,leelómw,NA,759
geographical term,leenómw,TAN,759
geographical term,léélé,NA,759
geographical term,liisang,NA,759
geographical term,lóómw3,NA,759
geographical term,lugunoorh,TAN,759
geographical term,lughuluwosch,NA,759
geographical term,máásch,NA,759
geographical term,metaw,NA,759
geographical term,mwóschongeiset,NA,759
geographical term,nóómw2,"TAN, LN",759
geographical term,ngaschel falúw,NA,759
geographical term,ngaschel ppal,NA,759
geographical term,ngaschel sáát,NA,759
geographical term,oorh,TAN,759
geographical term,orhopay,TAN,760
geographical term,ppal1,NA,760
geographical term,pareingiing,TAN,760
geographical term,ppi1,NA,760
geographical term,ppwesch,NA,760
geographical term,rhanubwuubwu,TAN,760
geographical term,rhuug,TAN,760
geographical term,rhugullang,TAN,760
geographical term,sarhúg,TAN,760
geographical term,saschúgh,NA,760
geographical term,schalúbwuubwu,NA,760
geographical term,scháp falúw,NA,760
geographical term,schuugh,NA,760
geographical term,schughullang,NA,760
geographical term,téé,NA,760
geographical term,tool1,NA,760
geographical term,tour,TAN,760
geographical term,tówur,NA,760
geographical term,weirhug,TAN,760
geographical term,weischugh,NA,760
geographical term,weneyorh,TAN,760
geographical term,woosch,NA,760
geographical term,woschopagh,NA,760
geographical term,wów,NA,760
geographical term,wuluwoosch,NA,761
Germany,Alimaan,NA,761
gesture,paito,NA,761
get,bwugi,TAN,761
get,bwughi,NA,761
get,guluuti,TAN,761
get,ghuluuti,NA,761
get,mweteri,NA,761
get,umwuuw,NA,761
get away,hú,TAN,761
get away,mwet,NA,761
get away,sú,NA,761
get up,rhimwetá,TAN,761
get up,schimwetá,NA,761
get up,ugutá,TAN,761
get up,ughutá,NA,761
get well,haráág,TAN,761
get well,seráágh,NA,761
ghost,alú,NA,761
ghost,anú,"TAN, LN",762
ghost,bwuruuha,TAN,762
ghost,bwuruuwa,NA,762
ghost,kaaka,NA,762
ghost,malebwut,NA,762
ghost,ngéél,NA,762
ghost,soope,NA,762
giant,higanti,TAN,762
giant,iganti,NA,762
gift,afangafang,NA,762
gift,asootubw,NA,762
gift,liffang,NA,762
gifted,kkáng,NA,762
gifted,kkeng,TAN,762
giggle,gekkey,TAN,762
giggle,ghekkáy,NA,762
gills,fatoru–,NA,762
ginger,gúrhúl,TAN,762
ginger,ghuschél,NA,762
ginger,óngoschigh,NA,762
ginger,raang,NA,763
ginger,sinser,NA,763
girl,atte schóóbwut,NA,763
girl,faabwul,NA,763
girl,ligaaw,TAN,763
girl,liye–,NA,763
girl,pwóssoy leetip,NA,763
give,apaghapagh,NA,763
give,fang1,NA,763
give,fanga,NA,763
give,giri,TAN,763
give,ghiriiy,NA,763
give,ngalleey,NA,763
give birth,layúlay,NA,763
give birth,layúlayúmescherágh,NA,763
give birth,layúlayúnngaw,NA,763
give birth,layúli,NA,763
give birth,makk2,NA,763
give birth,makkéli,NA,763
give birth,malawaaló,NA,763
give birth,nayúnay,TAN,764
give birth,nayúnayubwutag,TAN,764
give birth,nayúnayúmerherág,TAN,764
give birth,nayúni,TAN,764
give in,kkár,NA,764
give up,atara,NA,764
give up,fangetá,NA,764
give up,kkár,NA,764
give up,póós,NA,764
glass,bwóósu,NA,764
glass,speeyos,NA,764
glassy-eyed,amálimál1,NA,764
globe,amaley,TAN,764
glove,guroobwu,NA,764
glove,tebwukuro,NA,764
glue,apparh2,TAN,764
glue,appasch2,NA,764
glue,apposcha,NA,765
glutton,mwongoolap,NA,765
gluttonous,heriyo,TAN,765
gnaw,ngr1,NA,765
gnaw,ngriiy,NA,765
go,bwliiy,NA,765
go,hap,TAN,765
go,l,NA,765
go,mwet,NA,765
go,mwetel,NA,765
go,mwetesngi,NA,765
go,sp,NA,765
go,spelong,NA,765
go,spel,NA,765
go,spel-speto,NA,765
go,spet,NA,765
go,spewow,NA,765
go,soul,NA,765
go,sl,NA,765
go,sch-,NA,765
go,téétiw,NA,766
go,toolong,NA,766
go,toowow,NA,766
go,tubw1,NA,766
goat,siibwa,NA,766
goatfish,feilighi1,NA,766
goatfish,marep,TAN,766
goatfish,mwarep,NA,766
goatfish,uwey,TAN,766
goatfish,wuuschigh,NA,766
Goat Island,Iwal,NA,766
gobble,urubwullúw,NA,766
god,Luugh,NA,766
God,Liyoos,NA,766
God,Luugh,NA,766
God,Samalap,NA,766
God,Sarawi,NA,766
goggles,antiyos,NA,766
Golden Shower,kana festúla,NA,766
gone,hóór2,TAN,767
gone,ros,NA,767
gone,sóór2,NA,767
good,aghatchúw,NA,767
good,bwung,NA,767
good,ghatch,NA,767
good,lamalam3,NA,767
good,maleghatch,NA,767
good,manewetig,TAN,767
good,mwaamwaay,NA,767
good,wel,NA,767
good,wen,TAN,767
good,wetig,TAN,767
good,wetigh,NA,767
good-bye,akkabwung2,TAN,767
good-bye,ókkóbwong,NA,767
goose pimples,ghúliffooy,NA,767
goose pimples,mwurang,NA,767
goose pimples,uró,NA,767
go out,gun,TAN,767
go out,ghul1,NA,768
gore,falúúw,NA,768
gorge,ingiing,NA,768
gossip,alo1,NA,768
gossip,apasa,NA,768
gossip,bworóus,NA,768
gossip,kkes,NA,768
gossip,riyá,NA,768
gossip,seschóówul,NA,768
gourd,tókkuuwa,NA,768
governor,magalaay,TAN,768
governor,maghalaay,NA,768
governor,móóghas,NA,768
grab,kkamwarh,TAN,768
grab,kkamwasch,NA,768
grab,mweteri,NA,768
grab,yoofi,NA,769
grab,yóófi,TAN,769
grade,guróódo,NA,769
gradual,ssór,NA,769
grammatical particle,a–1,NA,769
grammatical particle,a–2,NA,769
grammatical particle,–a1,NA,769
grammatical particle,–a2,NA,769
grammatical particle,–a3,NA,769
grammatical particle,aa–,NA,769
grammatical particle,akka–2,NA,769
grammatical particle,–bwaabw,NA,769
grammatical particle,bwal,NA,769
grammatical particle,–bwe,NA,769
grammatical particle,bwe1,NA,769
grammatical particle,bwe2,NA,769
grammatical particle,bwe3,NA,769
grammatical particle,–bwele,NA,769
grammatical particle,fan,NA,769
grammatical particle,far,NA,769
grammatical particle,–gem,TAN,770
grammatical particle,–gemi,TAN,770
grammatical particle,–girh,TAN,770
grammatical particle,–gh,NA,770
grammatical particle,ghal,NA,770
grammatical particle,–ghámem,NA,770
grammatical particle,–ghemi,NA,770
grammatical particle,–ghisch,NA,770
grammatical particle,i–,NA,770
grammatical particle,ila1,NA,770
grammatical particle,–iti,NA,770
grammatical particle,kka–,NA,770
grammatical particle,kke,NA,770
grammatical particle,–l1,NA,770
grammatical particle,–l2,NA,770
grammatical particle,–ll,NA,770
grammatical particle,le,NA,770
grammatical particle,li–,NA,770
grammatical particle,–li,NA,771
grammatical particle,liga–,TAN,771
grammatical particle,ligha–,NA,771
grammatical particle,–lo,NA,771
grammatical particle,–long,NA,771
grammatical particle,–ló1,NA,771
grammatical particle,–ló2,NA,771
grammatical particle,–ló3,NA,771
grammatical particle,–ló4,NA,771
grammatical particle,–m,TAN,771
grammatical particle,ma–,NA,771
grammatical particle,–mám,S,771
grammatical particle,me1,NA,771
grammatical particle,me2,NA,771
grammatical particle,–mi,NA,771
grammatical particle,–mw,NA,771
grammatical particle,mwo2,NA,771
grammatical particle,–n,"TAN, LN",771
grammatical particle,–nn,"TAN, LN",771
grammatical particle,–ni,"TAN, LN",771
grammatical particle,–no,TAN,772
grammatical particle,nge1,NA,772
grammatical particle,nge2,NA,772
grammatical particle,nge3,NA,772
grammatical particle,–r1,NA,772
grammatical particle,–r2,NA,772
grammatical particle,–rh,TAN,772
grammatical particle,rhag,TAN,772
grammatical particle,sa–1,NA,772
grammatical particle,–saa,NA,772
grammatical particle,–sáál,NA,772
grammatical particle,–se,NA,772
grammatical particle,–ssóbw,NA,772
grammatical particle,–sch,NA,772
grammatical particle,schagh,NA,772
grammatical particle,–tá,NA,772
grammatical particle,–te,NA,772
grammatical particle,–tiw,NA,772
grammatical particle,–to,NA,772
grammatical particle,wo,NA,772
grammatical particle,-wow,NA,773
grammatical particle,-y1,NA,773
grammatical particle,-yáy,NA,773
grandfather,hamalap,TAN,773
grandfather,samal iil,NA,773
grandfather,samal saam,NA,773
grandfather,samalap,NA,773
grandmother,ilelap,NA,773
grandmother,inelap,TAN,773
grandmother,Naang,NA,773
grape,uubas,NA,773
grasp,amwurhú,TAN,773
grasp,amwuschú,NA,773
grasp,anngeli,NA,773
grasp,kkamwarh,TAN,773
grasp,kkamwasch,NA,773
grass,asang,NA,774
grass,bwuger,TAN,774
grass,bwughárimwáál,NA,774
grass,bwughárinngas,NA,774
grass,bwughárischóóbwut,NA,774
grass,bwugher,NA,774
grass,fitil,NA,774
grass,liarabwas,NA,774
grass,liarabwas siilo,NA,774
grass,lighauluul,NA,774
grass,maigo lóólo,NA,774
grasshopper,bwaaga,TAN,774
grasshopper,taagha,NA,774
grate,ageriger,TAN,774
grate,amaat,NA,774
grate,bwáighar,NA,774
grate,bweigár,TAN,774
grate,gheri,NA,774
grate,gherigher,NA,774
grate,ghúrú2,NA,774
grate,ghúrúghúr,NA,774
grave,liibw,NA,775
grave,naah,TAN,775
grave,peiah,TAN,775
grave,peey 1,NA,775
grave,peyas,NA,775
gravel,faay mó,NA,775
gravel,faay móg,TAN,775
gravel,tarafaifay,NA,775
graveyard,welepey,NA,775
gravy,arúng,NA,775
grease,mwatiigha,NA,775
greasy,mmis,NA,775
greasy,mwatiigha,NA,775
greater,–ló2,NA,775
greater,mmwa–2,NA,775
greater,únngúló,NA,775
greedy,gaaki,NA,775
greedy,heriyo,TAN,775
greedy,mwescheleyá,NA,775
greet,ailów,TAN,776
greet,rhimweri,TAN,776
greet,schimweri,NA,776
greet,tirowa,NA,776
greeting,aschighimas,NA,776
greeting,awuufal,NA,776
greeting,ámelif,NA,776
greeting,tirow,NA,776
greeting,werefat,TAN,776
grieve,hengiiti,TAN,776
grieve,lirh,TAN,776
grieve,lisch,NA,776
grieve,sángiiti,NA,776
grimace,angóóngó,NA,776
grin,ammel,NA,776
grind,ahangúrú,TAN,776
grind,amall,NA,776
grind,amallaay,NA,777
grind,amallú,NA,777
grind,asangúrú,NA,777
grind,mall2,NA,777
grind,mallughatch,NA,777
grind,mallúfirh,TAN,777
grind,mwuliino1,NA,777
ground,leppwel,NA,777
groundwork,bweleláá-,NA,777
group,ammaat,NA,777
group,arhúúy,TAN,777
group,aschuuw,NA,777
group,fita2,NA,777
group,mweifeng’ all,NA,777
group,mweey1,NA,777
group,olighát1,NA,777
group,rhóó,TAN,777
group,rhuulap,TAN,778
group,schóó,NA,778
group,schuulap,NA,778
group,tcho-,NA,778
group,tcholap,NA,778
grouper,ali,TAN,778
grouper,áli,NA,778
grouper,gúnúfey,TAN,778
grouper,haiyaw,TAN,778
grouper,malosolos,TAN,778
grouper,malúsúlús,NA,778
grouper,saiyaw,NA,778
grow,afasetá,NA,778
grow,limwug,TAN,778
grow,limwugh,NA,778
grow,máár,NA,778
grow,mwugh,NA,778
grow,ppwóóppwó,NA,778
growl,ériyér,NA,778
grumble,asúngúsúng,NA,779
Guam,Kkuwam,NA,779
guard,afalli,TAN,779
guard,áfálli,NA,779
guard,gwóóddiya,NA,779
guard,leghelegh,NA,779
guard,leghileghiiy,NA,779
guard,negeneg,TAN,779
guard,neghenegh,LN,779
guard,neghineghiiy,LN,779
guard,rhóón appwóg,TAN,779
guava,aabwas,NA,779
guest,schóól waaseela,NA,779
guide,afal,NA,779
guide,afala,NA,779
guide,aiti,NA,779
guide,apayú,NA,779
guide,umwuuw,NA,779
gullet,tour,TAN,780
gullet,tówur,NA,780
gum,daangis,NA,780
gum,tching gam,NA,780
gums,oscha-,NA,780
gun,pákk,NA,780
gut,affa,NA,780
gut,afaff,NA,780
gut,afaaló,NA,780
gut,affááni,"TAN, LN",780
gut,áffááli,NA,780
gut,taa1,NA,780
guy,ollaal,NA,780
guy,olo-2,NA,780
guy,olomwuul,NA,780
guy,olowe,NA,780
h,lóóng2,NA,781
habitually,gan,TAN,781
habitually,ghal,NA,781
hair,áál2,NA,781
hair,álischiimw,NA,781
hair,bwoozu,NA,781
hair,gót,TAN,781
hair,ghót,NA,781
hair,ileil1,NA,781
hair,ileila-,NA,781
hair,ilias,NA,781
hair,kkor,NA,781
hair,metetteril schiimw,NA,781
hair,mwous,NA,781
hair,paróngaróng,NA,781
hair,schiimw,NA,781
hair,schimwelaar,NA,781
hair,schimwéghót,NA,781
hair,schimwérúúrú,NA,781
hair,schimwittiw,NA,781
hair,schimmwosch,NA,781
hair,schimmwow,NA,781
hair,schimmwówoowo,NA,781
hair,schimmwulóótu,NA,782
hair,úlúyaraw,NA,782
hair,úna–,TAN,782
hair,únaúna,TAN,782
hair,–yál,NA,782
hairbrush,kkéréél schiimw,NA,782
haircut,dóósay,NA,782
hairstyle,dóósay,NA,782
half,ehóbw,TAN,782
half,esóbw,NA,782
half,–hóbw2,TAN,782
half,hóóbw1,TAN,782
half,paghúl,NA,782
half,–peigh,NA,782
half,peigh,NA,782
half,–sóbw1,NA,782
half,sóóbw1,NA,782
halfbeak,fana,TAN,782
halfbeak,fela,NA,782
half past,metiya,NA,782
hallucinate,awarawar,NA,783
hallucinate,werewer2,NA,783
hammer,abwappw,NA,783
hammer,átingi,NA,783
hammer,tchúfal,NA,783
hammer,úghúw,NA,783
hammock,ayúlúúl1,NA,783
hammock,ligailúúl,TAN,783
hand,aiti,NA,783
hand,gumwurh,TAN,783
hand,ghumwusch,NA,783
hand,limal,NA,783
hand,lughul ghumwúsch,NA,783
hand,paay1,NA,783
hand,paay mwáál,NA,783
hand,paay schóóbwut,NA,783
hand,paayghéré,NA,783
handful,–gumw,TAN,783
handful,–ghumw,NA,783
handicap,málesemwaay,NA,783
handkerchief,bwaayo,NA,784
handle,arhan,TAN,784
handle,bwúúng,NA,784
handle,eschal,NA,784
handle,paasch 1,NA,784
handsome,limwaamwaay,NA,784
handsome,liris,NA,784
handsome,mwaamwaay,NA,784
handsome,ris,NA,784
handsome,wooghatch,NA,784
hang,assayúlúw,NA,784
hang,ffórey,TAN,784
hang,lomwa,NA,784
hang,núma,TAN,784
hang,sayúlúúl,NA,784
hang,schéngágh,NA,784
hang,schéngághili,NA,784
hang,tchengágh,NA,784
hang,tchéngég,TAN,784
hang,tchéngégini,TAN,784
hang,tchéérágh,NA,784
hang,tchéérághili,NA,785
happen,fih,TAN,785
happen,fis1,NA,785
happy,maagof,TAN,785
happy,meseigh,NA,785
happy,meseigháágháli,NA,785
happy,móóghuf,NA,785
happy,ppwó,NA,785
hard,appett,NA,785
hard,awweireh,TAN,785
hard,awweires,NA,785
hard,aweirisi,NA,785
hard,tchemaaw,NA,785
hard,tchúgúl,TAN,785
hard,tchúghúl,NA,785
hard,wáires,NA,785
hard,weireh,TAN,785
hard-headed,masatchemaaw,NA,785
hard-headed,tchúgúl,TAN,785
hard-headed,tchúghúl,NA,785
hard of hearing,rongotchów,NA,786
hardship,awweireh,TAN,786
hardship,áppetti,NA,786
hardship,wáires,NA,786
hardship,weireh,TAN,786
hard-to-get,aweirehi,TAN,786
hard-to-get,aweirisi,NA,786
hard-working,ruuru1,NA,786
harm,anngawa,NA,786
harvest,ghili1,NA,786
harvest,iyasa,NA,786
haste,pakk,NA,786
hat,akkaw,NA,786
hat,allur,NA,786
hat,annúr,TAN,786
hat,aparaparú,TAN,786
hat,aparúngúrúnga,NA,786
hat,iimw2,NA,786
hat,papparúng,NA,787
hat,par2,TAN,787
hat,parúng1,NA,787
hat,parúngúrúng,NA,787
hatch1,assowa,NA,787
hatch1,ssawa,TAN,787
hatch1,ssowa,NA,787
hatch2,dómbwulo,NA,787
hatchet,átsiita,NA,787
hate,abwuta,NA,787
hate,afaiyabwut,NA,787
hate,affeiyabwut,TAN,787
haughty,mwáálesol,NA,787
have,eoor,TAN,787
have,eyoor,NA,787
have,layúlay,NA,787
have,nayúnay,TAN,787
have,yoor,NA,787
hawk,manuwó,TAN,787
hawk,mwuluwa,NA,788
hazy,póól,NA,788
he,e,NA,788
head,fayúschiimw,NA,788
head,hagún magúr,TAN,788
head,magúr,TAN,788
head,móghur,NA,788
head,schiimw,NA,788
head,úli–,NA,788
headlight,dengki,NA,788
headquarters,bwulasio,NA,788
headstrong,–maaw,NA,788
heal,mó,NA,788
health,meefi1,NA,788
healthy,bwóó1,NA,788
healthy,ghilifaitcha,NA,788
healthy,máár,NA,788
healthy,mwaamwaay,NA,789
heap,tchóng,NA,789
hear,bwoppworó,NA,789
hear,helingááfi,TAN,789
hear,rong,NA,789
hear,rongorong,NA,789
hear,selingááfi,NA,789
hearing,rongotchów,NA,789
heart,bwúll1,NA,789
heart,faar,NA,789
heart,korasoon,NA,789
heartburn,gérérébwérh,TAN,789
heat,abwerhikkara,TAN,789
heat,abweschikkara1,NA,789
heat,árengiiy,NA,789
heat rash,ppwey,NA,789
heaven,lááng,NA,789
Heaven,luugeiláng,TAN,789
Heaven,luugheiláng,NA,790
heavy,tchów,NA,790
heavy-hearted,tipeetchow,TAN,790
heavy-hearted,tipetchów,NA,790
heel,apilipilil pesche,NA,790
heel,apilipilin perhe,TAN,790
helm,timwoon,NA,790
help,alillih,TAN,790
help,aschiischi2,NA,790
help,llih,TAN,790
help,llis,NA,790
help,rheeni,TAN,790
help,scheeli,NA,790
help,tapatap2,NA,790
help,tepángi,NA,790
help,túmúlú,NA,790
help,túmúnú,"TAN, LN",790
helpmate,rheena–,TAN,790
helpmate,scheela–,NA,790
hemorrhoids,sughuruwa,NA,791
her,–a3,NA,791
her,aal2,NA,791
her,aan,"TAN, LN",791
her,ii,NA,791
her,–l1,NA,791
her,–n,"TAN, LN",791
herb,golondriina,TAN,791
herb,kolonggorina,NA,791
herd,tcho–,NA,791
here,igha2,NA,791
here,ighaal,NA,791
here,igheey,NA,791
here,iye2,NA,791
here they are’,eyoor igha,NA,791
hero,limmaamaaw,NA,791
hero,maleghatch,NA,791
hero,manewetig,TAN,791
heroes,Lipéépéélimóng,NA,792
heroes,Mwaarap,NA,792
heroes,Rongolap,NA,792
heroes,Rongoschigh,NA,792
heroic,bwura2,NA,792
heroine,limmaamaaw,NA,792
hers,aan,"TAN, LN",792
hesitate,amwaramwar,NA,792
hex,paitingáli,NA,792
hey!,eey,NA,792
hibachi,falang,NA,792
hibiscus,ghúlúfé,NA,792
hibiscus,kkamang,NA,792
hibiscus,melew,NA,792
hiccough,matér,NA,792
hiccough,ssigh1,NA,793
hiccough,ssúg2,TAN,793
hide,mólóló,NA,793
hide,ókkóóp,NA,793
hide,óp,NA,793
hide,ópaaló,NA,793
hide,óperi,NA,793
hide-and-seek,likkóópiyop,NA,793
high,-as,NA,793
high,llang,NA,793
high,tágheyas,NA,793
high,tegiyah,TAN,793
high,weiláng,NA,793
high-pitched,lééyúrhig,TAN,793
high-pitched,ttigh3,NA,793
high-pitched,ttighifelááng,NA,793
high tide,bwur1,NA,793
high tide,bwurulong,NA,794
high tide,gún,TAN,794
highway,asaarito,NA,794
hill,ngaschel ppal,NA,794
hill,ppal 1,NA,794
hill,rhuug,TAN,794
hill,schuugh,NA,794
hill,weirhug,TAN,794
hill,weischugh,NA,794
him,–a3,NA,794
him,ii,NA,794
hindquarters,pesche,NA,794
hinge,pisóóghara1,NA,794
hip,ááp,NA,794
his,aal2,NA,794
his,aan,"TAN, LN",794
his,–l1,NA,794
his,–n,"TAN, LN",794
history,uruwow,NA,794
hit,átingi,NA,795
hit,fótchugh,NA,795
hit,ghaluutiiy,NA,795
hit,ghaluutiyangeli,NA,795
hit,llérh2,TAN,795
hit,llésch,NA,795
hit,lli,NA,795
hit,liiy,NA,795
hit,nni,"TAN, LN",795
hit,peli,NA,795
hit,ppwos,NA,795
hit,ppwosengi,NA,795
hit,senta,NA,795
hit,tughuuw,NA,795
hither,–to,NA,795
hives,alo1,NA,795
hoarse,pilaar,NA,795
hoist,áirúútá,NA,795
hoist,bwángiitá,NA,795
hold,afalakké,NA,796
hold,akkamwarh,TAN,796
hold,akkamwarhú,TAN,796
hold,akkamwasch,NA,796
hold,akkamwaschú,NA,796
hold,amwaschúútiw,NA,796
hold,ammwórhúútiw,TAN,796
hold,amwurhú,TAN,796
hold,amwuschú,NA,796
hold,kkamwarh,TAN,796
hold,kkamwasch,NA,796
hold,maleppeigh,NA,796
hold,ppeigh,NA,796
hold,úrhúpay,TAN,796
hold,úschúpay,NA,796
hole,bwisighi,NA,796
hole,bwura3,NA,796
hole,bwuraaló,NA,796
hole,bwurutii–,NA,796
hole,laas,NA,797
hole,liibw,NA,797
hole,ngaat,NA,797
hole,ngatangat,NA,797
hole,ngatáli,NA,797
hole,ngatéwow,NA,797
hole,raah,TAN,797
hole,ráás,NA,797
hollow,paw,NA,797
hollow,ppw3'w1,NA,797
home,bwughos,NA,797
home,iimw1,NA,797
home,lug3'3't,NA,797
homesick,bwos,TAN,797
homesick,bwoseeti,TAN,797
homesick,bw3's,NA,797
homesick,bw3's3'3'ti,NA,797
honest,ellet,NA,797
Honest!,diberas,NA,797
honor,mwareiti,NA,798
hook,géé,TAN,798
hook,ghéé,NA,798
hook,ghééy,NA,798
hook,iyas,NA,798
hope,mweschel,NA,798
hope,tengágh,NA,798
hope,tettengágh,NA,798
hope,tettengeg,TAN,798
horn,falú-,NA,798
horn,kunneeta,NA,798
horn,tittig,TAN,798
horn,tittigh,NA,798
horny,heenngan,TAN,798
horny,seenngal,NA,798
horse,ghubwaayo,NA,798
hortative,saa,NA,798
hortative aspect,–a2,NA,799
hospital,ataaló,NA,799
hospital,spit óód,NA,799
hot,bwerhikkar,TAN,799
hot,bweschikkar,NA,799
hot,kkar,NA,799
hot,lolliiló,NA,799
hot,lolliyaay,NA,799
hot,ttig1,TAN,799
hot,ttigh2,NA,799
hotel,otel,NA,799
hot-tempered,soongommang,NA,799
hour,ala,NA,799
hour,atol2,NA,799
hour,aton2,TAN,799
hour,oora,NA,799
house,feta1,NA,799
house,iimw1,NA,799
house,imwalighet,NA,800
house,imwapaap,NA,800
house,imwarorh,TAN,800
house,imwarosch,NA,800
house,imweyós,NA,800
house,imwóóh,TAN,800
house,imwóppwut,NA,800
house,leeimw,NA,800
house,luugholapal iimw,NA,800
house,utt,NA,800
house part,aham,TAN,800
house part,ahammwórho,TAN,800
house part,asam,NA,800
house part,asamal ghollal,NA,800
house part,asammwóscho,NA,800
house part,faal uung,NA,800
house part,fatafatal iimw,NA,800
house part,fáálipó,NA,800
house part,fáánipó,TAN,800
house part,forowul schaal,NA,800
house part,forowun rhaan,TAN,800
house part,ingiing,NA,800
house part,kkát,NA,800
house part,kiisami,NA,801
house part,ligaléétá,TAN,801
house part,mwóluumw,NA,801
house part,óóh,TAN,801
house part,óós,NA,801
house part,pareingiing,TAN,801
house part,piing,NA,801
house part,pischeeliimw,NA,801
house part,póó,NA,801
house part,róóng,NA,801
house part,ghurughur,NA,801
house part,mwáár,NA,801
house part,rhaamw,TAN,801
house part,teeras2,NA,801
house part,tibwas,NA,801
house part,uung,NA,801
house part,úúr2,NA,801
house part,weey3,NA,801
how,efaihún,TAN,801
how,efaisúl,NA,801
how,ekkaisúl,NA,801
howl,affool,NA,801
how many,fita–,NA,801
how many,fitalé,NA,801
how many,fitasché,NA,801
how many,fitebwúghúw,NA,802
how many,fitefósch,NA,802
how many,fitengaras,NA,802
how many,fitifay,NA,802
how many,fitimal,NA,802
how many,fitischay,NA,802
how many,fitoow,NA,802
how much,fita–,NA,802
how much,fitifay méél,NA,802
huddle,llofit,TAN,802
huddle,lufit,NA,802
hue,kkulood,NA,802
hug,bwugeey,TAN,802
hug,bwugheey,NA,802
hug,ppaschangáli,NA,802
huge,daibang,NA,802
huge,daiwatte,NA,802
huge,tomwógh,NA,802
hull,ilighi–,NA,802
hull,inigi–,TAN,802
human,–rhay,TAN,803
human being,schóól falúw,NA,803
humble,awóófisch,NA,803
humility,fayúrho,TAN,803
humility,fayúscho1,NA,803
hundred,–bwúgú,TAN,803
hundred,–bwúghúw,NA,803
hundred,ebwúghúw,NA,803
hundred,elébwúghúw,NA,803
hundred,faabwúghúw,NA,803
hundred,fisabwúghúw,NA,803
hundred,limabwúgú,TAN,803
hundred,limabwúghúw,NA,803
hundred,olobwúghúw,NA,803
hundred,ruwabwúghúw,NA,803
hundred,tiwabwúghúw,NA,803
hundred,walabwúghúw,NA,803
hundred thousand,–púngút,NA,803
hungry,fiyol,NA,804
hungry,kkiif,NA,804
hungry,petchaay,NA,804
hunt,arhep1,TAN,804
hunt,arhepa,TAN,804
hunt,aschep1,NA,804
hunt,aschepa,NA,804
hunt,attaw,NA,804
hunt,faarheey,TAN,804
hunt,faascheey,NA,804
hunt,sariiri,NA,804
hunt,tilifi1,NA,804
hunter,soupekk,NA,804
hunting,aro,NA,804
hunting,aschep1,NA,804
hunting,aschepa,NA,804
hunting,bwee,NA,804
hunting,hooni1,TAN,804
hunting,sooli,NA,804
hunting,soolifischiiy,NA,804
hunting,sooso1,NA,805
hurry,akkáyi,NA,805
hurry,alangalangúw,NA,805
hurry,amwetekkáya,NA,805
hurry,apakka,NA,805
hurry,gutch,TAN,805
hurry,gutchu,TAN,805
hurry,ghutch,NA,805
hurry,ghutchuuw,NA,805
hurry,mwetekkáy,NA,805
hurry,mwetekkáyeti,NA,805
hurry,mwetemwet,NA,805
hurry,pakk,NA,805
hurry,rheg,TAN,805
hurt,abwutaga,TAN,805
hurt,ametághi,NA,805
hurt,ametegi,TAN,805
hurt,anngawa,NA,805
hurt,fall,NA,805
hurt,fayenngaw,NA,805
hurt,metágh,NA,805
hurt,ppisch,NA,805
hurt,waamwey,NA,805
husband,bwúlúwa–,NA,806
husband,familiya,NA,806
husband,rhóóniimw,TAN,806
husband,schóóliimw,NA,806
husk,ahey,TAN,806
husk,ammworomwor,NA,806
husk,goorh,TAN,806
husk,gheingi,NA,806
husk,ghey,NA,806
husk,ghoot,NA,806
husk,ghoteey,NA,806
husk,ghotoot,NA,806
husk,oteey,TAN,806
husk,otomarh,TAN,806
husk,peiyel,NA,806
husking stick,ghoot,NA,806
husking stick,otomarh,TAN,806
husky,pilaar,NA,806
hut,peles,NA,807
I,i,NA,808
I,ngaang,NA,808
ice,ais 1,NA,808
ice,koori,NA,808
idea,mángimáng,NA,808
identical,weewe,NA,808
idle,arúgúrúg,TAN,808
idle,arúghúrúgh,NA,808
idle,looffat,NA,808
if,bwetáámwo,NA,808
if,ngare,NA,808
ignorant,bwaasaas,NA,808
ignorant,bwurh,TAN,808
ignorant,bwusch,NA,808
ignore,atchofesá,NA,808
ignore,kkóbw2,NA,808
ignore,lúgúhoolapey,TAN,809
ignore,rongoiyá,NA,809
ignore,rongommarh,TAN,809
ignore,rongommasch,NA,809
ignore,rugupaat,TAN,809
ignore,sálingammasch,NA,809
ill,sóóghu,NA,809
illness,schighar1,NA,809
illuminate,aharama,TAN,809
illuminate,asarama,NA,809
illuminate,awereey,NA,809
illuminate,bwulubwul,NA,809
illuminate,saram,NA,809
illuminate,wer2,NA,809
image,liyoos,NA,809
imitate,apúrúmaaw,TAN,809
imitate,attabweey,NA,809
imitate,awoowo,NA,809
imitate,awoowoongi,NA,809
imitate,áppey,NA,809
imitate,tabwemaaw,NA,810
immature,lissil,NA,810
immature,lissin,TAN,810
immature,mangurh,TAN,810
immature,mangúsch,NA,810
immerse,amwo,NA,810
immerse,amwooy,NA,810
immerse,túútú,NA,810
imminent,–bwele,NA,810
impatient,amwáángi,NA,810
impatient,mwááng,NA,810
impolite,aalleew,NA,810
important,debi,NA,810
important,impotanti,NA,810
impregnate,abwoobwoow,NA,810
improper,aalleew,NA,811
improper,–bwut,NA,811
improper,bwuutag,TAN,811
improve,aghatchúw,NA,811
improve,–tá,NA,811
in,–long,NA,811
inappropriate,ehefil,TAN,811
inappropriate,eseffil,NA,811
inappropriate,tamanngaw,NA,811
inattentive,rongobwaas,NA,811
inattentive,rongosáling,NA,811
inattentive,sórósór,NA,811
incantation,afféér,NA,811
in charge,amwurhú,TAN,811
incipience,–ló1,NA,811
incompetent,hókkobwurh,TAN,812
inconsiderate,atchofáhá,TAN,812
inconsiderate,atchofesá,NA,812
inconsistent,–paat,NA,812
incorrect,ehefil,TAN,812
incorrect,eseffil,NA,812
increase,angúúw,NA,812
increase,anngúy,TAN,812
increase,lapaló,NA,812
increase,únngúló,NA,812
indecision,tipeetchow,TAN,812
indecisive,tiperáárá,NA,812
indefinite future,–bwaabw,NA,812
Indian almond,asass,NA,812
Indian almond,Terminalia catappa,NA,812
Indian almond,taliisay,NA,813
Indian almond,tiliisey,TAN,813
Indian chrysanthemum,liarabwal,NA,813
Indian mulberry,leel,NA,813
Indian mulberry,neen,TAN,813
indifferent,awóófirh,TAN,813
indifferent,awóófisch,NA,813
indigestion,gérérébwérh,TAN,813
inebriated,ffirh1,TAN,813
inebriated,ffisch1,S,813
ineffectual,ngusch,NA,813
infant,góógó,TAN,813
infant,ghóóghó,NA,813
infant,maleghól,NA,813
infected,bwoomasch,NA,814
infected,fallaló,NA,814
infected,gáng,TAN,814
infected,gilibwutag,TAN,814
infected,gháng,NA,814
infected,lihilingamarh,TAN,814
infected,loor,NA,814
infected,mwolaala,NA,814
infected,sálingamasch,NA,814
infection,aimwulál,NA,814
infection,lorommarh,TAN,814
infection,lorommasch,NA,814
infection,sálingabwwuubwu,NA,814
infection,wailú,NA,814
infection,wáánú,TAN,814
infest,anay,NA,814
infest,yár,NA,814
infested,mesenipig,TAN,814
infested,mmwul,NA,814
inform,aronga,NA,814
information,arongorong,NA,815
information,bworóus,NA,815
infuriate,allingariiy,NA,815
infuriate,allingáringáriiy,TAN,815
inhabitant,rhóó,TAN,815
inhabitant,schóó,NA,815
inject,ttow,NA,815
injure,nni,"TAN, LN",815
injure,wós,NA,815
ink,ingki,NA,815
ink,tinta,NA,815
innocent,bwusch,NA,815
innocent,wóófirh,TAN,815
innocent,wóófisch,NA,815
insane,mmang,NA,815
insect,abeeha,TAN,815
insect,abeeya,NA,815
insect,anay,NA,815
insect,bwaaga,TAN,816
insect,gooh1,TAN,816
insect,gúú,TAN,816
insect,ghoos1,NA,816
insect,ghúúw2,NA,816
insect,lééng,NA,816
insect,liamwút,NA,816
insect,libweibwogh,NA,816
insect,libwogobwog,TAN,816
insect,ligiliig,TAN,816
insect,lighaawong,NA,816
insect,lighiliigh,NA,816
insect,lighúnngár,NA,816
insect,lihááháánibwong,TAN,816
insect,likken,TAN,816
insect,limállibwong,NA,816
insect,lisáásá,NA,816
insect,littubwuláár,TAN,816
insect,littubwuráárá,NA,816
insect,liwaffirh,TAN,816
insect,liwannéét,TAN,816
insect,lóómw2,NA,816
insect,lóóng2,NA,816
insect,lóóng samwool,NA,816
insect,maan1,"TAN, LN",816
insect,maniibwong,TAN,817
insect,mesenipig,TAN,817
insect,nóómw1,LN,817
insect,oschááp2,NA,817
insect,sasaata,NA,817
insect,seschól,NA,817
insect,taagha,NA,817
insect,tereen,NA,817
insect,ugerh,TAN,817
insect,wughesch,NA,817
insert,áleepat,NA,817
insert,bwurutii–,NA,817
inside,auto–,NA,817
inside,awut,NA,817
inside,leeyut,NA,817
inside,–long,NA,817
inside,llól,NA,817
inside,llón,TAN,817
instruct,abwúngúw,NA,817
instruct,afalafal1,NA,817
instruct,aguleey,TAN,817
instruct,aghuleey,NA,817
instruct,aruruurúy,TAN,817
instruct,auruuruw,NA,818
instruct,félééw,NA,818
instruct,ffén,"TAN, LN",818
instruct,fénééy,TAN,818
instruction,ffél,NA,818
intelligence,reepi2,NA,818
intelligent,malóóti,NA,818
intelligent,reepi1,NA,818
intelligent,schúmmáng,NA,818
intense,ligi–,TAN,818
intense,lighi–,NA,818
intercede,kkapaháágini,TAN,818
intercede,kkapasáághili,NA,818
interloper,lituung,NA,818
interpret,seleti,NA,818
interpretation,faal1,NA,818
interpretation,weewe,NA,818
interpreter,schóól atéétéél kkapas,NA,819
interrogative,bwe feita,NA,819
interrogative,bwoobwat,NA,819
interrogative,efaihún,TAN,819
interrogative,efaisúl,NA,819
interrogative,–fa,NA,819
interrogative,fita–,NA,819
interrogative,fitalé,NA,819
interrogative,fitasché,NA,819
interrogative,fitebwúghúw,NA,819
interrogative,fitefósch,NA,819
interrogative,fitengaras,NA,819
interrogative,fitifay,NA,819
interrogative,fitifay méél,NA,819
interrogative,fitimal,NA,819
interrogative,fitischay,NA,819
interrogative,fitoow,NA,819
interrogative,ifa,NA,819
interrogative,ikkefa,NA,819
interrogative,ileeta,NA,819
interrogative,ineeta,"TAN, LN",819
interrogative,iya,NA,819
interrogative,iyo,NA,819
interrogative,meiya,NA,819
interrogative,meeta,NA,819
interrogative,meetaawe,NA,820
interrogative,meetaawo,NA,820
interrogative,ne,NA,820
interrogative,olofa,NA,820
interrogative,óóbwo,NA,820
intestines,taa1,NA,820
intonation,ghoogho,NA,820
intoxicate,sakaw,NA,820
intoxicate,watch,TAN,820
intoxicate,wétch,NA,820
introduction,bweletáá-,NA,820
introduction,bwenetáá-,"TAN, LN",820
investigate,aalleta,NA,820
invitation,tókkótoomwo leeimw,NA,820
invite,tári2,NA,820
iron,mesche,NA,820
iron,paarang,NA,820
iron,teppang,NA,820
ironwood,laasch,NA,821
ironwood,weegu,TAN,821
ironwood,weighu,NA,821
irrealis,-bwe,NA,821
irritable,soongoschééy,NA,821
irritate,abweebwe,NA,821
irritate,agu,TAN,821
irritate,aghuuw,NA,821
irritate,ahoong,TAN,821
irritate,angúrhúngúrh,TAN,821
irritate,angúschúngúsch,NA,821
irritate,aremet,NA,821
irritate,asoong,NA,821
irritate,hoong,TAN,821
island,falúw,NA,821
island,fanú,"TAN, LN",821
island,Fánáápi,TAN,821
island,Feláápi,NA,821
island,Paghúluwosch,NA,821
island,téé,NA,822
islander,schóól falúw,NA,822
isn’t it,ne,NA,822
isn’t it,óóbwo,NA,822
isn’t that right,óóbwo,NA,822
it,–a3,NA,822
it,e,NA,822
itch,bwárigh,NA,822
itch,kkéét,NA,822
itch,ttiyaw,NA,822
I told you so,iwe2,NA,822
its,aal2,NA,822
its,–l1,NA,822
its,–n,"TAN, LN",822
jack,aitamw,NA,823
jack,ayútamw,TAN,823
jack crevalle,bweyah,TAN,823
jacket,sóókko,NA,823
jail,gollel,TAN,823
jail,ghollal,NA,823
jail,imwarorh,TAN,823
jail,imwarosch,NA,823
jail,kkalabwoos,NA,823
jail,leeliyál áppet,NA,823
jam,zaam,NA,823
January,Eneero,NA,823
jasmine,asmin,NA,823
jasmine,hasmin,TAN,823
jaw,úúw1,NA,823
jawbone,rhúún aaw,TAN,823
jawbone,schúúl aaw,NA,823
jawbone,schúúl yáát,NA,823
jealous,abwaibway,NA,823
jealous,bwaibway,NA,824
jealous,bway,NA,824
jealous,hohhoong,TAN,824
jealous,libwaibway,NA,824
jealous,sossoong,NA,824
jellyfish,limwotong,NA,824
jerk,wiiy,NA,824
join,ammaat,NA,824
join,arhuufengenni,TAN,824
join,arhúúy,TAN,824
join,aschuufengálli,NA,824
join,aschuuw,NA,824
join,ppasch,NA,824
join,ppel,NA,824
join,rhuu,TAN,824
join,schuu,NA,824
join,schuufengáll,NA,824
joint,bwughúwa–,NA,824
joint,rhuu,TAN,824
joint,rhuurhu,TAN,824
joint,schuu,NA,825
joint,schuuschu,NA,825
joint,schuutá,NA,825
joke,affah,TAN,825
joke,affas,NA,825
joke,mangaraay,NA,825
joke,mwááliyah,TAN,825
joke,mwááliyas,NA,825
journey,fatal,TAN,825
journey,fáárágh,S,825
journey,piyaay,NA,825
jowl,auhap,TAN,825
jowl,ausap,NA,825
jowls,úúw1,NA,825
judge,schóól aweewe,NA,825
juice,zuus,NA,825
jukebox,densuku,NA,825
July,Ullyo,NA,825
jump,ligalulluh,TAN,826
jump,lighalullus,NA,826
jump,lluh,TAN,826
jump,lullus,NA,826
jump,llus,NA,826
jump,llusutá,NA,826
jump,llusutááy,NA,826
jump,llusutiw,NA,826
jump,llusutiwey,NA,826
jump,ttor,NA,826
jump,tchéétá,NA,826
June,Unnyo,NA,826
jungle,walúwal,NA,826
just,láál,NA,826
just,láán,TAN,826
just,rhag,TAN,826
just,schagh,NA,826
kava,sakaw,NA,827
keel,ááp,NA,827
keel,schúúl ghááp,NA,827
keep,aihiih,TAN,827
keep,iheih,TAN,827
keep,isiis,NA,827
keep,layúli,NA,827
keep,léghélégh1,NA,827
keep,nayúni,TAN,827
keep,négénég,TAN,827
kettle,takuri,NA,827
kick,arhep2,TAN,827
kick,aschep2,NA,827
kick,ffa,NA,827
kick,ffaafetál,NA,827
kick,ffá,TAN,827
kick,fááti,NA,827
kick,peli,NA,827
kick,rhip,TAN,827
kick,rhipitiitá,TAN,828
kick,schep,NA,828
kick,schepeti,NA,828
kick,schepetiitá,NA,828
kick,tchep4,NA,828
kill,liiló,NA,828
kind,mwool,NA,828
kind,tappal,NA,828
kind,tappan,TAN,828
kindling,akkato,NA,828
kindling,úrá,NA,828
king,reey 2,NA,828
king,sómwool,NA,828
kinky,schimwérúúrú,NA,828
kiss,fáisong,NA,828
kiss,feisongoow,NA,828
kiss,nyora,NA,828
kiss,nyot,NA,828
kitchen,ghasiila,NA,828
kitchen,mwóluumw,NA,828
knead,angúti,NA,829
knee,mwalú,NA,829
kneecap,bwughúwal pesche,NA,829
kneel,afota1,NA,829
kneel,fót,NA,829
knife,saar,NA,829
knock,aléllésch,NA,829
knock,dókkut,NA,829
knock,peli,NA,829
knot,átáli2,NA,829
knot,bwugey,TAN,829
knot,bwughééy,NA,829
knot,bwughobwugh,NA,829
knot,schápii,NA,829
know,aghuleey,NA,829
know,gule,TAN,829
know,guleey,TAN,830
know,ghule,NA,830
know,ghuleey,NA,830
knowledge,bwááng,NA,830
knowledge,itang,NA,830
knowledge,reepi2,NA,830
knowledge,roong,NA,830
knowledgeable,awut,NA,830
knowledgeable,malereepi,NA,830
knowledgeable,reepi1,NA,830
Kosrae,Aschaw1,NA,830
Kusaie,Aschaw1,NA,830
labor,anga–,NA,831
labor,angaang,NA,831
labor,tarabwaagho,NA,831
labored,appett,NA,831
laborer,sch3aal angaang,NA,831
lace,amwanger,TAN,831
lace,amwinger,NA,831
ladder,at33t3,NA,831
ladder,ligat33t3,TAN,831
ladies,ilimwar,s,831
lagoon,leel3mw,NA,831
lagoon,leen3mw,TAN,831
lagoon,l33mw3,NA,831
lagoon,n33mw2,"TAN, LN",831
lake,l33l3,NA,831
lake,l33mw3,NA,831
lake,n33mw2,"TAN, LN",831
Lamotrek,Lamwotchegh,NA,832
Lamotrek,Namwotcheg,TAN,832
lamp,fóllút,NA,832
land,bwelelap,NA,832
land,Faluwasch,NA,832
land,falúw,NA,832
land,fanú,"TAN, LN",832
land,Fanúyarh,TAN,832
land,hóó-,TAN,832
land,hóóbw2,TAN,832
land,hóóló,TAN,832
land,lugóót,NA,832
land,sóó-,NA,832
land,sóóbw2,NA,832
land,sóóló,NA,832
land creature,malúl falúw,NA,832
landlord,óómwo,NA,832
landmark,gill2,TAN,832
landmark,ghikkill,NA,832
language,kkapah,TAN,833
language,kkapas,NA,833
language,kkas,NA,833
languid,rhúbwang,TAN,833
languid,schibwang,NA,833
languish,ereeramwey,NA,833
languish,mweniló,TAN,833
lantern,fóllút,NA,833
large,daibang,NA,833
large,daiwatte,NA,833
large,higanti,TAN,833
large,iganti,NA,833
large,lap,NA,833
large,likkáp,TAN,833
large,schóóschó2,NA,833
large,tár,NA,833
large,tomwógh,NA,833
larva,mwuul2,NA,833
last,amwirimwir2,NA,833
last,amwirimwiril,NA,833
last,arorrosal,NA,834
last,lu,NA,834
last,ninisin,TAN,834
last,ottimwool,NA,834
last year,ráágh we,NA,834
late,ammwaay,NA,834
late,ataresaw,NA,834
late,limwetemwaay,NA,834
late,limwetetchów,TAN,834
late,pasaw,NA,834
later,–bwaabw,NA,834
later,fáighus,NA,834
later,habwetchaw,TAN,834
later,pappal,NA,834
later,ppwal,NA,834
later,ppwan2,TAN,834
later,ppwappwal,NA,834
laugh,ammel,NA,834
laugh,ághekkáy,NA,834
laugh,ffas,NA,834
laugh,fasáágháli,NA,834
laugh,gekkey,TAN,834
laugh,ghekkáy,NA,834
laugh,ghekkeyághili,NA,834
laugh,hougekkey,TAN,835
laugh,rirriyáágh,NA,835
laugh,rirriyáágháli,NA,835
laugh,sóughekkáy,NA,835
laurel,rághisch,NA,835
laurel,regirh,TAN,835
laurel,safang,NA,835
lava-lava,tughuma-,NA,835
lawyer,difensoot,NA,835
lay,sóghullutiw,NA,835
lazy,alimet,NA,835
lazy,állimet,NA,835
lazy,ghaaghu,NA,835
lazy,harappwang,TAN,835
lazy,liyomá,TAN,835
lazy,rhúbwang,TAN,835
lazy,silááng,NA,835
lazy,sóroppwang,NA,835
lazy,schibwang,NA,835
lead,afal,NA,835
lead,apayú,NA,836
lead,gomw,TAN,836
lead,ghommw,NA,836
lead,ókkóómw,NA,836
lead,paire,NA,836
leader,palúw,NA,836
leader,schóól afal,NA,836
leader,tóómw,NA,836
leaf,–pa,NA,836
leaf,pááley,NA,836
leaf,rhéé,TAN,836
leaf,–sché,NA,836
leaf,schéé,NA,836
leaf,úlúl,NA,836
leaf,–yál,NA,836
leak,bwotobwot,NA,836
leak,guh,TAN,836
leak,ghus,NA,836
leak,llesch¹,NA,836
leak,llérh¹,TAN,836
lean,abwalágh,NA,837
lean,abwalághi,NA,837
lean,apengághi,NA,837
lean,apengegi,TAN,837
lean,nngút,NA,837
leap,ttor,NA,837
learn,akkabwung1,NA,837
learn,gukkule,TAN,837
learn,gule,TAN,837
learn,ghukkule,NA,837
learn,ghule,NA,837
learning,roong,NA,837
leave,ligitaaló,TAN,837
leave,ligiti,TAN,837
leave,lighitaaló,NA,837
leave,lighiti,NA,837
leave,lo1,NA,838
leave,ló,NA,838
leave,mweteló,NA,838
leave,mwetesángi,NA,838
leave,righiló,NA,838
leave,sápe–,NA,838
leave,sápeló,NA,838
leave,souló,NA,838
leave,toowow,NA,838
lecture,ffél,NA,838
lecture,ffén,"TAN, LN",838
lecturer,schóól aweewe,NA,838
leeward,–wow,NA,838
left,paay schóóbwut,NA,838
left,paayghéré,NA,838
left,peighischóóbwut,NA,838
left-over,léélap,NA,838
left-over,luss,NA,838
left-over,zampang,NA,838
leg,perhe,TAN,838
leg,pesche,NA,838
leg,schúúl pesche,NA,839
leg,schúúl wóórol,NA,839
leg,schúúlapal pesche,NA,839
leg,schúúschighil pesche,NA,839
leg,ubwal pesche,NA,839
legend,tittillap,NA,839
legend,túttúllap,TAN,839
legend,uruwow,NA,839
legislature,konggreeso,NA,839
lei,amwara,NA,839
lei,amwaremwara,NA,839
lei,limwómw,NA,839
lei,mware–,NA,839
lei,mwareli,NA,839
lei,mwaremwar,NA,839
lei,mwáár,NA,839
lei,–pa,NA,839
lei,úlúw,NA,839
lei,úlúwalúúw,NA,839
lemon,loomwul,NA,840
lemon,loomwula,NA,840
lemon,loomwulúl Tchiina,NA,840
lengthen,áláálááyi,NA,840
leprosy,gilihabwow,TAN,840
leprosy,ppwatúr,NA,840
less,hengi2,TAN,840
less,sángi2,NA,840
lest,–le,NA,840
let down,apúngú1,NA,840
let down,lighitáátiw,NA,840
let go,alóóy,NA,840
let go,assááli,NA,840
let out,sálitiiló,NA,840
let’s,saa,NA,840
letter,katta,NA,840
letter of the alphabet,aa,NA,841
letter of the alphabet,áá,NA,841
letter of the alphabet,bii,NA,841
letter of the alphabet,bwii,NA,841
letter of the alphabet,dii,NA,841
letter of the alphabet,ee,NA,841
letter of the alphabet,éé,NA,841
letter of the alphabet,fii,NA,841
letter of the alphabet,gii,NA,841
letter of the alphabet,ghii,NA,841
letter of the alphabet,hii,NA,841
letter of the alphabet,ii,NA,841
letter of the alphabet,kii,NA,841
letter of the alphabet,lii,NA,841
letter of the alphabet,mii,NA,841
letter of the alphabet,mwii,NA,841
letter of the alphabet,nii,NA,841
letter of the alphabet,ngii,NA,841
letter of the alphabet,oo,NA,841
letter of the alphabet,óó1,NA,841
letter of the alphabet,pii,NA,841
letter of the alphabet,ppwii,NA,841
letter of the alphabet,rii,NA,842
letter of the alphabet,rhii,NA,842
letter of the alphabet,sii,NA,842
letter of the alphabet,schii,NA,842
letter of the alphabet,tii,NA,842
letter of the alphabet,tchii,NA,842
letter of the alphabet,uu,NA,842
letter of the alphabet,úú,NA,842
letter of the alphabet,wii,NA,842
letter of the alphabet,yii,NA,842
letter of the alphabet,zii,NA,842
level,assássár,NA,842
level,guróódo,NA,842
level,haran,TAN,842
level,ssáfengel,NA,842
level,sárel,NA,842
liar,dakkun,NA,842
liar,limisimis,NA,842
liar,misimis,NA,842
liar,rut,NA,842
liar,rutukkisch,NA,842
lice,gúú,TAN,843
lice,ghúúw2,NA,843
lice,ligúnnger,TAN,843
lice,lighúnngár,NA,843
lice,liwannéét,TAN,843
lick,tumwuri,NA,843
lid,bwalabwal,NA,843
lie1,dakkun,NA,843
lie1,mis,NA,843
lie1,misimis,NA,843
lie1,misiiy,NA,843
lie1,mwagel,TAN,843
lie1,mwaghel,NA,843
lie1,rugupaat,TAN,843
lie1,rughupaat,NA,843
lie1,rut,NA,843
lie1,rutukkisch,NA,843
lie2,on,TAN,843
lie2,onoheleeng,TAN,843
lie2,onorhapp,TAN,843
lie2,rhapp,TAN,843
lie2,ssów,NA,844
lie2,wol,NA,844
lie2,woleselááng,NA,844
lie2,woletá,NA,844
lie2,woletiw,NA,844
lie2,woloschapp,NA,844
life,malaw,NA,844
life,manaw,TAN,844
life-or-death,peighimá,NA,844
lift,bwángiitá,NA,844
lift,bwángiiy,NA,844
lift,dokko,NA,844
lift,dokkooli,NA,844
lift,harigi,TAN,844
lift,peli,NA,844
lift,sáághi,NA,844
lift,sárághiitá,NA,844
lift,sáreghi,NA,844
light,agú,TAN,844
light,agúúáf,TAN,844
light,aghúúáf,NA,845
light,aghúúw,NA,845
light,appelló,NA,845
light,appwul,NA,845
light,appwula,NA,845
light,asaramaaló,NA,845
light,atóy,NA,845
light,awereey,NA,845
light,dengki,NA,845
light,ffigh,NA,845
light,firhi1,TAN,845
light,fischi2,NA,845
light,mall1,NA,845
light,óurey,NA,845
light,saram,NA,845
light,tililálet,NA,845
light,tilil dengki,NA,845
light,tilil fúú,NA,845
light,tilil maram,NA,845
light,ttinin álet,TAN,845
light,wer2,NA,845
lightbulb,tóóma,NA,845
light colored,gót,TAN,846
light colored,ghót,NA,846
light-fingered,angattar,NA,846
light-footed,ruuru1,NA,846
light-headed,mwááliyál,NA,846
light in weight,ppel,NA,846
lightning,fiiwer,TAN,846
lightning,fiiwerewer,NA,846
lightning,fúúwer,NA,846
lightning,werewer1,NA,846
like,áfirhi,TAN,846
like,áfischi,NA,846
like,ákkáfisch,NA,846
like,tipáli,NA,846
like,tipeni,TAN,846
liked,fang3,TAN,846
lily,ghiyobw,NA,846
lily,ghiyobw bwesch,NA,847
lily,ghiyobw row,NA,847
lily,liiriyo,NA,847
lily,mwootú,NA,847
lime,bweerh,TAN,847
lime,bwesch2,NA,847
lime,bweesch,NA,847
lime,bwescheey,NA,847
limp,dassing,NA,847
line,áfiiláy,NA,847
line,átáli1,NA,847
line,fiila,NA,847
line,fiitáttál,TAN,847
line,tál,NA,847
line,táli–,NA,847
line,teli–,TAN,847
line,yóó2,NA,847
lineage,afagúr,TAN,847
lineage,afaghúr,NA,847
lineage,ailang,NA,847
lineage,ainang,TAN,847
lips,ngáásch1,NA,848
lips,tuumw,NA,848
lips,tumwukkáng,NA,848
lips,túlaaw,NA,848
lips,túlungasch,NA,848
liquid,lomwolomw,NA,848
liquid,rhaan,TAN,848
liquid,schaal,NA,848
liquor,arhi,TAN,848
listen,ayúúsáling,NA,848
listen,ássáling,NA,848
listen,rong,NA,848
listen,rongáágh,NA,848
listen,rongofisch,NA,848
listen,rongohoorhig,TAN,848
listen,rongosáling,NA,848
listen,rongosooschigh,NA,848
listen,rongoschigh,NA,848
lit,ffigh,NA,848
little,duwendis,NA,848
little,egúh,TAN,849
little,eghus,NA,849
little,git,TAN,849
little,gitigiit,TAN,849
little,ghikkit,NA,849
little,ghit,NA,849
little,ghitighiit,NA,849
little,–metch,TAN,849
little,–schigh,NA,849
little by little,ssór,NA,849
live,ahóóy,TAN,849
live,asóóy,NA,849
live,lollo,NA,849
live,malaw,NA,849
live,manaw,TAN,849
live,no,"TAN, LN",849
lively,ngús2,NA,849
liver,áse–,NA,849
living,malaw,NA,849
living,manaw,TAN,849
lizard,bwari,NA,849
lizard,galuuf,TAN,849
lizard,gúyél,TAN,850
lizard,ghaluuf,NA,850
lizard,lipeipaay,NA,850
loaded,awut,NA,850
lobster,ayúútá,TAN,850
lobster,úúr1,NA,850
local,schóól falúw,NA,850
location,bwuléy,NA,850
location,leeliy,NA,850
location,ulú-,NA,850
lock,kkandóólu,NA,850
logic,alléghúl kkapas,NA,850
loincloth,findosi,NA,850
loincloth,tughuma-,NA,850
loincloth,ttughumagh,NA,850
loincloth,ttúgúmag,TAN,850
loincloth,túttughumagh,NA,850
lonely,bwos,TAN,850
lonely,bwós,NA,851
lonely,pááy,NA,851
lonely,pááyeti,NA,851
lonesome,bwos,TAN,851
lonesome,bwós,NA,851
lonesome,mátibw,NA,851
lonesome,órof,NA,851
long,aláálááy,NA,851
long,áláálááyi,NA,851
long,álláy,NA,851
long,bwungi,NA,851
long,láálááy,NA,851
long for,lirh,TAN,851
long for,lisch,NA,851
longing,affaiyé,NA,851
look,ahúllú,TAN,851
look,allaamwa,NA,851
look,aamw2,NA,851
look,amwuri,NA,851
look,asúllú,NA,852
look,álángi,NA,852
look,faal pescheemw1,NA,852
look,fala–,NA,852
look,falangáli,NA,852
look,falawow,NA,852
look,faleto,NA,852
look,fallong,NA,852
look,falló,NA,852
look,fana–,"TAN, LN",852
look,gútt,TAN,852
look,ghutt,NA,852
look,hagúrú,TAN,852
look,húlluto,TAN,852
look,húllú-,TAN,852
look,húllúló,TAN,852
look,húllúngeni,TAN,852
look,lugun perhe,TAN,852
look,lughul pesche,NA,852
look,mmah,TAN,852
look,mmas,NA,852
look,paghúúw,NA,852
look,piipi,NA,852
look,piipiiy,NA,852
look,saghúrúw,NA,852
look,sassaghurúúló,NA,852
look,sáscheey,NA,853
look,súlluto,NA,853
look,súllú-,NA,853
look,súllúnngaw,NA,853
look,súllúngáli,NA,853
look,sússúllúló,NA,853
look,weey1,NA,853
look,woo-,NA,853
look,woori,NA,853
loom,apúngúpúng2,NA,853
loom,fafa,NA,853
loom,piisól,NA,853
loom,ttér,NA,853
loom,téér1,NA,853
loom,úráál apúng,NA,853
loose,bwaléghélégh,NA,853
loose,bwis2,NA,853
loose,bwóhalihal,TAN,853
loose,bwósééliyél2,NA,853
loose,mwóléghúlégh,NA,853
loose,tifilúllúr,NA,853
loosen,bweibwey1,NA,854
loosen,heletág,TAN,854
loosen,sálitágh,NA,854
lop,hégéhég,TAN,854
lop,soghosogh,NA,854
lore,roong,NA,854
lose,arughuló,NA,854
lose,kkuf,NA,854
lose,urotá,NA,854
loss,átchigh,NA,854
loss,átchigha,NA,854
loss,fayenngaw,NA,854
loss,ngusch,NA,854
lost,maliingu,NA,854
lost,mwáál2,NA,854
lost,ppwunguló,NA,854
lost,rug,TAN,854
lost,rugh,NA,854
lot,ssog,TAN,855
lot,ssogh,NA,855
loud,agurang2,TAN,855
loud,aléllésch,NA,855
loud,angúúw,NA,855
loud,léllésch,NA,855
loud,nngú,NA,855
loud,patch,NA,855
loud,tchorong,NA,855
louse,ghúúw2,NA,855
louse,liwannéét,TAN,855
love,áfirhi,TAN,855
love,áfischi,NA,855
love,ákkáfisch,NA,855
love,ilimás,NA,855
love,ilimási,NA,855
love,inemes,TAN,855
love,kkiriida,NA,855
love,kkiriido,NA,856
love,meleeya,NA,856
love-in-a-mist,dossi,NA,856
lover,amware–,TAN,856
lover,failiáá-,NA,856
lover,fayúnaa–,TAN,856
lover,maariara–,TAN,856
lover,rhóónuwa,TAN,856
lover,schóóluwa,NA,856
low,fáályáp,NA,856
low,mmat,NA,856
low,ppel,NA,856
low,sóssól,NA,856
lower,áirúútiw,NA,856
lower,mwoo–1,NA,856
lower,ósóssóla,NA,856
Lower Base,Bwughuwal Arabwal,NA,856
low-pitched,mangútchaw,NA,856
low tide,mmat,NA,856
low tide,mmatatá,NA,856
lubrication,abwura¹,NA,857
luck,dimóólas,NA,857
luck,waihet,TAN,857
luck,weisát,NA,857
luck,welebwu,NA,857
lullabye,ammair,TAN,857
lullabye,ammayúr,NA,857
lumber,paap,NA,857
lumber,úrá,NA,857
lump,hónáwaawa,TAN,857
lump,waawa³,NA,857
lunch,amworosa,NA,857
lung,fárewa,NA,857
lush,máár,NA,857
lust,heenngan,TAN,857
lust,seenngal,NA,857
luxuriant,bwóó1,NA,858
luxuriant,máár,NA,858
luxuriant,ppwóóppwó,NA,858
lymph node,púúr,NA,858
machete,paderaw,NA,859
machete,paghúpagh2,NA,859
machete,sapasap,NA,859
machine,móókkina,NA,859
mackerel,makkarow,NA,859
mackerel,masewar,NA,859
mackerel,páti,NA,859
mad,bwárigh,NA,859
mad,mmang,NA,859
mad,soong,NA,859
maggot,mmwul,NA,859
maggot,mwuul2,NA,859
magic,afféér,NA,859
magic,sousow1,NA,859
magician,atti,TAN,859
magician,sóusów2,NA,859
magic wand,filiiti,NA,860
magistrate,magalaay,TAN,860
magistrate,maghalaay,NA,860
make,amala,NA,860
make,amina,TAN,860
make,ayorátá,NA,860
make,ayoráátá,NA,860
make,fféér,NA,860
make,féérú,NA,860
make a face,abwuting,NA,860
make a face,appwuting,TAN,860
make believe,ppwomwoli,NA,860
make fun,affah,TAN,860
make fun,affas,NA,860
make fun,awoowo,NA,860
make fun,awoowoongi,NA,860
make fun,fasáágháli,NA,860
make fun,mwááliyah,TAN,861
make fun,mwááliyas,NA,861
make love,meleeya,NA,861
make room,wááhi,TAN,861
make room,wáási2,NA,861
make way,ataweey,NA,861
male,malemwáál,NA,861
male,mwáál1,NA,861
male,mwáán,"TAN, LN",861
male,oliye,NA,861
male,olo–2,NA,861
male organ,bwóselisel,TAN,861
male organ,bwósééliyél1,NA,861
man,mindiyooka2,NA,861
man,mwáál1,NA,861
man,mwáán,"TAN, LN",861
man,olo–2,NA,861
man,olofáát,NA,862
man,tchinnap,TAN,862
Managaha Island,Giligaal,TAN,862
Managaha Island,Ghalaghaal,NA,862
mangle,bwitighalleló,NA,862
mango,faral mangga,NA,862
mango,mangga,NA,862
mangrove,áppááw,NA,862
mangrove,rhiiya,TAN,862
mangrove,schiiya,NA,862
mangrove,yoong,NA,862
manliness,mwáálil,NA,862
manner,ekkaisúl,NA,862
manner,féérúl,NA,862
man-of-war,limwotong,NA,862
map,móópa,NA,862
marble,tóóma,NA,862
March,Mótso,NA,863
Mariana Islands,Marianas,NA,863
Mariana Islands,Meráális,NA,863
mark,agikkill,TAN,863
mark,agikkilla,TAN,863
mark,aghikkill,NA,863
mark,aghikkilla,NA,863
mark,gill²,TAN,863
mark,ghikkill,NA,863
mark,ghilighil²,NA,863
mark,mákk¹,NA,863
mark,mákk²,NA,863
mark,mákkeey,NA,863
mark,mwákk,NA,863
marker,gillan worhommat,TAN,863
marker,ghikkillal woschommat,NA,863
marlin,taghalaar,NA,863
Marpi Point,Máschápi,NA,863
marry,appwúlúúpaay,NA,864
marry,bwuppwúlúw,NA,864
marry,bwúlúweli,NA,864
marry,ngáál2,NA,864
marry,rhóóniimw,TAN,864
marry,schééfé,NA,864
marry,schóóliimw,NA,864
mash,amaat,NA,864
massage,rawa2,TAN,864
massage,rawa3,TAN,864
massage,rawammwaay,TAN,864
massage,rawan waa,TAN,864
massage,rawááni,TAN,864
massage,schééghi,NA,864
massage,schéésché,NA,864
massage,schééschéél waa,NA,864
massage,schééschéémmwaay,NA,864
massage,téréleiwa,NA,864
massage,toreleiwa,TAN,864
mast,ayú,NA,864
masturbate,ir,NA,864
masturbate,iri,NA,865
masturbate,wetiwet,NA,865
mat,aap,NA,865
mat,gini,TAN,865
mat,giya–,TAN,865
mat,giyeni,TAN,865
mat,ghili2,NA,865
mat,ghiye–,NA,865
mat,ghiyeghi1,NA,865
mat,ghiyeli,NA,865
mat,hegi,TAN,865
mat,ngaasan,NA,865
mat,–p,NA,865
mat,s,NA,865
match,aweewe2,NA,865
match,ffet,NA,865
match,fischingeli,NA,865
matter,lifilifil1,NA,865
maturity,mw,NA,865
Maug,Mw,NA,865
mauna loa,walúmwó,NA,866
mauna loa,Canavalia cathartica,NA,866
May,Móózo,NA,866
maybe,máli,NA,866
maybe,tééschigha,NA,866
mayor,magalaay,TAN,866
mayor,maghalaay,NA,866
mayor,móóghas,NA,866
me,ngaang,NA,866
me,–yáy,NA,866
meal,amworosa,NA,866
meal,áfááf,NA,866
meal,fááf,NA,866
meal,seena,NA,866
meal,seenaal leefááf,NA,866
meal,yiilów,NA,866
mean,hoongofay,TAN,866
mean,soongofay,NA,866
mean,súllúnngaw,NA,866
mean,súngúnngów,NA,866
meaning,faal1,NA,866
meaning,weewe,NA,867
measles,sarampiyon,NA,867
measure,akkapé,NA,867
measure,apeew1,NA,867
measurement,eghumw,NA,867
measurement,eghumwusch,NA,867
measurement,eghus,NA,867
measurement,–gumw,TAN,867
measurement,–gumwurh,TAN,867
measurement,–ghat,NA,867
measurement,–ghumw,NA,867
measurement,–ghumwusch,NA,867
measurement,–mwalú,NA,867
measurement,mwówolap,NA,867
measurement,mwówoschigh,NA,867
measurement,–ngaf,NA,867
measurement,ngaaf,NA,867
measurement,–pay,NA,867
measurement,–tiloubw,NA,867
measurement,tiloubw,NA,868
measurement,-yang,NA,868
measurement,yááli-,NA,868
measuring device,kkapé,NA,868
meat,fitúgh,NA,868
meat,futug,TAN,868
meat,heliyeli,TAN,868
meat,sáliya-,NA,868
meat,sáliyáli,NA,868
meddle,alángeláng,NA,868
mediator,schóól aweewe,NA,868
mediator,schóól aweeweel kkapas,NA,868
medicine,abwaat,NA,868
medicine,afféér,NA,868
medicine,afooschól,NA,868
medicine,amwoongél,NA,868
medicine,apútchú,TAN,868
medicine,fayúpar,NA,869
medicine,hafeini,TAN,869
medicine,hafey,TAN,869
medicine,háfeyá,TAN,869
medicine,hooni2,TAN,869
medicine,houhafey,TAN,869
medicine,iilas,NA,869
medicine,ilimás,NA,869
medicine,ilimási,NA,869
medicine,inemes,TAN,869
medicine,ligirhól,TAN,869
medicine,malarong,NA,869
medicine,miláfféér,NA,869
medicine,ófooschól,NA,869
medicine,óólop,NA,869
medicine,roong,NA,869
medicine,rongol metághil schiimw,NA,869
medicine,rongol ppwul,NA,869
medicine,sáfey,NA,869
medicine,sáfeyá,NA,870
medicine,sáfeyáli,NA,870
medicine,sooni,NA,870
medicine,sousow1,NA,870
medicine,sóusáfey,NA,870
medicine,ttar,NA,870
medicine,tári1,NA,870
medicine,tteri,TAN,870
medicine,ungupat,NA,870
meet,rhuungi,TAN,870
meet,rhuurhu,TAN,870
meet,schuufengáll,NA,870
meet,schuungi,NA,870
meet,schuuschu,NA,870
meet,taggama,NA,870
meeting,mwiisch,NA,870
meeting,rhuu,TAN,870
meeting,rhuulap,TAN,870
meeting,schuu,NA,870
meeting,schuulap,NA,870
meeting,úyénég,TAN,871
meeting,yéélágh,NA,871
melancholy,attong,NA,871
melancholy,schúúmwuróurów,NA,871
melody,laam1,TAN,871
melt,rhanúló,TAN,871
melt,schalló,NA,871
member,rhóó,TAN,871
memento,ókkóttong,NA,871
mend,limenda,NA,871
mend,patsi1,NA,871
mend,teeyi,NA,871
men’s house,utt,NA,871
men’s house,Luughal,NA,871
men’s house,Falatóghuu,NA,871
men’s house,Falawel,NA,871
men’s house,Falamóghut,NA,871
men’s house,Falasow,NA,871
menstruate,alipalip,NA,872
menstruate,sééreng,NA,872
menstruate,tééhengi iimw,TAN,872
merely,rhag,TAN,872
merely,schagh,NA,872
mesh,tekking,NA,872
messy,áliminngaw,NA,872
messy,limbwutag,TAN,872
messy,limenngaw,NA,872
messy,tarabwuka,NA,872
metal,mesche,NA,872
metal,paarang,NA,872
metal,teppang,NA,872
method,ekkaisúl,NA,872
mettle,apagarho,TAN,872
Micro Beach,Ppiyal Ooláng,NA,872
microscopic,pááschigh,NA,872
middle,luugh,NA,872
middle,luugholap,NA,873
middle,luugholapal alowas,NA,873
middle-aged,éélah,TAN,873
midnight,luughalibwong,NA,873
midpoint,luugh,NA,873
midwife,schóól alayúlay,NA,873
midwife,schóól amakk,NA,873
mildew,mwóghu,NA,873
mile,miizas,NA,873
milk,letsi,NA,873
milkweed,asemsiyén,NA,873
Milky Way,Mesal Fúú,NA,873
million,–l4,NA,873
million,–osálil,TAN,873
million,–púngút,NA,873
million,ssel,NA,874
millionaire,malebwó,NA,874
millionaire,maneway,TAN,874
millipede,liwaffirh,TAN,874
millipede,seschól,NA,874
millipede,tereen,NA,874
mimic,attabweey,NA,874
mine,ááy,NA,874
minute,minuutu,NA,874
mirror,speeyos,NA,874
mischievous,lituung,NA,874
mischievous,mwááliyah,TAN,874
mischievous,mwááliyas,NA,874
mischievous,mwóscho,NA,874
mischievous,rughurugh,NA,874
misfortune,fayenngaw,NA,874
misfortune,feiyabwut,NA,875
misfortune,waihet,TAN,875
misfortune,weisát,NA,875
misplace,arughuló,NA,875
miss,ereeramwey,NA,875
miss,lirh,TAN,875
miss,lisch,NA,875
miss,pááyeti,NA,875
mist,tóbw,NA,875
mistake,arughuló,NA,875
mistake,iweele,NA,875
mistake,iweene,TAN,875
mistake,rug,TAN,875
mistake,rugh,NA,875
mistake,ruugh,NA,875
mix,arhuufengenni,TAN,875
mix,aschuufengálli,NA,876
mix,atolafengálli,NA,876
mix,áfiti2,NA,876
mix,fit,NA,876
mix,fitiiló,NA,876
mix,pila,NA,876
mix,pilipil1,NA,876
mixed marriage,afaghúr,NA,876
moan,ngúúngú,NA,876
mock,awoowo,NA,876
mock,áppey,NA,876
mock,fasáágháli,NA,876
mock,mwááliyah,TAN,876
mock,mwááliyas,NA,876
mold,mwóghu,NA,876
moldy,bwooheling,TAN,876
moldy,bwoosáling,NA,876
moldy,mar1,NA,877
moldy,mwóghu,NA,877
mole,rumwurumw,NA,877
Monday,Luunis,NA,877
money,faay2,TAN,877
money,lippár,NA,877
money,paapi,NA,877
money,selaapi,NA,877
monkey,lituung,NA,877
monkey,saaru,NA,877
mons veneris,bwararhug,TAN,877
mons veneris,bwaraschugh,NA,877
month,Abrid,NA,877
month,Agosto,NA,877
month,Alimaté,NA,877
month,Aremwoy,NA,877
month,Disembre,NA,877
month,Elúwel,NA,877
month,Eneero,NA,877
month,Febreero,NA,877
month,Ghúúw,NA,877
month,Maan,NA,878
month,maram,NA,878
month,Mááilap,NA,878
month,Mááischigh,NA,878
month,Mótso,NA,878
month,Móózo,NA,878
month,Nobembre,NA,878
month,Ottuubre,NA,878
month,Sarobwél,NA,878
month,Settembre,NA,878
month,Sééta,NA,878
month,Schoow,NA,878
month,Tumwur,NA,878
month,Ullyo,NA,878
month,Unnyo,NA,878
month,Wuun,NA,878
moocher,limwará,TAN,878
moocher,limwurá,NA,878
moocher,mwerá,NA,878
moocher,mwerákkesch,NA,879
moon,Apey,NA,879
moon,Araar,NA,879
moon,Áfenágh,NA,879
moon,bwongil mmasch,NA,879
moon,Efán,NA,879
moon,Eling,NA,879
moon,Emmasch,NA,879
moon,Emetan,NA,879
moon,Esewal,NA,879
moon,Escháf,NA,879
moon,Eyú,NA,879
moon,Ghiney,NA,879
moon,Kkineiyan Omwalé,NA,879
moon,llingetáál maram,NA,879
moon,maram,NA,879
moon,maram uschóósch,NA,879
moon,marama–,NA,879
moon,Mesafúú,NA,879
moon,Meseling,NA,879
moon,Mesetúw,NA,879
moon,Mesewal,NA,879
moon,Mesóón,NA,879
moon,Néétiw,NA,879
moon,Olobwuwe,NA,879
moon,Olomwaay,NA,879
moon,Omwalé,NA,880
moon,Osáláng,NA,880
moon,Órosan Efelágh,NA,880
moon,Óróghúw,NA,880
moon,Sighaurú,NA,880
moon,Sóópasch,NA,880
moon,Sóópasch Lemmwir,NA,880
moon,Schoománifál,NA,880
moon,Schúúwabwong,NA,880
moon,ulusul maram,NA,880
moon,unuh,TAN,880
moon,Úúr,NA,880
moonlight,tilil maram,NA,880
mope,ereeramwey,NA,880
mope,mweniló,TAN,880
morals,lamalam2,NA,880
more,bwal,NA,880
more,–ló2,NA,880
more,mmwa–2,NA,880
morning,leehor,TAN,880
morning,leehor mwouguug,TAN,880
morning,leehoralowah,TAN,881
morning,leehoreey,TAN,881
morning,leesor,NA,881
morning,leesor móughuugh,NA,881
morning,leesoreey,NA,881
morning,leesorólowas,NA,881
morning,leesossor,NA,881
morning,mall1,NA,881
morning,mwóughuugh,NA,881
morning,óugha,NA,881
morning,óughuugh,NA,881
morning,ráálitá,NA,881
morning,ug,TAN,881
morning,ugh,NA,881
morning,ulummwairáál,NA,881
morning,winimmweiráán,TAN,881
morning,yiilów,NA,881
mortar,allif,NA,881
mortar,nnif,TAN,881
mosquito,ligiliig,TAN,881
mosquito,lighiliigh,NA,881
mosquito,likken,TAN,881
mosquito,lóómw 2,NA,882
mosquito,nóómw1,LN,882
mosquito-net,tóulómw,NA,882
moss,luumw,NA,882
moth,gooh1,TAN,882
moth,ghoos1,NA,882
moth,lihááháánibwong,TAN,882
moth,lisáásá,NA,882
mother,hagú-,TAN,882
mother,hagúhag,TAN,882
mother,iil,NA,882
mother,iin,TAN,882
mother,lipirh,TAN,882
mother,lipisch,NA,882
mother,naana,NA,882
mother,Naang,NA,882
mother,náánááli,NA,882
motor,moota,NA,883
motor,móókkina,NA,883
motorbike,otobay,NA,883
motorcycle,otobay,NA,883
mound,sass,NA,883
mountain,rhuug,TAN,883
mountain,rhugullang,TAN,883
mountain,schuugh,NA,883
mountain,schughullang,NA,883
mountain,tool1,NA,883
mountain,weirhug,TAN,883
mountain,weischugh,NA,883
mountain apple,fááliyáp,NA,883
mountain apple,fáániyáp,TAN,883
mountain people,schóól schuugh,NA,883
mourn,hengiiti,TAN,883
mourn,sángiiti,NA,883
mourning chant,arhuurhu,TAN,883
mourning chant,aschúwschúw,NA,883
mouse,gheesch ghikkit,NA,884
mouth,aaw 1,NA,884
mouth,mmaw,NA,884
mouth,ngáásch1,NA,884
mouth,oscha–,NA,884
mouth,pongóósch,NA,884
mouth,ppwey,NA,884
mouth,tour,TAN,884
mouth,tówur,NA,884
mouth,tuumw,NA,884
move,amareey,NA,884
move,amwóghuta,NA,884
move,ataweey,NA,884
move,awaagini,TAN,884
move,awaaghili,NA,884
move,ásáágháli,NA,884
move,bwángiiy,NA,884
move,daasu,NA,884
move,ghurughur,NA,884
move,ghúrús,NA,884
move,heigi,TAN,884
move,mar2,TAN,885
move,mer,NA,885
move,mereey,NA,885
move,mwóghut,NA,885
move,mwóghutughut,NA,885
move,onofatal,TAN,885
move,onorhibw,TAN,885
move,peli,NA,885
move,pelingáli,NA,885
move,righiiti,NA,885
move,sariiri,NA,885
move,sáághi,NA,885
move,sááló,NA,885
move,seighi,NA,885
move,súúló,NA,885
move,schéé-,NA,885
move,ttellów,NA,885
move,tééllaw,TAN,885
move,wolofetál,NA,885
move,woloschibw,NA,885
movie,katsido,NA,885
movie theater,katsido,NA,886
mud,mmeschar,NA,886
muddy,faatsi,NA,886
muddy,mmeschar,NA,886
mug,taasa,NA,886
mulberry,leel,NA,886
mulberry,neen,TAN,886
mullet,araf,NA,886
mullet,ayútor,TAN,886
mullet,lipaikkar,TAN,886
mumps,bwutsi,NA,886
municipal center,apilómw,NA,886
municipal center,apinómw,"TAN, LN",886
murky,póól,NA,886
murky,ppwotoppwot,NA,886
murky,ppwóól,NA,886
murky,tóbw,NA,886
muscular,fayúscho2,NA,887
mushy,bwutattal,NA,887
mushy,bwutattan,"TAN, LN",887
musical instrument,átittigh,NA,887
musical instrument,kunneeta,NA,887
musician,dandeero,NA,887
musty,bwooheling,TAN,887
musty,bwoosáling,NA,887
my,ááy,NA,887
my,–y1,NA,887
nag,aschúghóógh,NA,888
nag,tingóromaaw,NA,888
nail,appascha,NA,888
nail,luulug,TAN,888
nail,luulugh,NA,888
nail,tchúfal,NA,888
nail,tchúfalúw,NA,888
naive,bwurh,TAN,888
naive,bwusch,NA,888
naked,ásááwwasch,NA,888
naked,háwarhawarh,TAN,888
naked,waschawasch,NA,888
name,aita,NA,888
name,iit,NA,888
name,kkóózu,NA,888
Namonuito,Nómwonwiité,NA,888
Nan Madol,Naanmat6w,NA,889
nap,as66s6,NA,889
nape,apil6gh,NA,889
nape,apin6g,TAN,889
nape,lugun 66,TAN,889
nape,lughul 66w,NA,889
napkin,1fet1gh,NA,889
narration,tittillap,NA,889
narration,t6tt6llap,TAN,889
narrow,rh66git,TAN,889
narrow,sch66ghit,NA,889
nasal,ngiingi,NA,889
nation,fal6w,NA,889
nation,fan6,"TAN, LN",889
nature,uluul2,NA,889
naughty,tchemaaw,NA,889
naughty,tch6g6l,TAN,889
naughty,tch6gh6l,NA,889
nausea,liyengéng,NA,890
nausea,liyóbwut,NA,890
nausea,nniyebwut,TAN,890
navel,bwuug,TAN,890
navel,bwuugh,NA,890
navigation,sarawi,NA,890
navigator,palúw,NA,890
navigator,ppwo3,NA,890
near,arap,NA,890
near,aro–,NA,890
near,faatattar,NA,890
neat,!limighatch,NA,890
neat,ghasaghas,NA,890
neat,limefirh,TAN,890
neat,limefisch,NA,890
neat,limeghatch,NA,890
neat,limewetig,TAN,890
necessary,debi,NA,890
neck,apil%gh,NA,890
neck,apin%g,TAN,890
neck,"h""rof",TAN,890
neck,lugunúú,TAN,891
neck,lughul úúw,NA,891
neck,rhepin úú,TAN,891
neck,sórof 1,NA,891
neck,schepil úúw,NA,891
neck,úúw 1,NA,891
necklace,amwoosch,NA,891
necklace,lighatúttúr,NA,891
necklace,mware–,NA,891
necklace,mwareli,NA,891
need,tettengágh,NA,891
need,tettengeg,TAN,891
needle,aguuwa,TAN,891
needle,aghuuwa,NA,891
needle,tigeg,TAN,891
needle,tchú,NA,891
needlefish,liyaawkkeng,NA,891
needlefish,taag,TAN,891
needlefish,taagh,NA,891
negative,–kkesch,NA,891
negative,–kkirh,TAN,892
negative,–saa,NA,892
negative,–sáál,NA,892
negative,–se,NA,892
negative,–ssóbw,NA,892
negative,–te,NA,892
negative existential,ehóór,TAN,892
negative existential,esóór,NA,892
negative existential,hóór2,TAN,892
negative existential,sóór2,NA,892
neighbor,faatattar,NA,892
neither,ni,NA,892
nest,afasafas,NA,892
nest,fahafah,TAN,892
net,áting,NA,892
net,rheew,TAN,892
net,schééw,NA,892
net,tekking,NA,892
net,telaiya,TAN,892
net,télóóya,NA,892
net,tóulómw,NA,893
neurotic,mmang,NA,893
never mind,inaamwo,NA,893
never mind,ligitaaló,TAN,893
never mind,lighitaaló,NA,893
nevertheless,inaamwo,NA,893
new,ffé,NA,893
new,fféétá,NA,893
new,ffééto,NA,893
new,hééfé,TAN,893
new-comer,schééfé,NA,893
newly married,schééfé,NA,893
news,arongorong,NA,893
news,bworóus,NA,893
newspaper,simbwung,NA,893
next,bwughiischagh,NA,893
next,iwe1,NA,893
next to,aro–,NA,894
next to,faatattar,NA,894
next to,olopeigh,NA,894
nibble,ngár1,NA,894
nibble,ngáriiy,NA,894
nibble,nngir,NA,894
nice,firh,TAN,894
nice,fisch,NA,894
night,–bwong,NA,894
night,bwong,NA,894
night,bwoong,NA,894
night,bwongiiti,NA,894
night,bwongitiw,NA,894
night,leebwong,NA,894
night,leebwongiiy,NA,894
night,luughalibwong,NA,894
nightmare,bwuschubwusch,NA,894
nimble,ruuru1,NA,894
nine,atiwamalúl,NA,894
nine,atiwmanún,"TAN, LN",894
nine,atiwouwan,"TAN, LN",895
nine,atiwoowal,NA,895
nine,tiiw1,NA,895
nine,tiwa–,NA,895
nine,tiwabw	gh	w,NA,895
nine,tiwafsch,NA,895
nine,tiwangaf,NA,895
nine,tiwangaras,NA,895
nine,tiwasch,NA,895
nine,tiweghit,NA,895
nine,tiweigh,NA,895
nine,tiwmal,NA,895
nine,tiwoow,NA,895
nine hundred,tiwabw	gh	w,NA,895
nine clock,alas nuwebi,NA,895
nine thousand,tiwangaras,NA,895
ninety,tiweigh,NA,895
ninety thousand,tiweghit,NA,895
ninth,atiwamal	l,NA,895
ninth,atiwman	n,"TAN, LN",895
ninth,atiwouwan,"TAN, LN",895
ninth,atiwoowal,NA,895
nipple,mesal túút,NA,896
nit,ligúnnger,TAN,896
nit,lighúnngár,NA,896
no,eghe,NA,896
no,ehe2,NA,896
no,enngaw,NA,896
no,haabw,TAN,896
no,saabw,NA,896
nod,rhimw,TAN,896
nod,rhimweri,TAN,896
nod,schimweri,NA,896
nod,tchimw,NA,896
nod,tchimwetiw,NA,896
node,bwugúya–,TAN,896
node,bwughúwa–,NA,896
noise,agurang2,TAN,896
noise,aléllérh,TAN,896
noise,aléllésch,NA,897
noise,arhóngóóg,TAN,897
noise,assangúr,NA,897
noise,aschingóógh,NA,897
noise,atchorong,NA,897
noise,léllérh,TAN,897
noise,léllésch,NA,897
noise,llérh2,TAN,897
noise,llésch,NA,897
noise,mmisch,NA,897
noise,mmit2,TAN,897
noise,ppwunguppwung,NA,897
noise,tching,NA,897
noise,tchorong,NA,897
noise,wasughuwugh,NA,897
noisy,aléllésch,NA,897
noisy,arhóngóóg,TAN,897
noisy,aschingóógh,NA,897
noisy,mwetángitáng,NA,898
noisy,tarabwuka,NA,898
noisy,wasughuwugh,NA,898
noisy,yótch1,NA,898
no longer,–saa,NA,898
nominate,layúli,NA,898
nominate,nayúni,TAN,898
none,ni,NA,898
non-worker,harappwang,TAN,898
non-worker,sóroppwang,NA,898
noon,leealowah,TAN,898
noon,leealowas,NA,898
nor,ni,NA,898
no reason,ffat1,NA,898
north,efáng,NA,898
north,hootá,TAN,898
north,peighitá,NA,898
north,–tá,NA,899
North Star,Fúúsemwóghut,NA,899
nose,bwoot 1,NA,899
nose,funguri,NA,899
nose,ngusuri,NA,899
nose,ófong,NA,899
nose,ófongofong,NA,899
nose,tchimwelabwoot,NA,899
nostalgic,ápááyitá,NA,899
nostalgic,pááy,NA,899
not,–he,TAN,899
not,–hóbw1,TAN,899
not,ni,NA,899
not,rese,NA,899
not,ressóbw,NA,899
not,–saa,NA,899
not,–se,NA,899
not,–ssóbw,NA,899
not,–te,NA,899
notch,falafal2,NA,899
notebook,tiliig,TAN,899
notebook,tiliighi,NA,899
nothing,ffat1,NA,900
nothing,hóór2,TAN,900
nothing,sóór2,NA,900
notice,weri,NA,900
notify,arong2,NA,900
not yet,–háál,TAN,900
not yet,–sáál,NA,900
November,Nobembre,NA,900
now,far,NA,900
nowadays,ighila2,NA,900
nude,ffasch1,NA,900
nudge,dekka,NA,900
nudge,peli,NA,900
nudge,rhipiti,TAN,900
nudge,schepeti,NA,901
nudge,tchibweey,NA,901
nuisance,stotba,NA,901
numb,malúúlú,NA,901
number,a–2,NA,901
number,a–3,TAN,901
number,aeschayúl,NA,901
number,aeuwal,NA,901
number,afaamalúl,NA,901
number,afaamanún,TAN,901
number,afaauwal,NA,901
number,afisimalúl,NA,901
number,afisimanún,TAN,901
number,afisuuwal,NA,901
number,afisuuwan,TAN,901
number,aileschayúl,NA,901
number,ailirhayún,TAN,901
number,ailuuwal,NA,901
number,ailuuwan,TAN,901
number,akka–1,NA,901
number,akkaafósch,NA,901
number,akkááfórh,TAN,901
number,akkáámwéit,NA,901
number,akkáápila,TAN,902
number,akkáárhay,TAN,902
number,akkááschay,NA,902
number,alimmalúl,NA,902
number,alimmanún,TAN,902
number,alimoowal,NA,902
number,alimoowan,TAN,902
number,aolomalúl,NA,902
number,aoloowal,NA,902
number,aonomanún,"TAN, LN",902
number,aruurhayún,TAN,902
number,aruweighal,NA,902
number,aruwoowal,NA,902
number,arúúschayúl,NA,902
number,atiwamalúl,NA,902
number,atiwmanún,"TAN, LN",902
number,atiwouwan,"TAN, LN",902
number,atiwoowal,NA,902
number,awalimanún,"TAN, LN",902
number,awaluuwal,NA,902
number,awaluuwan,"TAN, LN",902
number,awalúmalúl,NA,902
number,ákkááw,NA,902
number,áláá-,NA,902
number,álááfay,NA,902
number,álááfósch,NA,902
number,álááschay,NA,902
number,áleyeew,NA,902
number,álimoowal,NA,902
number,bwaleew,NA,903
number,–bwúgú,TAN,903
number,–bwúghúw,NA,903
number,e–,NA,903
number,ebwúghúw,NA,903
number,efay,NA,903
number,egumw,TAN,903
number,egumwurh,TAN,903
number,egúh,TAN,903
number,eghit,NA,903
number,eghumw,NA,903
number,eghumwusch,NA,903
number,eghus,NA,903
number,ehat,TAN,903
number,ehóbw,TAN,903
number,eel2,NA,903
number,ele–,NA,903
number,elefay,NA,903
number,eleghit,NA,903
number,elengaras,NA,903
number,elescháy,NA,903
number,elébwúghúw,NA,903
number,eléfósch,NA,903
number,elésché,NA,903
number,eliigh,NA,903
number,eluuw,NA,903
number,erhé,TAN,903
number,esetil,NA,904
number,esóbw,NA,904
number,esché,NA,904
number,eet,NA,904
number,eew,NA,904
number,eyáf,NA,904
number,faa–1,NA,904
number,faabwúghúw,NA,904
number,faafay,NA,904
number,faafósch,NA,904
number,faig,TAN,904
number,faamal,NA,904
number,faangaras,NA,904
number,faasché,NA,904
number,faaw,NA,904
number,fayúlippi,NA,904
number,fáághit,NA,904
number,fááigh,NA,904
number,fáál1,NA,904
number,fáán,"TAN, LN",904
number,fiis,NA,904
number,fisabwúghúw,NA,904
number,fisangaras,NA,904
number,fisasché,NA,904
number,fisifay,NA,905
number,fisiigh,NA,905
number,fisighit,NA,905
number,fisimal,NA,905
number,fisufósch,NA,905
number,fisuuw,NA,905
number,fisú-,NA,905
number,fita–,NA,905
number,fitalé,NA,905
number,fitasché,NA,905
number,fitebwúghúw,NA,905
number,fitefósch,NA,905
number,fitengaras,NA,905
number,fitifay,NA,905
number,fitifay méél,NA,905
number,fitimal,NA,905
number,fitischay,NA,905
number,fitoow,NA,905
number,–ghit,NA,905
number,heig,TAN,905
number,–ig,TAN,905
number,–igh,NA,905
number,ili–,TAN,905
number,–l2,NA,905
number,–l4,NA,905
number,liffay,NA,905
number,liffósch,NA,906
number,liim,NA,906
number,lima–,NA,906
number,limabwúgú,TAN,906
number,limabwúghúw,NA,906
number,limmal,NA,906
number,limangaf,NA,906
number,limangaras,NA,906
number,limarhé,TAN,906
number,limasché,NA,906
number,limeghit,NA,906
number,limeig,TAN,906
number,limeigh,NA,906
number,limouw,NA,906
number,limoow,TAN,906
number,numuro,NA,906
number,–ngaras,NA,906
number,–ngéréw,NA,906
number,ool,NA,906
number,oleghit,NA,906
number,oleigh,NA,906
number,olo–1,NA,906
number,olobwúghúw,NA,906
number,olofay,NA,906
number,olofósch,NA,906
number,olomal,NA,906
number,olongaras,NA,906
number,olosché,NA,906
number,oloow,NA,907
number,oon,"TAN, LN",907
number,–osálil,TAN,907
number,–púngút,NA,907
number,ruufósch,NA,907
number,ruwa–,NA,907
number,ruwabwúghúw,NA,907
number,ruwaghit,NA,907
number,ruwangaras,NA,907
number,ruwasché,NA,907
number,ruweigh,NA,907
number,ruwoow,NA,907
number,rúúfay,NA,907
number,rúúschay,NA,907
number,rúúw,NA,907
number,rúwááf,NA,907
number,sangaras,NA,907
number,se–,NA,907
number,seigh,NA,907
number,seigh me eew,NA,907
number,seigh me ruwoow,NA,907
number,ssel,NA,907
number,tiiw1,NA,907
number,tiwa–,NA,907
number,tiwabwúghúw,NA,907
number,tiwafósch,NA,908
number,tiwangaf,NA,908
number,tiwangaras,NA,908
number,tiwasché,NA,908
number,tiweghit,NA,908
number,tiweigh,NA,908
number,tiwmal,NA,908
number,tiwoow,NA,908
number,waal,NA,908
number,walabwúghúw,NA,908
number,walafósch,NA,908
number,walaghit,NA,908
number,walasché,NA,908
number,walengaf,NA,908
number,walengaras,NA,908
number,waliigh,NA,908
number,waluuw,NA,908
number,walú-,NA,908
number,walúmal,NA,908
numerous,fayúlippi,NA,908
numerous,schóóschó2,NA,908
nurse,finmeera,NA,908
nurse,túút,NA,908
nurture,ffóól,NA,909
nutcracker,paghúpagh2,NA,909
obedient,rongoschigh,NA,910
obese,bwutááy,NA,910
obese,ligauluul1,TAN,910
obey,rong,NA,910
obey,rongofisch,NA,910
obey,rongohoorhig,TAN,910
obey,selingááfisch,NA,910
object,kosas,NA,910
object,miil,S,910
object pronoun,–a3,NA,910
object suffix,–g,TAN,910
object suffix,–gem,TAN,910
object suffix,–gemi,TAN,910
object suffix,–girh,TAN,910
object suffix,–gh,NA,910
object suffix,–ghámem,NA,910
object suffix,–ghemi,NA,910
object suffix,–ghisch,NA,910
object suffix,–ll,NA,910
object suffix,–nn,"TAN, LN",911
object suffix,–r2,NA,911
object suffix,–yáy,NA,911
obscure,póól,NA,911
observe,alama,TAN,911
observe,allaamwa,NA,911
observe,auluuluuw,NA,911
observe,auruur,NA,911
observe,áláng,NA,911
observe,álángi,NA,911
observe,állewa,NA,911
observe,fala–,NA,911
observe,falangáli,NA,911
observe,fana–,"TAN, LN",911
observe,lamalam2,NA,911
observe,piipiiy,NA,911
observe,sáscheey,NA,911
observe,woori,NA,911
obvious,bwááto,NA,912
obvious,faatattaral sabweil,NA,912
occasion,fáál²,NA,912
occupation,angaang,NA,912
occupation,tarabwaagho,NA,912
occupy,abwurha,TAN,912
occur,fih,TAN,912
occur,fis¹,NA,912
occur,láál,NA,912
occur,láán,TAN,912
ocean,bwool sáát,NA,912
ocean,bwoon háát,TAN,912
ocean,bwooset,NA,912
ocean,fááliilól,NA,912
ocean,fáániilól,TAN,912
ocean,lehet,TAN,912
ocean,leeset,NA,912
ocean,metaw,NA,912
o’clock,oora,NA,912
October,Ottuubre,NA,913
octopus,gúúh,TAN,913
octopus,ghúús,NA,913
odor,bwoo–,NA,913
odor,bwoongah,TAN,913
odor,bwoonngaw,NA,913
odor,bwoppwool,NA,913
odor,bwoottig,TAN,913
odor,bwoottigh,NA,913
odor,bwootighar,NA,913
odor,limasch,NA,913
odor,uwah,TAN,913
odor,uwas,NA,913
of,–l1,NA,913
of,–l2,NA,913
offend,ngáásch2,NA,913
offering,ahoomá,TAN,913
offering,ahóra,TAN,913
offering,asóra,NA,913
offering,óssootubw,NA,913
office,bwulasio,NA,914
office,lugóót,NA,914
office,ofisiina,NA,914
offspring,layú-,NA,914
offspring,nayú-,"TAN, LN",914
oil,abwura1,NA,914
oil,ammihi,TAN,914
oil,ammisi,NA,914
oil,ákkápit,NA,914
oil,tikka1,NA,914
oilcloth,kkaaba,NA,914
oily,mmis,NA,914
okay,iweewo,NA,914
okay,iweeyo,TAN,914
old,bwey,NA,914
old,fasúl,NA,914
old,lap,NA,914
old,lapasengi,NA,914
old,lapehengi,TAN,915
old,lippwarh,TAN,915
old,lippwasch,NA,915
old,lóómw1,NA,915
old,mwug,TAN,915
old,ppwasch,NA,915
old,schillap,NA,915
old,tuufay,NA,915
old,tchinnap,TAN,915
Oleai,Léélugh,NA,915
Oleai,Tammwoora,NA,915
oleander,odetfa,NA,915
omen,waihet,TAN,915
omen,weisát,NA,915
on,schúúl,NA,915
on,wei–1,NA,915
on,wel–,NA,915
on,wóó-,NA,915
once in a while,eyoor igha,NA,915
Once upon a time,leeweina,TAN,915
Once upon a time,léaweeiló,NA,916
Once upon a time,mwoiwe,NA,916
Once upon a time,oloweiló,NA,916
one,a–3,TAN,916
one,aeschayúl,NA,916
one,aeuwal,NA,916
one,áláá-,NA,916
one,álááfay,NA,916
one,álááfósch,NA,916
one,álááschay,NA,916
one,áleyeew,NA,916
one,bwaleew,NA,916
one,e–,NA,916
one,ebwúghúw,NA,916
one,efay,NA,916
one,egumw,TAN,916
one,egumwurh,TAN,916
one,egúh,TAN,916
one,eghit,NA,916
one,eghumw,NA,916
one,eghumwusch,NA,916
one,eghus,NA,916
one,ehat,TAN,916
one,ehóbw,TAN,916
one,erhé,TAN,916
one,esetil,NA,917
one,esóbw,NA,917
one,esché,NA,917
one,eet,NA,917
one,eew,NA,917
one,eyáf,NA,917
one,mili–,NA,917
one,sangaras,NA,917
one,se–,NA,917
one hundred,ebwúghúw,NA,917
one óclock,ala una,NA,917
one thousand,sangaras,NA,917
one who,li–,NA,917
one who,male–,NA,917
one who,mane–,TAN,917
onion,subwuyas,NA,917
only,rhag,TAN,917
only,schagh,NA,917
open,ammahaaw,TAN,917
open,ammasaaw,NA,917
open,bwiliiló,NA,918
open,falló,NA,918
open,haleeng,TAN,918
open,huug,TAN,918
open,huugey,TAN,918
open,huugi,TAN,918
open,huuhu,TAN,918
open,mmaw,NA,918
open,seleeng,NA,918
open,suugh,NA,918
open,suughágh,NA,918
open,suughi,NA,918
open,suusu,NA,918
open,ttáf,NA,918
open,táfi,NA,918
open,tefi,TAN,918
open,wááhi,TAN,918
open,wáási2,NA,918
or,me2,NA,918
or,ngare,NA,918
orange,gurugur1,TAN,918
orange,ghaayil,NA,918
orange,rangarang,NA,919
oration,fayúrho,TAN,919
oration,fayúscho1,NA,919
order,afala,NA,919
order,akkulééw,NA,919
order,ammwel1,NA,919
order,amwelaaló1,NA,919
ordinal prefix,a–2,NA,919
ordinal suffix,–l2,NA,919
origin,bweletáá-,NA,919
origin,bwenetáá-,"TAN, LN",919
origin,bwughos,NA,919
Orion,Elúwel,NA,919
our,aarh,TAN,919
our,aasch,NA,919
our,áám1,TAN,920
our,áámem1,S,920
our,–m,TAN,920
our,–mám,S,920
our,–rh,TAN,920
our,–sch,NA,920
out,óut,NA,920
out,–wow,NA,920
out-islanders,aifal,NA,920
outlying island,téé,NA,920
out of breath,mwoor2,NA,920
out of breath,nngasappwo,NA,920
out-of-control,ilumaaw,NA,920
out of joint,ppisch,NA,920
out of marriage,layúlipisch,NA,921
out of marriage,nayúlipirh,TAN,921
out of season,mweeiló,NA,921
out of shape,táy,NA,921
out-of-square,táy,NA,921
outrigger boom,ghiyó,NA,921
outrigger float,taam,NA,921
outside,lugun,TAN,921
outside,lughul,NA,921
outsider,schóól lughul,NA,921
outsider,schóól waaseela,NA,921
outsider,waahééló,TAN,921
outsider,waaseela,NA,921
outward,ngatéwow,NA,922
oven,onnul mwongo,NA,922
oven,uumw,NA,922
overcast,lángimmóbw,NA,922
overcast,rhóletá,TAN,922
overcast,schóleppwung,NA,922
overcast,schóletá,NA,922
overcook,bwoomwusch,NA,922
overcook,mwusch,NA,922
overeat,kkétá,NA,922
overflow,lip,NA,922
overflow,óura–,NA,922
overflow,uuló,TAN,922
overflow,uroló,NA,922
overgrown,tár,NA,922
over here,igheey,NA,922
overpower,bwángiiy,NA,922
oversleep,masóól,NA,923
over there,ighilaal,NA,923
owe,diibi,NA,923
own,ááni,TAN,923
own,giyeni,TAN,923
own,ghiyeli,NA,923
own,yááli,NA,923
pack,awuta,NA,924
package,–túgh,NA,924
pad,tiliig,TAN,924
pad,tiliighi,NA,924
paddle,fatúl,NA,924
paddle,fatúla,NA,924
paddle,payúl fatúl,NA,924
paddle,ssó1,NA,924
Pagan,Paagang,TAN,924
Pagan,Paaghang,NA,924
pain,aremet,NA,924
pain,ffisch3,NA,924
pain,lifólo,NA,924
pain,metágh,NA,924
pain,oghakk,NA,924
pain,werewerilúút,NA,924
painful,metágh,NA,924
paint,amihi,TAN,924
amis,amisi,NA,925
amis,penta,NA,925
amis,zungwa,NA,925
paintbrush,pinseet,NA,925
painting,penta,NA,925
painting,zungwa,NA,925
pair,appalúwáli,NA,925
pair,apappa,NA,925
pair,palúwa–,NA,925
pair,palúwal²,NA,925
pair,papp,NA,925
pair,pappa–,NA,925
pair,pappfengáll,NA,925
palate,pongóósch,NA,925
Palau,Palley,NA,925
pale,bwerhebwerh,TAN,925
pale,bweschebwesch,NA,925
palm,atool,NA,925
palm,faadang,NA,925
palm,rebwung,NA,926
pamper,arheng,TAN,926
pamper,arhengi,TAN,926
pamper,ascheng,NA,926
pamper,aschengi,NA,926
pamper,kkiriida,NA,926
pamper,kkiriido,NA,926
pamper,layúlayúscheng,NA,926
pamper,nayúnayúrheng,TAN,926
pamphlet,tiliig,TAN,926
pamphlet,tiliighi,NA,926
pan,paan,NA,926
pancake,pangkek,NA,926
pandanus,ahúg,TAN,926
pandanus,faarh,TAN,926
pandanus,faasch,NA,926
pandanus,faasch uschóósch,NA,926
pandanus,faschal Luuta,NA,926
pandanus,faschal wwal,NA,927
pandanus,póghu,NA,927
pant,mwi,NA,927
pant,nngasappwo,NA,927
pants,anzibwong,NA,927
pants,ghassuulis,NA,927
pants,hanzibwong,TAN,927
papaya,bweibwaay,NA,927
papaya,bweibwaay mwáál,NA,927
papaya,bweibwaay schóóbwut,NA,927
paper,pappid,NA,927
paper,tiliig,TAN,927
paper,tiliighi,NA,927
paralyzed,inuutit,NA,927
paralyzed,ligiimw,TAN,927
paralyzed,lighiimw,NA,927
paralyzed,má2,NA,927
paralyzed,paay má,NA,927
paraplegic,ligiimw,TAN,928
paraplegic,lighiimw,NA,928
pardon,amwosomwos,NA,928
pardon,fayúscho1,NA,928
parrotfish,áár1,NA,928
parrotfish,iginorh,TAN,928
parrotfish,oscha,NA,928
parrotfish,urha,TAN,928
parsma berry,manisanita,TAN,928
parsma berry,mansaniita,NA,928
part,mweisefáng,NA,928
part,mweiti,NA,928
part,mmwey,NA,928
part,paghúl,NA,928
part,peiráágh,NA,928
parting,ulee lo,NA,928
parting,ulee ló,NA,929
partition,átippw,NA,929
partition,tibwas,NA,929
partly,ehóbw,TAN,929
partly,esóbw,NA,929
partner,apalúwal,NA,929
partner,appalúwáli,NA,929
partner,palúwa–,NA,929
partner,pappa–,NA,929
partner,pappeli,NA,929
partner,pappfengáll,NA,929
partner,rheena–,TAN,929
partner,scheela–,NA,929
party,guubwul,TAN,929
party,ghuubwul,NA,929
pass,aiti,NA,929
pass,aitingáli,NA,929
pass,aluu–,NA,929
pass,aluuy,TAN,929
pass,áffángár,NA,929
pass,áffáyil,NA,930
pass,ffangeerhefáng,TAN,930
pass,ffengeersefáng,NA,930
pass,marew,TAN,930
pass,marúng,NA,930
pass,milaato,NA,930
pass,ngal–,NA,930
pass,ngalleey,NA,930
pass,patti,NA,930
pass,táári,NA,930
passion fruit,dossi,NA,930
pass wind,bwir,TAN,930
pass wind,bwiribwir,NA,930
pass wind,ppwir,NA,930
pass wind,sing,NA,930
pass wind,singising,NA,930
past,hengi1,TAN,930
past,mwoiwe,NA,930
past,pasaw,NA,930
past,sángi1,NA,930
paste,amallaay,NA,931
paste,apparh1,TAN,931
paste,appasch1,NA,931
paste,mall2,NA,931
pat,apisipis,NA,931
pat,pighiri,NA,931
pat,pisipis2,NA,931
patch,apilasa,NA,931
patch,apinaha,TAN,931
patch,limenda,NA,931
patch,patsi1,NA,931
patch,patsi2,NA,931
patch,pilesagh,NA,931
path,aal1,NA,931
patient,ameschereghi,NA,931
patient,amwaamwaay leetipomw,NA,931
patriarch,hamalap,TAN,932
patriarch,samalap,NA,932
patter,ppwunguppwung,NA,932
pattern,áriiri,NA,932
paw through,kkop,NA,932
pay,óbwóssuuló,NA,932
pay,óbwóssuw,NA,932
peace,gúnammwey,TAN,932
peace,gúnómw,TAN,932
peace,ghilómw,NA,932
peace,ghúlammwey,NA,932
peace,sáliti,NA,932
peaceful,rhóórág,TAN,932
peaceful,schóórágh,NA,932
peak,rhugullang,TAN,932
peak,schughullang,NA,933
peak,tool1,NA,933
peak,weirhug,TAN,933
peak,weischugh,NA,933
pear,peeras,NA,933
peck,ffel,NA,933
peck,feleey,NA,933
pectoral fin,ppwan1,TAN,933
peel,bwurungágh,NA,933
peel,bwurungi,NA,933
peel,bwurungiiló,NA,933
peel,ffet,NA,933
peel,fetti,NA,933
peel,ppwur,NA,933
peel,serághékkiló,NA,933
peel,sigát,TAN,933
peel,sigáti,TAN,933
peer,haran,TAN,933
peer,kuumi,NA,933
peer,sárel,NA,934
pen,peen,NA,934
pen,pluuma,NA,934
pen,úráál makk,NA,934
pencil,lóóp is,NA,934
pencil,úráál makk,NA,934
peninsula,ayúlúúl2,NA,934
peninsula,máásch,NA,934
penis,gháyi–,NA,934
penis,hee,TAN,934
penis,kkúr,NA,934
penis,mwáálil,NA,934
penis,parúng2,NA,934
penis,see,NA,934
penis,súlú-,NA,934
penis,taa2,NA,934
penny,seen,NA,934
people,aramah,TAN,934
people,aramas,NA,934
people,–mal,NA,934
people,re—,NA,934
people,Repaghuluwósch,NA,935
people,-scháy,NA,935
people,schóól schuugh,NA,935
pepper,amweigh,NA,935
pepper,amwiig,TAN,935
pepper,attiga,TAN,935
pepper,attigha,NA,935
pepper,lolli,NA,935
pepper,lolliyaay,NA,935
pepper,lonni,TAN,935
pepper,mwiigh,NA,935
pepper,walangung,NA,935
pepper,waluwal,NA,935
pepper,walúté,NA,935
perceive,werewer2,NA,935
perceive,weri,NA,935
perfective aspect,–a1,NA,935
perform,sóu–,NA,935
perfume,amet,NA,935
perfume,bwoongah,TAN,936
perfume,bwoongas,NA,936
perfume,bwoongasa,NA,936
perfume,ommwung,NA,936
perhaps,máli,NA,936
perhaps,tééschigha,NA,936
period,tempo,NA,936
permeate,bwoppwool,NA,936
person,aramah,TAN,936
person,aramas,NA,936
person,miil,NA,936
person,miin,TAN,936
person,rhóó,TAN,936
perspiration,mwóóliyol,NA,936
perspire,mwóóliyol,NA,936
perspire,witch,NA,936
persuade,alúghúúw,NA,936
pest,ilumaaw,NA,937
pestle,fayúlippwo,NA,937
pestle,ppwo2,NA,937
pet,nayú-,"TAN, LN",937
pet,tóófi,NA,937
petroleum,pwótorooliyo,NA,937
Philippine,Filipino,NA,937
phonograph,átittigh,NA,937
phonograph,densuku,NA,937
photograph,literóóto,NA,937
photograph,ngééni,TAN,937
photograph,púghúse,NA,937
photograph,saasing,NA,937
photograph,sassingi,NA,937
pick,dekka,NA,937
pick,dekkááli,NA,937
pick,fátighi,NA,937
pick,firhi2,TAN,937
pick,firhifirh,TAN,937
pick,fischi3,NA,938
pick,fischifisch,NA,938
pick,fitigi,TAN,938
pick,gin,TAN,938
pick,girigir,TAN,938
pick,ghiil2,NA,938
pick,ghili1,NA,938
pick,ghirighir,NA,938
pick,iyeri,TAN,938
pick,iyey,NA,938
pick,rooghiitá,NA,938
pick,tafataf1,NA,938
pick,tafengi,NA,938
pick,tári1,NA,938
pick,tteri,TAN,938
pick,tóraay,TAN,938
pick,tóreey1,NA,938
pick,úrúgi,TAN,938
pick,úrúgifirhi,TAN,938
pick,úrúghifischiiy,NA,938
pick,úrúghú,NA,938
pick,úrúúr2,NA,938
pickle,asuumwól,NA,939
pickle,suumwól,NA,939
pickpocket,lighottap,NA,939
picky,lifilifil2,NA,939
picnic,pinnik,NA,939
picture,literóóto,NA,939
picture,literóótoow,NA,939
picture,púghúse,NA,939
picture,zungwa,NA,939
picture,paay3,NA,939
piece,–ghup,NA,939
piece,–hatta,TAN,939
piece,hetip,TAN,939
piece,hóóbw1,TAN,939
piece,maripúúlé,NA,939
piece,márip,NA,939
piece,máripirip,NA,939
piece,mwéter,NA,939
piece,mwétetteril,NA,940
piece,ripiságh,NA,940
piece,sátil,NA,940
piece,sátip,NA,940
piece,sátipal amwusch,NA,940
piece,–sset,NA,940
piece,sóóbw1,NA,940
piece,–tip,NA,940
piece,tiip1,NA,940
pierce,bwár,NA,940
pig,siilo,NA,940
pile,amwey1,NA,940
pile,amweya,NA,940
pile,amweyal,NA,940
pile,amweyú,TAN,940
pile,arhónga,TAN,940
pile,atchónga,NA,940
pile,rhóng,TAN,940
pile,rhóóng,TAN,940
pile,sass,NA,940
pile,schóng,NA,940
pile,schóngoschóng,NA,941
pile,tittil mááy,NA,941
pile,tittin mááy,TAN,941
pile,tchóng,NA,941
pile,yéélú,NA,941
pillow,úlúúl,NA,941
pillow,úlúúlútá,NA,941
pillow,úlún g,NA,941
pimple,loor,NA,941
pimple,lorommarh,TAN,941
pimple,lorommasch,NA,941
pincers,ghaaghos,NA,941
pinch,afalla,NA,941
pinch,afalakké,NA,941
pinch,afitikka,NA,941
pinch,áfitikk,NA,941
pinch,áfitikka,NA,941
pinch,fátighi,NA,941
pinch,fitigi,TAN,941
pine,weegu,TAN,942
pine,weighu,NA,942
pineapple,piinga,NA,942
pink,pappar,NA,942
pink,parakkis,NA,942
pink-eye,bwutor,NA,942
pipe,paip,NA,942
pipe,siganné,TAN,942
pipe,sighallé,NA,942
Pisarach,Pihirarh,TAN,942
Pisarach,Pisarasch,NA,942
pit,faar,NA,942
pit,faral mangga,NA,942
pit,gazera,NA,942
pit,laas,NA,942
pit,naah,TAN,942
pitcher,óóra,NA,942
pitiable,affaiyé,NA,942
pitiable,attong,NA,942
pitiful,affaiyé,NA,943
pity,faiyé,NA,943
pity,liyamaam,NA,943
pity,ttong,NA,943
place,bwughos,NA,943
place,bwuléy,NA,943
place,isal,NA,943
place,isálii–,NA,943
place,lee–,NA,943
place,leeliy,NA,943
place,lóngey,TAN,943
place,lóngooy,NA,943
place,lugóót,NA,943
place,ulú-,NA,943
place,wei–2,NA,943
place,wey,NA,943
place,wi1,NA,943
place name,Ageriigan,TAN,943
place name,Aghériighan,NA,943
place name,Alal Bwaay,NA,943
place name,Alal Ghaloowa,NA,943
place name,Alal Márebw,NA,943
place name,Aláy Liibw,NA,943
place name,Alimaan,NA,944
place name,Aap,TAN,944
place name,Arabwal,NA,944
place name,Asughunnu,NA,944
place name,Asúngúl,NA,944
place name,Aschaubwesch,NA,944
place name,Aschaw,NA,944
place name,Atoobwey,NA,944
place name,Ayúlúúl,NA,944
place name,Áláilis,NA,944
place name,Alal Márebw,NA,944
place name,Áschátá,NA,944
place name,Bwollap,NA,944
place name,Bwolowat,NA,944
place name,Bwughuwal Arabwal,NA,944
place name,Bwulubwuul,NA,944
place name,Espaiyol,NA,944
place name,Faiyééw,NA,944
place name,Faalepi,NA,944
place name,Faluwasch,NA,944
place name,Falúghúló,NA,944
place name,Fanúyarh,TAN,944
place name,Fayúlap,NA,944
place name,Fánáápi,TAN,945
place name,Feláápi,NA,945
place name,Fóólopey,NA,945
place name,Gatogobwey,TAN,945
place name,Giligaal,TAN,945
place name,Ghafeetiya,NA,945
place name,Ghalaghaal,NA,945
place name,Ghooposal,NA,945
place name,Houg,TAN,945
place name,Hóbweihow,TAN,945
place name,Imwefay,NA,945
place name,Iwal,NA,945
place name,Kkuwam,NA,945
place name,Lalamwáágin,TAN,945
place name,Lamwotchegh,NA,945
place name,Lataal,NA,945
place name,Lataan,TAN,945
place name,Leelómw,NA,945
place name,Lemááyól,NA,945
place name,Léélééwong,NA,945
place name,Léélugh,NA,945
place name,Lisangal Malúgh,NA,945
place name,Lólomwáághil,NA,945
place name,Lóngeiraw,NA,945
place name,Luugholap,NA,946
place name,Luuta,NA,946
place name,Marianas,NA,946
place name,Mataalasa,NA,946
place name,Máschápi,NA,946
place name,Meráális,NA,946
place name,Mwóugh,NA,946
place name,Namwotcheg,TAN,946
place name,Naanmatów,NA,946
place name,Nómwonwiité,NA,946
place name,Onoun,TAN,946
place name,Paagang,TAN,946
place name,Paaghang,NA,946
place name,Paghúluwosch,NA,946
place name,Palley,NA,946
place name,Pihirarh,TAN,946
place name,Pisarasch,NA,946
place name,Ppiyal Ooláng,NA,946
place name,Piyapi Ghitighiit,NA,946
place name,Piyapi Tomwógh,NA,946
place name,Ppwul,NA,946
place name,Rhuug,TAN,946
place name,Sangórhól,TAN,946
place name,Saramal,NA,947
place name,Sarigwan,NA,947
place name,Satawal,NA,947
place name,Satawan,TAN,947
place name,Seip,NA,947
place name,Seip,"TAN, LN",947
place name,Sepeet,NA,947
place name,Alal M,NA,947
place name,Siila,NA,947
place name,Songosch,NA,947
place name,Sough,NA,947
place name,S,NA,947
place name,Suupi,NA,947
place name,Schuugh,NA,947
place name,Schughul Gh,NA,947
place name,Tailagh,NA,947
place name,Taip,NA,947
place name,Taiwang,NA,947
place name,Talaabwogh,NA,947
place name,Tammwoora,NA,947
place name,Taraf,TAN,947
place name,T,NA,947
place name,M,NA,947
place name,M,NA,947
place name,Tool,NA,947
place name,Tourulap,TAN,947
place name,Tourun Hootiw,TAN,947
place name,Tórófóófó,NA,948
place name,Tóurul Yéér,NA,948
place name,Tóurulap,NA,948
place name,Tuutuuram,NA,948
place name,Tchiliyól,NA,948
place name,Tchiniyól,TAN,948
place name,Umwul Bweesch,NA,948
place name,Unoun,NA,948
place name,Úlútiw,NA,948
place name,Welebwughúw,NA,948
place name,Weniya,TAN,948
place name,Woleyaay,NA,948
place name,Yaap,NA,948
plait,assey,NA,948
plait,fayú,NA,948
plait,ppil2,NA,948
plait,pili,NA,948
plane,pileen,NA,948
plant,aabwas,NA,948
plant,afaamarh,TAN,948
plant,afaamasch,NA,948
plant,afuurh,TAN,949
plant,afuusch,NA,949
plant,agurang1,TAN,949
plant,aghul,NA,949
plant,aghurang,NA,949
plant,alóót,NA,949
plant,alús1,NA,949
plant,alúw,NA,949
plant,amaleeset,NA,949
plant,amweigh,NA,949
plant,amwiig,TAN,949
plant,amwot tumaaga,NA,949
plant,anné,TAN,949
plant,anoonas,NA,949
plant,angomaras,NA,949
plant,angoschigh,NA,949
plant,apar,NA,949
plant,appiliischimw,NA,949
plant,appwulis,NA,949
plant,ara,NA,949
plant,arabwal,NA,949
plant,aragakk,TAN,949
plant,araghakk,NA,950
plant,arama,NA,950
plant,arooma,NA,950
plant,aromw,NA,950
plant,aróóma,TAN,950
plant,aruuru,NA,950
plant,asang,NA,950
plant,asass,NA,950
plant,asemsiyén,NA,950
plant,asmin,NA,950
plant,aatis,NA,950
plant,atmagoso,NA,950
plant,atool,NA,950
plant,aaw2,NA,950
plant,awal,NA,950
plant,áfischi Liyoos,NA,950
plant,áághul,NA,950
plant,ámááre,NA,950
plant,áppááw,NA,950
plant,áár2,NA,950
plant,átiyát2,NA,950
plant,bilimbiilis,NA,950
plant,bwatch,NA,951
plant,bwaay1,NA,951
plant,bweibwaay,NA,951
plant,bweibwaay mwáál,NA,951
plant,bweibwaay schóóbwut,NA,951
plant,bweenguwa,NA,951
plant,bwotaatas,NA,951
plant,bwuger,TAN,951
plant,bwughárimwáál,NA,951
plant,bwughárinngas,NA,951
plant,bwughárischóóbwut,NA,951
plant,bwugher,NA,951
plant,bwughil,NA,951
plant,bwula1,NA,951
plant,dadangsi,NA,951
plant,daikon,NA,951
plant,deres,NA,951
plant,dossi,NA,951
plant,eengi2,NA,951
plant,faadang,NA,951
plant,faarh,TAN,952
plant,faasch,NA,952
plant,faasch uschóósch,NA,952
plant,faschal Luuta,NA,952
plant,faschal wwal,NA,952
plant,fayérabwaw,NA,952
plant,fááliyáp,NA,952
plant,fáániyáp,TAN,952
plant,feta–,NA,952
plant,filé,NA,952
plant,filooris rosa,NA,952
plant,fine,TAN,952
plant,fitau,TAN,952
plant,fitau ppar,TAN,952
plant,fitaw,NA,952
plant,fitaw ppar,NA,952
plant,fitil,NA,952
plant,fiyoolis,NA,952
plant,fofogo,NA,952
plant,fóót,NA,952
plant,galamasa,TAN,952
plant,gamasúúlúg,TAN,952
plant,gamwuuti,TAN,952
plant,garanaada,NA,952
plant,garhú,TAN,952
plant,gasooso,TAN,952
plant,gatuuray,NA,952
plant,golondriina,TAN,953
plant,guul,TAN,953
plant,guun,TAN,953
plant,gurugur1,TAN,953
plant,gúúngár,TAN,953
plant,ghalabwaasa,NA,953
plant,ghalamaasa,NA,953
plant,ghamasiiligh,NA,953
plant,ghariisu,NA,953
plant,ghasooso,NA,953
plant,ghasuutil,NA,953
plant,ghaschú,NA,953
plant,ghaayil,NA,953
plant,ghiliaw,NA,953
plant,ghiyobw,NA,953
plant,ghiyobw bwesch,NA,953
plant,ghiyobw row,NA,953
plant,ghómwuuti,NA,953
plant,ghuul,NA,953
plant,ghúlúfé,NA,954
plant,ghúúngar,NA,954
plant,hasmin,TAN,954
plant,iiba,NA,954
plant,iifil,NA,954
plant,kkalamenduk,NA,954
plant,kkamang,NA,954
plant,kana festúla,NA,954
plant,kkangkkung,NA,954
plant,katdes,NA,954
plant,kiyáárots,NA,954
plant,kolonggorina,NA,954
plant,kkóómiyas,NA,954
plant,kunneeta,NA,954
plant,laguanaa,TAN,954
plant,langgunaa,NA,954
plant,lasaaga,NA,954
plant,laasch,NA,954
plant,llat,NA,954
plant,lángiiláng,NA,954
plant,lángit,NA,954
plant,leel,NA,954
plant,léélugh,NA,954
plant,liarabwal,NA,955
plant,liarabwas,NA,955
plant,Santa Maria,NA,955
plant,Artemisia vulgaris,NA,955
plant,liarabwas siilo,NA,955
plant,ligippwaay,TAN,955
plant,lighauluul,NA,955
plant,lighippwáy,NA,955
plant,lighitar,NA,955
plant,lighitar schóóbwut,NA,955
plant,likka,NA,955
plant,likka mwongo,NA,955
plant,likka urhóórh,TAN,955
plant,likka uschóósch,NA,955
plant,liiriyo,NA,955
plant,liyar,NA,955
plant,Premna obtusifolia,NA,955
plant,liyóór,TAN,955
plant,Premna obtusifolia,NA,955
plant,loomwul,NA,955
plant,loomwulúl Tchiina,NA,955
plant,lóóghu,NA,955
plant,lóóghu ppar,NA,955
plant,luumw,NA,955
plant,lúú,NA,955
plant,Cocos nucifera,NA,955
plant,lúú llang,NA,955
plant,lúú mwommwosch,NA,955
plant,lúú ppar,NA,955
plant,lúú sóssól,NA,955
plant,lúú tcha,NA,955
plant,lúú wawwal,NA,955
plant,lúfééyús,NA,956
plant,lúúl Yaap,NA,956
plant,maigo lóólo,NA,956
plant,manisanita,TAN,956
plant,mansaniita,NA,956
plant,mansaniiza,NA,956
plant,mangga,NA,956
plant,matseela,NA,956
plant,máiyas,NA,956
plant,mááy,NA,956
plant,mááy dél,NA,956
plant,meis,NA,956
plant,melew,NA,956
plant,meschemesch2,NA,956
plant,mootú,NA,956
plant,mógomóg,TAN,956
plant,móghomógh,NA,956
plant,mwalel,NA,956
plant,mwaronggay,NA,956
plant,mweesor,NA,956
plant,mwéégh,NA,956
plant,mwiigh,NA,956
plant,mwonggos,NA,956
plant,mwootiw,NA,957
plant,mwootú,NA,957
plant,mwough,NA,957
plant,nappa,NA,957
plant,nnat,"TAN, LN",957
plant,neen,TAN,957
plant,nikka,"TAN, LN",957
plant,odetfa,NA,957
plant,olu,TAN,957
plant,oolu,NA,957
plant,oot,TAN,957
plant,otogúúh,TAN,957
plant,otorhall,TAN,957
plant,ógátooleng,TAN,957
plant,óghótooláng,NA,957
plant,ólóót,NA,957
plant,óór,NA,957
plant,óroma,NA,957
plant,paodedu,TAN,957
plant,paodoodu,NA,957
plant,paar,TAN,957
plant,paraisu,NA,957
plant,peipey2,NA,957
plant,pééláng,NA,957
plant,pélé,NA,958
plant,Thespesia populnea,NA,958
plant,péné,TAN,958
plant,Thespesia populnea,NA,958
plant,piinga,NA,958
plant,platiitos,NA,958
plant,Polyscias scutellaria,NA,958
plant,poupoul leeyil asang,NA,958
plant,Waltheria americana,NA,958
plant,poupoun lein asang,TAN,958
plant,Waltheria americana,NA,958
plant,poupow,NA,958
plant,Malpighia glabra,NA,958
plant,póghu,NA,958
plant,ppwu,NA,958
plant,Areca cathecu,NA,958
plant,raang,NA,958
plant,rawel,NA,958
plant,rághisch,NA,958
plant,Calophyllum inophyllum,NA,958
plant,rebwung,NA,958
plant,regirh,TAN,958
plant,Calophyllum inophyllum,NA,958
plant,róschey,NA,958
plant,rheiwal,TAN,958
plant,Ipomoea littoralis,NA,958
plant,rhéiro,TAN,958
plant,rhéyúllug,TAN,958
plant,Asplenidium nidus,NA,958
plant,rhiirhi,TAN,958
plant,Polypodium scolopendria,NA,958
plant,rhiiya,TAN,958
plant,sakaw,NA,958
plant,Piper methysticum,NA,958
plant,saliiya,NA,958
plant,Citrullus lanalus,NA,958
plant,séyúr,NA,958
plant,sinamwoomwo,NA,959
plant,subwuyas,NA,959
plant,súbwukaaw,NA,959
plant,scheiwal,NA,959
plant,schéiro,NA,959
plant,schééllugh,NA,959
plant,schiischi,NA,959
plant,schiwel aifar,NA,959
plant,schiiya,NA,959
plant,taguwa,TAN,959
plant,taibwo,NA,959
plant,takkuwa,NA,959
plant,taliisay,NA,959
plant,tamantiigit,NA,959
plant,tayóroma,NA,959
plant,teibwo,TAN,959
plant,tiigh,NA,959
plant,tiliisey,TAN,959
plant,tolal,NA,959
plant,tolan,"TAN, LN",960
plant,tomwatis,TAN,960
plant,tókkuuwa,NA,960
plant,tóngantóngan,NA,960
plant,tubwatubwa,NA,960
plant,tumóótis,NA,960
plant,tumóótis tsóóka,NA,960
plant,tumóótis ubas,NA,960
plant,tuppwun azuuzu,NA,960
plant,tchel,NA,960
plant,tchen,TAN,960
plant,uló,NA,960
plant,umwó,NA,960
plant,uurh,TAN,960
plant,uurh mwodatchór,TAN,960
plant,úúp1,NA,960
plant,útch,NA,960
plant,walamwerhing,TAN,960
plant,walamwesching,NA,960
plant,walangung,NA,960
plant,walapil,NA,961
plant,walepaarang,NA,961
plant,walúbwong,NA,961
plant,walúgé,TAN,961
plant,walúghé,NA,961
plant,walúmwó,NA,961
plant,walúwal,NA,961
plant,warúng,NA,961
plant,weegu,TAN,961
plant,weighu,NA,961
plant,weey4,NA,961
plant,wérúng,TAN,961
plant,wiisch,NA,961
plant,wiisch addiin,NA,961
plant,wiisch bwungurh,TAN,961
plant,wiisch bwungusch,NA,961
plant,wiisch dóóma,NA,961
plant,wiisch fayúmmwosch,NA,961
plant,wiisch looriya,NA,961
plant,wiisch mwéschétchar,NA,961
plant,wiisch taiwang,NA,962
plant,wischewówu,NA,962
plant,woot,NA,962
plant,wotobwesch,NA,962
plant,wotoghaagha,NA,962
plant,wotoghús,NA,962
plant,wotol Sepaan,NA,962
plant,wotopar,NA,962
plant,wotoschall,NA,962
plant,wotoschól,NA,962
plant,wototcha,NA,962
plant,woow,NA,962
plant,yoong,NA,962
planting,ayúwew,NA,962
planting,bwéll,NA,962
planting,bwonn,TAN,962
planting,bwuráátiw,NA,962
planting,bwurutiitiw,NA,962
planting,fatogi,TAN,962
planting,ffót,NA,962
planting,fótoghi,NA,962
planting,ssas,NA,962
planting,sseli,NA,962
planting,sseni,TAN,963
planting,táli,NA,963
planting,weligi,TAN,963
planting,welighi,NA,963
plant part,faar,NA,963
plant part,filooris,NA,963
plant part,fruta,NA,963
plant part,mescheng,NA,963
plant part,ppas,NA,963
plant part,pááley,NA,963
plant part,péé,NA,963
plant part,rhepin walawal,TAN,963
plant part,rhéé,TAN,963
plant part,schepil walúwal,NA,963
plant part,schéé,NA,963
plant part,toutow1,NA,963
plant part,trongko,NA,963
plant part,ubwut,NA,963
plant part,uwa1,NA,963
plant part,uwabwon,TAN,963
plant part,uwóbwol,NA,963
plant part,úlúl,NA,963
plant part,waar,NA,963
plant part,warápigh,NA,963
plate,hepi,TAN,963
plate,pulóto,NA,964
plate,sápi,NA,964
plate,uul,NA,964
platform,lóóng1,NA,964
platter,uul,NA,964
play,arikków,NA,964
play,áttighi,NA,964
play,átittigh,NA,964
play,heli,TAN,964
play,likkamwéy,NA,964
play,likkóópiyop,NA,964
play,sáli,NA,964
play,ukkur,NA,964
play,zambara,NA,964
playful,lituung,NA,964
pleasant,firh,TAN,964
pleasant,fisch,NA,964
pleasant,llé,NA,964
pleasant,nné,TAN,964
please,fan,NA,965
please,mwo1,NA,965
pleased,meseigháágháli,NA,965
pleased,móóghuf,NA,965
pleasure,abwaabwa,NA,965
pleasure,allééw2,NA,965
pleasure,mwaginigin,TAN,965
Pleiades,Mwáárighár,NA,965
plentiful,aumwuumw,NA,965
plentiful,ssow1,NA,965
plentiful,uwa2,NA,965
plenty,ssog,TAN,965
plenty,ssogh,NA,965
pliers,aghúúghú,NA,965
plover,guliing,TAN,965
plover,ghuliing,NA,965
pluck,firhi2,TAN,966
pluck,firhifirh,TAN,966
pluck,fisch3,NA,966
pluck,fischifisch,NA,966
pluck,teraili,NA,966
plumeria,séyúr,NA,966
plural prefix,kka–,NA,966
plywood,paap,NA,966
pocket,bwoorosa,NA,966
pocketbook,bwut3w,NA,966
pod,aih,TAN,966
pod,ais2,NA,966
poinciana,fay9rabwaw,NA,966
point,aiti,NA,966
point,amwáángeli,NA,967
point,amwáángeni,TAN,967
point,ayúlúúl2,NA,967
point,itiit,NA,967
point,kkáng,NA,967
point,kkeng,TAN,967
point,máásch,NA,967
point,pwunto,NA,967
point,tchif,NA,967
poison,úúp1,NA,967
poke,dekka,NA,967
poke,dekkááli,NA,967
poke,rhipiti,TAN,967
poke,schibwey,NA,967
poke,tigi,TAN,967
poke,tighi,NA,967
poke,tchibw,NA,967
poke,tchibweey,NA,967
Polaris,Fúúsemwóghut,NA,967
pole,ammwar2,NA,968
pole,áleh,TAN,968
pole,áles,NA,968
pole,bwóów,NA,968
pole,foo,NA,968
pole,uung,NA,968
policeman,ppwulisiman,NA,968
polish,alamalama,NA,968
polish,lamlam,NA,968
polite,malefighir,NA,968
polite,mwo1,NA,968
pomegranate,garanaada,NA,968
pompano,patú,TAN,968
Ponape,Fóólopey,NA,968
pond,léélé,NA,968
pond,lóómw3,NA,968
pond,nóómw2,"TAN, LN",968
pond,paat,TAN,968
ponder,schesschemeli,NA,969
poor,mwoowesch,NA,969
popular,fang2,NA,969
porcupine-fish,tais,NA,969
porpoise,ghúúw 3,NA,969
porpoise,mwósoos,NA,969
porridge,mwuungi,NA,969
Portia tree,pélé,NA,969
Portia tree,péné,TAN,969
portion,ahattaló,TAN,969
portion,ainet,TAN,969
portion,asettila,NA,969
portion,asettileló,NA,969
portion,áilet,NA,969
portion,áileti,NA,969
portion,bweiti,NA,969
portion,–hatta,TAN,970
portion,īlet,NA,970
portion,ileti,NA,970
portion,inet1,TAN,970
portion,inet2,"TAN, LN",970
portion,ineti,TAN,970
portion,patti,NA,970
portion,pattii–,NA,970
portion,sátil,NA,970
positively,mal,NA,970
positively,man,TAN,970
possess,layúlay,NA,970
possess,rhóóngi,TAN,970
possess,schóóngi,NA,970
possessed,awaratá,NA,970
possessed,awarawar,NA,970
possessed,awárátá,TAN,970
possessed,schóól awarawar,NA,970
possession,aal2,NA,971
possessions,pisegh,NA,971
possessions,rhawar,TAN,971
possessions,schowar,NA,971
possessive classifier,aa–,NA,971
possessive classifier,ala–,NA,971
possessive classifier,ana–,TAN,971
possessive classifier,feta–,NA,971
possessive classifier,layú-,NA,971
possessive classifier,mwalú-,NA,971
possessive classifier,mware–,NA,971
possessive classifier,nayú-,"TAN, LN",971
possessive classifier,nguta–,NA,971
possessive classifier,urhaa–,TAN,971
possessive classifier,uschaa–,NA,971
possessive classifier,ùlúma–,NA,971
possessive classifier,waa–,NA,971
possessive pronoun,aal2,NA,971
possessive pronoun,aan,"TAN, LN",971
possessive pronoun,aar,NA,971
possessive pronoun,aarh,TAN,972
possessive pronoun,aasch,NA,972
possessive pronoun,áám1,TAN,972
possessive pronoun,áámem1,S,972
possessive pronoun,áámi1,NA,972
possessive pronoun,ááy,NA,972
possessive pronoun,óómw,NA,972
possessive suffix,–l1,NA,972
possessive suffix,–m,TAN,972
possessive suffix,–mám,S,972
possessive suffix,–mi,NA,972
possessive suffix,–mw,NA,972
possessive suffix,–n,"TAN, LN",972
possessive suffix,–r1,NA,972
possessive suffix,–rh,TAN,972
possessive suffix,–sch,NA,972
possessive suffix,–y1,NA,972
possible,emmwel1,NA,972
possibly,máli,NA,972
post,apparh1,TAN,973
post,appasch1,NA,973
post,appascha,NA,973
post,úúr2,NA,973
post,úráli,NA,973
posterior,fáályáp,NA,973
pot,raaw1,NA,973
potato,bwotaatas,NA,973
potato,gamwuuti,TAN,973
pound,aléllérh,TAN,973
pound,aléllésch,NA,973
pound,appwa,NA,973
pound,állif1,NA,973
pound,átingi,NA,973
pound,liisung,NA,973
pound,nnif,TAN,973
pound,ppwo1,NA,973
pound,ppwooli,NA,973
pound,tap,NA,974
pound,gh,NA,974
pound,gh,NA,974
pour,abwota,NA,974
pour,akki,NA,974
pour,akkiilong,NA,974
pour,alipa,NA,974
pour,alipaal,NA,974
pour,ghikk,NA,974
pour,lipa,NA,974
pour,uuti,NA,974
pout,attumw,NA,974
pout,atumwutumw,NA,974
pout,libwis,NA,974
pout,liyaubwilih,TAN,974
powder,amallaay,NA,974
powder,mall2,NA,974
powder,mallughatch,NA,974
powder,mall,TAN,974
powder,potbwus,NA,974
powder,raang,NA,975
powder,ghuschél,NA,975
power,lemelem,NA,975
power,nemenem,LN,975
powerful,maamaaw,NA,975
powerful,mwáálescho,NA,975
powerful,scho,NA,975
practical joke,mwááliyah,TAN,975
practical joke,mwááliyas,NA,975
pray,meleitey,NA,975
prayer group,schóól meleitey,NA,975
preach,ffél,NA,975
preach,ffén,"TAN, LN",975
preamble,bweletáá-,NA,975
precede,ghommweeti,NA,975
precede,ulummwa–,NA,975
precipice,alúgúppag,TAN,976
precipice,alúghúppagh,NA,976
precipice,ingiing,NA,976
precipice,pareingiing,TAN,976
predict,atubwúsé,NA,976
predict,bwee,NA,976
prefer,ppáli,NA,976
prefer,tiip2,NA,976
prefer,tipáli,NA,976
prefer,tipeni,TAN,976
pregnancy,marama–,NA,976
pregnant,abwoobwoow,NA,976
pregnant,bwoobwo,NA,976
pregnant,libwoobwo,NA,976
pregnant,lifeefe,TAN,976
pregnant,ubwelól,NA,976
preoccupied,bwusch,NA,976
preoccupied,etcheló,NA,976
prepare,amwal,NA,977
prepare,amwala,NA,977
prepare,atapénégú,TAN,977
prepare,tapélégh,NA,977
prepare,tapénég,TAN,977
present,liffang,NA,977
present,óssootubw,NA,977
preserve,afaayúl,NA,977
preserve,asuumwól,NA,977
preserve,zaam,NA,977
press,feingegh,NA,977
press,feingi2,NA,977
press,limág,TAN,977
pretend,awóófirhi,TAN,977
pretend,awóófisch,NA,977
pretend,awóófischi,NA,977
pretend,fééri bwe,NA,977
pretend,mwaghel,NA,978
pretend,rutufféér,NA,978
pretend,wóófirh,TAN,978
pretend,wóófisch,NA,978
pretty,amweschiya,NA,978
pretty,lling,NA,978
pretty,malemwaamwaay,NA,978
pretty,mwaamwaay,NA,978
pretty,ris,NA,978
prevaricate,dakkun,NA,978
prevent,atippa,NA,978
previous,fasúl,NA,978
prey,ttubw1,NA,978
price,méé-,NA,978
price,óbwóss,NA,978
prick,schúúrú,NA,978
prickly,toutow1,NA,979
priest,houffén,TAN,979
priest,paali,NA,979
priest,souffél,NA,979
prince,prinsipi,NA,979
princess,prinseesa,NA,979
printing press,móókkinaal féérúl simbong,NA,979
prisoner,schóól kalabwos,NA,979
problem,allew,NA,979
procrastinate,arúgúrúg,TAN,979
procrastinate,arúghúrúgh,NA,979
procrastinate,harappwang,TAN,979
procrastinate,sóroppwang,NA,979
prod,rhipiti,TAN,979
prod,schibwey,NA,979
prod,tigi,TAN,979
prod,tighi,NA,979
prod,tchibw,NA,979
prod,tchibweey,NA,980
progression,táttálil,NA,980
progression,tettelin,TAN,980
progressive,gan,TAN,980
progressive,ghal,NA,980
project,itiit,NA,980
promiscuous,fang2,NA,980
promiscuous,lifeefe,NA,980
promiscuous,lipirh,TAN,980
promiscuous,lipisch,NA,980
promise,akkapall,NA,980
promise,ppwol1,NA,980
prompt,kkay,TAN,980
prompt,kkáy,NA,980
pronoun,–a3,NA,980
pronoun,aal2,NA,980
pronoun,aan,"TAN, LN",980
pronoun,aar,NA,980
pronoun,aarh,TAN,981
pronoun,aasch,NA,981
pronoun,augiirh,TAN,981
pronoun,aughiisch,NA,981
pronoun,ausi,NA,981
pronoun,aw,NA,981
pronoun,ay,NA,981
pronoun,áám1,TAN,981
pronoun,áám2,TAN,981
pronoun,áámem1,S,981
pronoun,áámem2,S,981
pronoun,áámi1,NA,981
pronoun,áámi2,NA,981
pronoun,ááy,NA,981
pronoun,e,NA,981
pronoun,eel1,NA,981
pronoun,een,"TAN, LN",981
pronoun,–g,TAN,981
pronoun,–gem,TAN,981
pronoun,–gemi,TAN,981
pronoun,–girh,TAN,981
pronoun,giirh,TAN,982
pronoun,–gh,NA,982
pronoun,–ghámem,NA,982
pronoun,–ghemi,NA,982
pronoun,–ghisch,NA,982
pronoun,ghiisch,NA,982
pronoun,hi,TAN,982
pronoun,i–,NA,982
pronoun,i,NA,982
pronoun,ii,NA,982
pronoun,ifa,NA,982
pronoun,igha2,NA,982
pronoun,ighaal,NA,982
pronoun,igheey,NA,982
pronoun,ighila1,NA,982
pronoun,ighilaal,NA,982
pronoun,ighimwu,NA,982
pronoun,ighimwuul,NA,982
pronoun,ighiwe,NA,982
pronoun,ikkaal,NA,982
pronoun,ikkááy,NA,982
pronoun,ikkefa,NA,982
pronoun,ikkela,NA,982
pronoun,ikkelaal,NA,982
pronoun,ikkemwu,NA,983
pronoun,ikkemwuul,NA,983
pronoun,ikkewe,NA,983
pronoun,ila2,NA,983
pronoun,ilaal,NA,983
pronoun,ileeta,NA,983
pronoun,imwu,NA,983
pronoun,imwuul,NA,983
pronoun,imwuun,TAN,983
pronoun,ina,TAN,983
pronoun,inaan,TAN,983
pronoun,ineeta,"TAN, LN",983
pronoun,iir,NA,983
pronoun,iwe1,NA,983
pronoun,iya,NA,983
pronoun,iye1,NA,983
pronoun,iye2,NA,983
pronoun,iyeel,NA,983
pronoun,iyeen,TAN,983
pronoun,iyeey,NA,983
pronoun,iyo,NA,983
pronoun,–l1,NA,983
pronoun,–ll,NA,983
pronoun,–mi,NA,983
pronoun,–mw,NA,983
pronoun,–n,"TAN, LN",984
pronoun,–nn,"TAN, LN",984
pronoun,ngaang,NA,984
pronoun,óómw,NA,984
pronoun,–r1,NA,984
pronoun,–r2,NA,984
pronoun,re,NA,984
pronoun,–rh,TAN,984
pronoun,si,NA,984
pronoun,–sch,NA,984
pronoun,u,NA,984
pronoun,–y1,NA,984
pronoun,–yáy,NA,984
pronunciation,ngiingi,NA,984
prop,arhifáátá perhe,TAN,984
prop,aschifáátá pesche,NA,984
prop,lóóng1,NA,984
prop,úlúúlútá,NA,984
proper,fang3,TAN,984
proper,fil,NA,984
proper,ghatch,NA,985
proper,kkofirh,TAN,985
proper,tamafisch,NA,985
proper,wetig,TAN,985
proper,wetigh,NA,985
property,bwughos,NA,985
protagonist,maleghatch,NA,985
protagonist,manewetig,TAN,985
protect,bwalúw,NA,985
protect,leghileghiiy,NA,985
protect,neghineghiiy,LN,985
protect,pileey,NA,985
protection,bwááng,NA,985
protrude,tafaráárá,NA,985
protrude,tchif,NA,985
protuberance,bwugúya–,TAN,985
protuberance,bwughúwa–,NA,985
proud,amwaaraar,NA,986
proud,angolongol,NA,986
proud,mwáálesol,NA,986
proud,nngol,NA,986
proud,ngolooti,NA,986
proud,ppwó,NA,986
proud,rááng,NA,986
provoke,álingáringár,TAN,986
provoke,liyálingáringár,NA,986
prune,paghúw,NA,986
pry,bwángiiy,NA,986
pry,bwiliiló,NA,986
pry,háági,TAN,986
puberty,mwááleló,NA,986
pubic,bwaar,NA,986
pubic,bwararhug,TAN,986
pubic,bwaraschugh,NA,986
pubic,goor,TAN,986
pubic,ghoor,NA,987
pudding,ppwuding,NA,987
pudding,scheel,NA,987
puddle,faatsi,NA,987
puddle,léélé,NA,987
puddle,paat,TAN,987
pull,áfiiy,NA,987
pull,áttiiló,NA,987
pull,feingi1,NA,987
pull,háági,TAN,987
pull,heigi,TAN,987
pull,ifi,NA,987
pull,ifiiy,NA,987
pull,kkúr,NA,987
pull,sáliitá,NA,987
pull,sefángi,NA,987
pull,seighi,NA,987
pull,tay,NA,987
pull,tayú,NA,987
pull,ttél,NA,987
pull,téttél,NA,987
pull,tilúw,NA,988
pull,tiiw2,NA,988
pull,túlú,TAN,988
pull,túrúpa,NA,988
pull,úrú,NA,988
pull,úrútúpa,NA,988
pull,weiti1,NA,988
pull,weitiito,NA,988
pull,wi1,NA,988
pull,wiiheg,TAN,988
pull,wiiló,NA,988
pull,wiiságh,NA,988
pull,wiiy,NA,988
Pullap,Bwollap,NA,988
pulley,pélógh,NA,988
pulp,ghoschoosch,NA,988
pulp,orhoorh,TAN,988
Pulu Ana,Ppwul,NA,988
Pulusuk,Houg,TAN,989
Pulusuk,Sough,NA,989
Puluwat,Bwolowat,NA,989
pumice,wáál,NA,989
pumpkin,galamasa,TAN,989
pumpkin,ghalamaasa,NA,989
punch,marúngáángáni,TAN,989
punch,marúngúúngáli,NA,989
punch,tughuuw,NA,989
punish,ássááli,NA,989
punishment,afota1,NA,989
pupil,fayúl maas,NA,989
pupil,fayúl sabweil,NA,989
pupil,fayún maah,TAN,989
pupil,oschááp1,NA,989
pupil,rhólon fayún maah,TAN,989
pupil,schóól meleitey,NA,989
pupil,schólol fayúl maas,NA,989
puppy,ghalaghiito,NA,990
purple,ngus2,NA,990
purple,nguus,NA,990
purse,bwoorosa,NA,990
purse,bwut3w,NA,990
purse,gh!ighesch,NA,990
purse the lips,attumw,NA,990
pursue,!f!!liiti,NA,990
pursue,faarheey,TAN,990
pursue,faascheey,NA,990
pursue,rheey,TAN,990
pursue,scheeri,NA,990
pursue,scheey,NA,990
pursue,tcheey,NA,990
pus,lal2,NA,990
pus,laal1,NA,990
pus,naan1,"TAN, LN",990
push,abwur!!t!,NA,990
push,feingi2,NA,991
push,heigi,TAN,991
push,milaato,NA,991
push,seighi,NA,991
push,til,NA,991
push,tiingi,NA,991
push,tchong,NA,991
pushcart,riyaaka,NA,991
put,apúngú1,NA,991
put,awuta,NA,991
put,ifaif,TAN,991
put,ifeif,NA,991
put,lighitáátiw,NA,991
put,milaalong,NA,991
put,miláátiw,NA,991
put,ngal–,NA,991
put,sárághiitá,NA,991
put,wey,NA,991
put aside,ammwel2,NA,991
put aside,amwelaaló2,NA,991
put out,gunu,TAN,991
put out,ghuluuw,NA,992
putty,apparh²,TAN,992
putty,appasch²,NA,992
puzzlement,wet,NA,992
quarrelsome,hoongofay,TAN,993
quarrelsome,soongofay,NA,993
Quartermaster Road,Alal Márebw,NA,993
queen,laraina,NA,993
question,aiyegi,TAN,993
question,aiyeghi,NA,993
question,aúné,"TAN, LN",993
question,ayúlé,NA,993
question tag,ne,NA,993
question tag,óóbwo,NA,993
queue,fiila,NA,993
queue,fiitáttál,TAN,993
queue,táli–,NA,993
queue,teli–,TAN,993
quick,amwetekkáya,NA,993
quick,gutch,TAN,993
quick,gutchu,TAN,993
quick,ghutchuuw,NA,993
quick,kkay,TAN,993
quick,kkáy,NA,993
quick,rhingirhing,TAN,993
quick,ssit,NA,994
quick,schingesching,NA,994
quiet,alúghúpaschaay,NA,994
quiet,gúnómw,TAN,994
quiet,ghilómw,NA,994
quite,faragi,TAN,994
quite,faraghi,NA,994
quiver,tchep3,NA,994
rabbit,kunneeyo,NA,995
rabbitfish,lipileengi,NA,995
rabbitfish,palawa,NA,995
rabbitfish,penewa,TAN,995
rabbitfish,umwaiyé,TAN,995
race,aluule,NA,995
race,áingiing,NA,995
race,ássáág,TAN,995
race,kkiyooso,NA,995
race,lighákkirim,NA,995
radio,átittigh,NA,995
radio,reedio,NA,995
rafter,ingiing,NA,995
rafter,pareingiing,TAN,995
rag,bwooró2,NA,995
rag,sousow2,NA,995
rain,lángimmóbw,NA,995
rain,mworotchigh,NA,995
rain,rongol uschow,NA,995
rain,rhanún néé,TAN,996
rain,schalúl lé,NA,996
rain,uschow,NA,996
rain,úút,NA,996
rainbow,anúúmwarahi,TAN,996
rainbow,rásiim,NA,996
rainbow,rehiim,TAN,996
raincoat,kkaaba,NA,996
raise,aschifáátá pesche,NA,996
raise,aschighimas,NA,996
raise,awuufat,NA,996
raise,áirúútá,NA,996
raise,ámelif,NA,996
raise,ffóól,NA,996
raise,fóólaay,NA,996
raise,fóólááli,NA,996
raise,harigi,TAN,996
raise,layúlay,NA,996
raise,layúli,NA,996
raise,miláátá,NA,996
raise,nayúnay,TAN,996
raise,nay,TAN,997
raise,ppwomwoli,NA,997
raise,rhimw,TAN,997
raise,s,NA,997
raise,tchimw,NA,997
raise,werefat,TAN,997
rake,rekki,NA,997
randomly,fet,NA,997
rank,ass,NA,997
rank,gur,NA,997
rape,rughurugh,NA,997
rapid,gutch,TAN,997
rapid,kkay,TAN,997
rapid,kk,NA,997
rapid,rhingirhing,TAN,997
rapid,ssit,NA,997
rapid,schingesching,NA,997
rapture of the deep,righ2,NA,997
rascal,malemwóscho,NA,998
rascal,mwóscho,NA,998
rash,alo1,NA,998
rash,giligil,TAN,998
rash,ghilighil1,NA,998
rash,ligáng,TAN,998
rash,ligháng,NA,998
rash,limwey,NA,998
rash,masarubw,NA,998
rash,mweey2,NA,998
rash,riyá,NA,998
rash,ruubw,NA,998
rasp,–ngerenger,NA,998
rat,arhegerh,TAN,998
rat,geerh,TAN,998
rat,gheesch,NA,998
rather,far,NA,998
rations,aikkyu,NA,999
raw,urhaa-,TAN,999
raw,urheey,TAN,999
raw,urhóórh,TAN,999
raw,uschaa-,NA,999
raw,uscheey,NA,999
raw,uschóósch,NA,999
ray,feyi1,NA,999
ray,limilimitóulómw,NA,999
ray,limilimitóunómw,TAN,999
rays,bwatch,NA,999
razor,bileet,NA,999
reach,anngeli,NA,999
reach,ghola,NA,999
reach,too-,NA,999
reach,tooló,NA,999
reach,toori,NA,1000
reach,tchang,NA,1000
reach,tchangelóóy,NA,1000
read,árághárágh,NA,1000
read,árághi1,NA,1000
read,meleitey,NA,1000
read,teitey,NA,1000
read,teiteyi,NA,1000
ready,amwala,NA,1000
ready,atapénégú,TAN,1000
ready,mmarh,TAN,1000
ready,tapélégh,NA,1000
ready,tapénég,TAN,1000
realized state,–a1,NA,1000
really,faragi,TAN,1000
really,faraghi,NA,1000
really,gi,TAN,1000
really,giin2,TAN,1000
really,ghi,NA,1000
really,ghiil,NA,1000
rebuke,ngúhúri,TAN,1000
recall,mángiiy,NA,1001
recall,reepiya,NA,1001
recede,mmateló,NA,1001
reciprocal,fe–,NA,1001
reciprocate,ttabw,NA,1001
reckless,bwusch,NA,1001
reclusive,asaamwosch,NA,1001
record,tepeli,NA,1001
recover,haráág,TAN,1001
recover,rhigar1,TAN,1001
recover,seráágh,NA,1001
recover,schighar1,NA,1001
recreation,ur,NA,1001
rectum,ngaat,NA,1002
recuperate,bwágh,NA,1002
red,lighitcha,NA,1002
red,pappar,NA,1002
red,par1,NA,1002
red,parapar,NA,1002
reduce,appelló,NA,1002
reduce,ghitighiitiló,NA,1002
reduce,teihengi,TAN,1002
reduce,teisángi,NA,1002
reef,oorh,TAN,1002
reef,orhopay,TAN,1002
reef,scháp falúw,NA,1002
reef,weneyorh,TAN,1002
reef,woosch,NA,1002
reef,woschopagh,NA,1002
reef,wów,NA,1002
reef,wuluwoosch,NA,1002
reflection,ngéél,NA,1003
reflection,ngéén,"TAN, LN",1003
refuse,gita–,TAN,1003
refuse,ghita–,NA,1003
regard,afota3,NA,1003
regard,húllú-,TAN,1003
regard,súllú-,NA,1003
regard,woo–,NA,1003
regret,manotsut,NA,1003
regret,mánghafáál,TAN,1003
regularly,gan,TAN,1003
regularly,ghal,NA,1003
regurgitate,ammwusa,NA,1003
regurgitate,áschitá1,NA,1003
regurgitate,mmwus,NA,1003
reign,tempo,NA,1003
reinforcement,tekking,NA,1003
rejoice,abwaabwa,NA,1004
related,atafataf,NA,1004
related,tafataf2,NA,1004
relative,tafa–,NA,1004
relatives,afagúr,TAN,1004
relatives,afaghúr,NA,1004
relatives,ailang,NA,1004
relatives,ainang,TAN,1004
relatives,atafataf,NA,1004
relatives,bwii,NA,1004
relatives,bwiibwi,NA,1004
relatives,bwiimwáál,NA,1004
relatives,bwis1,NA,1004
relatives,bwiischóóbwut,NA,1004
relatives,bwughusa–,NA,1004
relatives,familiya,NA,1004
relatives,hagú-,TAN,1004
relatives,hagúhag,TAN,1004
relatives,haam,TAN,1004
relatives,hamaham,TAN,1004
relatives,hamalap,TAN,1005
relatives,iil,NA,1005
relatives,ilelap,NA,1005
relatives,iin,TAN,1005
relatives,inelap,TAN,1005
relatives,ipigin bwii,TAN,1005
relatives,ipighil bwii,NA,1005
relatives,layú-,NA,1005
relatives,lippwey,NA,1005
relatives,lippweyaalú,NA,1005
relatives,lippweyaanú,TAN,1005
relatives,liyeelabwi,NA,1005
relatives,liyeenabwi,LN,1005
relatives,malalap,NA,1005
relatives,maleghit,NA,1005
relatives,mwáálellap,NA,1005
relatives,mwengeya–,NA,1005
relatives,mwengeyal,NA,1005
relatives,mwengeyal,NA,1005
relatives,naana,NA,1005
relatives,Naang,NA,1005
relatives,olebwi,NA,1005
relatives,peghil bwii,NA,1005
relatives,priima,NA,1005
relatives,priimo,NA,1005
relatives,saam,NA,1006
relatives,samal iil,NA,1006
relatives,samal saam,NA,1006
relatives,samalap,NA,1006
relatives,samasam,NA,1006
relatives,tafa–,NA,1006
relatives,Taang,NA,1006
relatives,taata,NA,1006
relatives,Taata Bio,NA,1006
relatives,táttálil,NA,1006
relatives,tettelin,TAN,1006
relatives,tiiya,NA,1006
relatives,tiiyo,NA,1006
relatives,welemas¹,NA,1006
relatives,wenemas¹,TAN,1006
relax,ahééy,TAN,1006
relax,aséésé,NA,1006
relax,asééw,NA,1006
relax,sáliti,NA,1006
relax,sééló,NA,1006
relay race,lighákkirim,NA,1006
release,alóóy,NA,1006
release,assááli,NA,1006
release,áleghi,NA,1007
release,ássááni,"TAN, LN",1007
relic,ókkóttong,NA,1007
relief,sáliti,NA,1007
relieve,sálitiiwow,NA,1007
religion,aweeweel,NA,1007
religion,lamalam3,NA,1007
relish,heliyeli,TAN,1007
relish,sáliya–,NA,1007
relish,sáliyáli,NA,1007
remain,apútchú,TAN,1007
remain,lo1,NA,1007
remain,lootiw,NA,1007
remain,no,"TAN, LN",1007
remain,nootiw,TAN,1007
remains,arorrosal,NA,1007
remains,gitan,TAN,1007
remarkable,affaiyágh,NA,1008
remember,mángiiy,NA,1008
remember,rághirágh,NA,1008
remember,rug,TAN,1008
remember,rugh,NA,1008
remember,schesschemeli,NA,1008
remind,amángiingáli,NA,1008
remind,aschúghóógh,NA,1008
remind,mánngáli,NA,1008
reminisce,mángiiy,NA,1008
remnant,gitan,TAN,1008
remnant,ghital,NA,1008
remnant,luss,NA,1008
remove,affa,NA,1008
remove,atawa,NA,1008
remove,atiwa²,TAN,1008
remove,áttiiló,NA,1009
remove,bwángiiy,NA,1009
remove,bwiliti,NA,1009
remove,fááili,NA,1009
remove,fááni,TAN,1009
remove,ffet,NA,1009
remove,háági,TAN,1009
remove,milaaló,NA,1009
remove,peli,NA,1009
remove,sáághi,NA,1009
remove,sigát,TAN,1009
remove,taraún,TAN,1009
remove,taraay2,NA,1009
remove,teraili,NA,1009
remove,tikka2,NA,1009
remove,wei-2,NA,1009
remove,wi1,NA,1010
repair,aghatchúw,NA,1010
repair,amala,NA,1010
repair,awetiga,TAN,1010
repair,malawaaló,NA,1010
repair,patsi1,NA,1010
repair,weliló,NA,1010
repair,weneló,TAN,1010
repeat,féérúsefááliy,NA,1010
repeated action,kke,NA,1010
repent,manotsut,NA,1010
repent,mánghafáál,TAN,1010
replace,kootay,NA,1010
reply,appaliyen,TAN,1010
reply,appalúwal,NA,1010
reply,appalúweli,NA,1010
representative,konggreeso,NA,1010
reprimand,ngúhúri,TAN,1011
reproach,ngúhúri,TAN,1011
request,aiyeg,TAN,1011
request,aiyegh,NA,1011
request,akkulééw,NA,1011
request,akkúnééy,TAN,1011
request,fayúrho,TAN,1011
request,fayúscho1,NA,1011
request,mwescheleyá,NA,1011
request,tepang,NA,1011
request,tingór,NA,1011
request,tingóreey,NA,1011
rescue,ammalaw,NA,1011
rescue,amalawa,NA,1011
rescue,ammanaw,TAN,1011
rescue,amanawa,TAN,1011
resemble,mwuriiy,NA,1011
resemble,paghúúw,NA,1011
resemble,weey1,NA,1012
resentful,abwaibway,NA,1012
resentful,abwayi,NA,1012
resentful,abwayú,TAN,1012
resentful,bwaibway,NA,1012
reserve,aheiha,TAN,1012
reserve,aisiisa,NA,1012
reside,lollo,NA,1012
residence,lugóót,NA,1012
resolve,aweewe1,NA,1012
respect,abweschikkara2,NA,1012
respect,ammóóy,NA,1012
respect,apilipil,NA,1012
respect,awóówó,NA,1012
respect,awóóy,NA,1012
respect,kkapasal awóówó,NA,1013
respect,máliti,NA,1013
respect,mwareiti,NA,1013
respect,nyora,NA,1013
respect,nyot,NA,1013
respect,samali,NA,1013
respect,ttong,NA,1013
respond,apaghapagh,NA,1013
respond,appalúwal,NA,1013
responsibility,lemeli,NA,1013
responsibility,nemeni,LN,1013
responsible,amwurhú,TAN,1013
responsible,lemelem,NA,1013
responsible,nemenem,LN,1013
rest,ahééhé,TAN,1013
rest,ahééy,TAN,1014
rest,arhifa,TAN,1014
rest,asééló,NA,1014
rest,aséésé,NA,1014
rest,asééw,NA,1014
rest,aschifa,NA,1014
rest,aschifáátá pesche,NA,1014
rest,gúnammwey,TAN,1014
rest,ghúlammwey,NA,1014
rest,paisap,NA,1014
rest,sééló,NA,1014
rest,tókkótoomwo leeimw,NA,1014
restless,asaamwosch,NA,1014
restriction,pilil málebwiibwi,NA,1014
result,mwúrilóól,NA,1014
resultative,iwe2,NA,1014
resurrect,bwalemalawusefáálitá,NA,1014
resurrect,bwalemanawahefáál,TAN,1014
resuscitate,amalawasefááliitá,NA,1015
resuscitate,angaha,TAN,1015
resuscitate,angasa,NA,1015
retain,amwaschúútiw,NA,1015
retain,ammwórhúútiw,TAN,1015
return,ahafááli,TAN,1015
return,asefááli,NA,1015
return,bwalesefáálito,NA,1015
return,hafáál,TAN,1015
return,sápe–,NA,1015
return,sápeto,NA,1015
return,sefáál,NA,1015
reveal,abwáári,NA,1015
revive,amalawasefááliitá,NA,1015
revive,bwalemanawahefáál,TAN,1015
revive,bwalemelawutá,NA,1015
revive,malawasefáálitá,NA,1015
revive,malawatá,NA,1015
revive,malawáátá,NA,1015
revive,miyááfeló,NA,1015
revolt,lloow,NA,1016
rib,pááley,NA,1016
ribs,raara1,NA,1016
ribs,rhúúmworh,TAN,1016
ribs,schúúmwosch,NA,1016
ribs,teeras2,NA,1016
rice,ineksa,NA,1016
rice,ppwuughas,NA,1016
rice cake,ppwooto,NA,1016
rich,malebwó,NA,1016
rich,maneway,TAN,1016
rich,piseghisegh,NA,1016
rich,rikku,NA,1016
rid,atara,NA,1016
riddle,dubina,NA,1016
ride,atatta,NA,1016
ride,tatta,NA,1017
ride,taay,NA,1017
ride,tááy,TAN,1017
ridge-pole,uung,NA,1017
ridicule,seschóówul,NA,1017
rig,ásálúúw,NA,1017
right,aseláángáátá,NA,1017
right,aawer,NA,1017
right,bwongil waa schówul,NA,1017
right,bwung,NA,1017
right,ewer,NA,1017
right,paay mwáál,NA,1017
right,peighimwáál,NA,1017
ring,ttig2,TAN,1017
ring,ttigh1,NA,1017
ringworm,ghilisibwów,NA,1017
ringworm,tamwosi,NA,1017
rinse,bwuubwu1,NA,1018
rinse,ghomwuuw,NA,1018
rinse,talú,NA,1018
rip,feereey,NA,1018
rip,kkamw,NA,1018
rip,ttááring,NA,1018
rip,tááringegh,NA,1018
rip,tááringiiy,NA,1018
ripe,llobw,NA,1018
ripe,mmarh,TAN,1018
ripe,mmasch,NA,1018
ripe,mmaschéló,NA,1018
ripe,maaw,NA,1018
ripe,nnobw,TAN,1018
ripe,ramaram,NA,1018
rise,attilitá álet,NA,1018
rise,bwuruto,NA,1018
rise,llingetáál maram,NA,1018
rise,schúl,NA,1018
rise,táán,"TAN, LN",1018
rise,téétá,NA,1018
river,rhanubwuubwu,TAN,1019
river,sarhúg,TAN,1019
river,saschúgh,NA,1019
river,schalúbwuubwu,NA,1019
riverway,yááli–,NA,1019
road,aal1,NA,1019
road,asaarito,NA,1019
robber,malemwóscho,NA,1019
rock,arhaw,TAN,1019
rock,aschaw,NA,1019
rock,faay2,NA,1019
rock,fayfay2,NA,1019
rock,fayúrhon,TAN,1019
rock,fayúschól,NA,1019
rock,gillan worhommat,TAN,1019
rock,ghikkillal woschommat,NA,1019
rock,liisung,NA,1019
rock,lupulup,NA,1019
rock,porow,NA,1019
rock,rhimw,TAN,1020
rock,tururuuw,NA,1020
rock,tchimw,NA,1020
rocky,aschaw,NA,1020
rocky,fayfay2,NA,1020
rocky,tarafaifay,NA,1020
roll,allú,NA,1020
roll,ataghula,NA,1020
roll,atugula,TAN,1020
roll,árághi2,NA,1020
roll,limi,NA,1020
roll,mwuliti,NA,1020
roll,onorhibw,TAN,1020
roll,ppwaaili,NA,1020
roll,ppwaayi,NA,1020
roll,righ1,NA,1020
roll,righirigh,NA,1020
roll,rhuupelipel,TAN,1020
roll,schuwelewel,NA,1020
roll,woloschibw,NA,1021
roof,óóh,TAN,1021
roof,óós,NA,1021
room,asááng,TAN,1021
room,katto,NA,1021
room,tibwas,NA,1021
rooster,paire,NA,1021
root,bwura1,NA,1021
root,bwuráátá,NA,1021
root,bwuroti,NA,1021
root,waar,NA,1021
rope,ghoosch,NA,1021
rope,–mwu,NA,1021
rope,sáál,NA,1021
rot,maraló,NA,1021
rot,nngawaló,NA,1021
rot,úleppisch,NA,1021
Rota,Luuta,NA,1021
rotate,tóghul,NA,1021
rotate,tugul,TAN,1022
rotten,bwa,NA,1022
rotten,bwoomarh,TAN,1022
rotten,bwoomasch,NA,1022
rotten,mar1,NA,1022
rotten,maasch,NA,1022
rotten,paw,NA,1022
rough,mwengerenger,NA,1022
rough,–ngerenger,NA,1022
round,fauluul,NA,1022
round,fááliyel,TAN,1022
round,ttuubwu,NA,1022
row,átáli1,NA,1022
row,schepingi,NA,1022
row,tál,NA,1022
row,táli–,NA,1022
row,táli,NA,1022
row,táttálil,NA,1022
row,teli–,TAN,1022
row,tettelin,TAN,1022
rub,faiger,TAN,1022
rub,fáighas,NA,1023
rub,mwuliti,NA,1023
rub,tóófi,NA,1023
rub,tóótó,NA,1023
rubber,ghooma,NA,1023
rubber band,ghooma,NA,1023
rub noses,fáisong,NA,1023
rudder,timwoon,NA,1023
rudderfish,réél,NA,1023
rudderfish,réén,TAN,1023
rude,atchofáhá,TAN,1023
rude,bwuutag,TAN,1023
rude,ilumaaw,NA,1023
ruffian,namaiki,NA,1023
ruin,átchigha,NA,1023
run,bwuubwu1,NA,1023
run,fattabw,NA,1024
run,fattabweey,NA,1024
run,gurugur2,TAN,1024
run,ghurughur,NA,1024
run,langalang1,NA,1024
run,rheey,TAN,1024
run,ssá2,NA,1024
run,sú,NA,1024
run,ssú,NA,1024
run,scheeri,NA,1024
run,scheey,NA,1024
run after,tche,NA,1024
run away,hú,TAN,1024
run out,yút,NA,1024
run over,apetti,NA,1024
run over,bwuuri,NA,1024
run over,pett,NA,1024
runt,ligoh,TAN,1024
runt,lighos,NA,1025
rush,rheg,TAN,1025
rust,bwey,NA,1025
sack,fuuto,NA,1026
sack,gostel,TAN,1026
sack,ghottel,NA,1026
sack,tugh,NA,1026
sacred,abwaayi,NA,1026
sacred,pil,NA,1026
sacrifice,asóra,NA,1026
sad,affaiyé,NA,1026
sad,attong,NA,1026
sad,ápááyitá,NA,1026
sad,lirh,TAN,1026
sad,lisch,NA,1026
sad,órof,NA,1026
sad,pááy,NA,1026
sad,schúúmwuróurów,NA,1026
saellfish,pinig,TAN,1026
sail,aharegi,TAN,1026
sail,amara,NA,1026
sail,asserágh,NA,1026
sail,aserághi,NA,1027
sail,ásá,NA,1027
sail,ásáágheli,NA,1027
sail,feta2,NA,1027
sail,heeiti,TAN,1027
sail,heey,TAN,1027
sail,lóóbwut,NA,1027
sail,sááiti,NA,1027
sail,sááy,NA,1027
sail,serágh,NA,1027
sail,serághaffat,NA,1027
sail,serághifengáll,NA,1027
sail,serághili,NA,1027
sail,úúw2,NA,1027
sailing,aharegi,TAN,1027
sailing,amwirimwir1,NA,1027
sailing,aseláángáátá,NA,1027
sailing,asserágh,NA,1027
sailing,aserághi,NA,1027
sailing,ásá,NA,1027
sailing,ásáágheli,NA,1027
sailing,ásálúúw,NA,1027
sailing,bwongil waa schówul,NA,1027
sailing,bwuruló,NA,1027
sailing,fatúl,NA,1028
sailing,fatúla,NA,1028
sailing,féétág,TAN,1028
sailing,féétágh,NA,1028
sailing,féétághi,NA,1028
sailing,got,TAN,1028
sailing,ghot,NA,1028
sailing,lóóbwut,NA,1028
sailing,lupulup,NA,1028
sailing,palúw,NA,1028
sailing,ppwo³,NA,1028
sailing,rúgh,NA,1028
sailing,rhifetá,TAN,1028
sailing,sarawi,NA,1028
sailing,sáli waa,NA,1028
sailing,ssó¹,NA,1028
sailing,schapp,NA,1028
sailing,schifátá,NA,1028
sailing,schúl,NA,1028
sailing,schúúl on,NA,1028
sailing,tibwusar,NA,1028
saint,San,NA,1028
saint,San Isidro,NA,1028
saint,Santa,NA,1028
Saint Isidro,San Isidro,NA,1028
Saipan,Faluwasch,NA,1029
Saipan,Fanúyarh,TAN,1029
Saipan,Seipél,NA,1029
Saipan,Seipén,"TAN, LN",1029
saliva,óttuf,NA,1029
saliva,rhelirhel,TAN,1029
saliva,schelischel,NA,1029
salt,asetiiló,NA,1029
salt,asiig,TAN,1029
salt,asiigha,NA,1029
salt,asuumwól,NA,1029
salt,ásetiiy,NA,1029
salt,het,TAN,1029
salt,sset,NA,1029
salt,suumwól,NA,1029
salutation,tirow,NA,1029
salute,tirow,NA,1029
salute,tirowa,NA,1029
same,assássár,NA,1029
same,aweewe2,NA,1029
same,aweeweey,NA,1029
same,bwal ii rhag,TAN,1029
same,bwal ii schagh,NA,1030
same,haran,TAN,1030
same,ssáfengel,NA,1030
same,sárel,NA,1030
same,tapatap1,NA,1030
same,weewe,NA,1030
sample,mil1,NA,1030
San Antonio,Ghafeetiya,NA,1030
sand,ppi1,NA,1030
sand beetle,lighaawong,NA,1030
sandpiper,guliing,TAN,1030
sandpiper,ghuliing,NA,1030
sandwich,sángkwits,NA,1030
sandy,ppi2,NA,1030
San Jose,Tammwoora,NA,1030
San Jose,Woleyaay,NA,1030
San Roque,Mataalasa,NA,1031
San Vicente,Tuutuuram,NA,1031
sap,apparh2,TAN,1031
sap,appasch2,NA,1031
Sariguan,Sarigwan,NA,1031
sashimi,sasimi,NA,1031
Satawal,Satawal,NA,1031
Satawal,Satawan,TAN,1031
sated,mat,NA,1031
satisfied,mat,NA,1031
saturate,datchan,TAN,1031
saturate,tchogh,NA,1031
Saturday,Sóóbwal,NA,1031
sauce,arúng,NA,1031
sauce,sáliya–,NA,1031
sauce,sáliyáli,NA,1032
saucer,platiito,NA,1032
save,aheiha,TAN,1032
save,aihiih,TAN,1032
save,aisiis,NA,1032
save,aisiisa,NA,1032
save,amalawa,NA,1032
save,amanawa,TAN,1032
save,iheih,TAN,1032
save,isiis,NA,1032
saw,reere,NA,1032
saw,reey1,NA,1032
say,apaha,TAN,1032
say,apaháátá,TAN,1032
say,apasa,NA,1032
say,apesáátá,NA,1032
say,awanngaw,NA,1032
say,á-,NA,1032
say,bwuschubwusch,NA,1032
say,ira,NA,1032
say,mwáliili,NA,1033
say,ngáásch2,NA,1033
say,óólegh,NA,1033
say,óleghi,NA,1033
say,óóneg,TAN,1033
scale,goonaf,NA,1033
scale,goonafa,NA,1033
scale,taraún,TAN,1033
scale,taraay2,NA,1033
scale,teraili,NA,1033
scar,bwaat2,NA,1033
scar,bwatabwat,NA,1033
scar,libwat,NA,1033
scare,ammahagú,TAN,1033
scare,ammesaghú,NA,1033
scare,aparannga,NA,1033
scare,arúúw,NA,1033
scared,laang,NA,1033
scared,lúweeti,NA,1033
scared,lúwta,NA,1033
scared,mahag,TAN,1034
scared,rú,NA,1034
scarf,bwaayo,NA,1034
scary,allaang,NA,1034
scary,alúwlúw,NA,1034
scary,ammahag,TAN,1034
scary,ammesagh,NA,1034
scatter,amworomwor,NA,1034
scatter,apeipey2,NA,1034
scatter,maghal,NA,1034
scatter,tarapaas,NA,1034
scatter,taroppw,NA,1034
scent,bwoongas,NA,1034
scent,ngaas,NA,1034
school,bwáá,NA,1034
school,–bwi,NA,1034
school,bwiil2,NA,1034
school,gakko,NA,1034
school,imwal rághefisch,NA,1034
school,meleitey,NA,1034
school,mmééliigh,NA,1035
school,tcho–,NA,1035
school,yár,NA,1035
scissors,ffirh3,TAN,1035
scissors,ffisch 4,NA,1035
scissors,paghúpagh2,NA,1035
scissors,teeras 1,NA,1035
scold,hoongeti,TAN,1035
scold,ngúhúri,TAN,1035
scold,sanngaweeti,NA,1035
scold,soongoti,NA,1035
scoop,áriti,NA,1035
scoop,ragarag,TAN,1035
scoop,raghúragh,NA,1035
scoop,raghúúw,NA,1035
scoop,tugey,TAN,1035
scoop,tugheey,NA,1035
scooter,otobay,NA,1035
scrap,peipey3,NA,1036
scrape,amaat,NA,1036
scrape,bwuroti,NA,1036
scrape,bwurungágh,NA,1036
scrape,ghérééti,NA,1036
scrape,ghúrú2,NA,1036
scrape,ghúrúghúr,NA,1036
scrape,kkéré,NA,1036
scrape,ttááring,NA,1036
scratch,afalakké,NA,1036
scratch,ageriger,TAN,1036
scratch,bwakkér,NA,1036
scratch,bwakkurew,NA,1036
scratch,bwakkuréfengál,NA,1036
scratch,bwurungágh,NA,1036
scratch,gheri,NA,1036
scratch,gherigher,NA,1036
scratch,kkéét,NA,1036
scratch,ngár2,NA,1036
scream,éréló,TAN,1037
scream,érúló,NA,1037
screw,tunniizu,NA,1037
screwpine,faasch,NA,1037
script,iirh,TAN,1037
script,iisch,NA,1037
scrub,abweschebweschiiló,NA,1037
scrub,faiger,TAN,1037
scrub,fáighas,NA,1037
scrub,feighásiiy,NA,1037
scrub,ghérééti,NA,1037
scrub,sóusów1,NA,1037
sea,bwool sáát,NA,1037
sea,bwooset,NA,1037
sea,fááliilól,NA,1037
sea,fáániilól,TAN,1037
sea,háát,TAN,1037
sea,lehet,TAN,1037
sea,leeset,NA,1037
sea,lugunoorh,TAN,1037
sea,lughuluwosch,NA,1037
sea,metaw,NA,1038
sea,sáát,NA,1038
sea,wááihet,TAN,1038
sea,weiset,NA,1038
sea anemone,ruumesch,NA,1038
sea bass,malosolos,TAN,1038
sea bass,malúsúlús,NA,1038
sea bottom,ppwesch,NA,1038
sea creature,malúl sáát,NA,1038
sea cucumber,aghúng,NA,1038
sea cucumber,ppáleppál,NA,1038
sea cucumber,pelebwesch,NA,1038
sea cucumber,peleschól,NA,1038
sea cucumber,peligh,NA,1038
sea cucumber,penepen,TAN,1038
sea purslane,aghul,NA,1038
search,gutta,TAN,1038
search,gútt,TAN,1038
search,ghutt,NA,1038
search,ghutta,NA,1038
search,kkop,NA,1039
search,lugun perhe,TAN,1039
search,lughul pesche,NA,1039
search,piipi,NA,1039
search,sariiri,NA,1039
search,tilifi1,NA,1039
seashore,mwóschongeiset,NA,1039
seashore,ngaschel sáát,NA,1039
season,allééw1,NA,1039
season,annééy,TAN,1039
season,leerágh,NA,1039
season,leereg,TAN,1039
season,leeyefáng,NA,1039
season,maramal mááy,NA,1039
season,mweeiló,NA,1039
seasoned,ttig1,TAN,1039
seasoned,ttigh2,NA,1039
seasoning,azinomoto,NA,1039
sea urchin,laar,NA,1039
seawater,háát,TAN,1039
seawater,sáát,NA,1040
seaweed,alóót,NA,1040
seaweed,luumw,NA,1040
seaweed,ólóót,NA,1040
second,aruurhayún,TAN,1040
second,aruwoowal,NA,1040
second,arúúschayúl,NA,1040
secret,léghélégh1,NA,1040
secret,négénég,TAN,1040
secretion,bwutig,TAN,1040
secretion,bwutigh,NA,1040
secretion,gháng,NA,1040
secretion,rhelirhel,TAN,1040
secretion,schelischel,NA,1040
section,mwétetteril,NA,1040
section,ppas,NA,1040
secure,apilúgúlúgú,TAN,1040
secure,apilúghúlúghúúw,NA,1040
secure,apúngú2,NA,1041
secure,pileey,NA,1041
secure,sáli waa,NA,1041
secure,tti,NA,1041
secure,tiibwalabwal,NA,1041
secure,ttibwonobwon,TAN,1041
sedentary,bwungi,NA,1041
sediment,gitan,TAN,1041
sediment,ghital,NA,1041
see,auruuruw,NA,1041
see,aweriingeli,NA,1041
see,liparh,TAN,1041
see,lipasch,NA,1041
see,masaffat,NA,1041
see,werewer2,NA,1041
see,weri,NA,1041
seed,faral mangga,NA,1041
seed,faay2,NA,1041
seedpod,aih,TAN,1042
seedpod,ais2,NA,1042
seeds,bwugil,TAN,1042
see off,houló,TAN,1042
see off,souló,NA,1042
seesaw,siisó,NA,1042
seine,rheew,TAN,1042
seine,schééw,NA,1042
seize,amwurhú,TAN,1042
seize,ileil2,NA,1042
select,áffil,NA,1042
select,áfili,NA,1042
select,ffil1,NA,1042
select,fili,NA,1042
select,úrúgifirhi,TAN,1042
select,úrúghifischiiy,NA,1042
select,wiliwil,NA,1043
self-defense,bwááng,NA,1043
self-defense,likkairas,NA,1043
self-defense,likkaires,TAN,1043
selfish,libwaibway,NA,1043
selfish,mmweigh,NA,1043
sell,akkamééló,NA,1043
sell,ameewló,NA,1043
sell,améémé,NA,1043
sell,mééló,NA,1043
send,fang1,NA,1043
send,fanga,NA,1043
send,fangáángeli,NA,1043
send,óugha,NA,1043
senile,bwurh,TAN,1043
senile,bwusch,NA,1043
senior,lap,NA,1043
senior,schillap,NA,1043
senior,tuufay,NA,1044
sennit,sáál,NA,1044
separate,amwey1,NA,1044
separate,ákkáscheló,NA,1044
separate,álámwáya,NA,1044
separate,bwuliságh,NA,1044
separate,hefáng,TAN,1044
separate,mweisefáng,NA,1044
separate,sefánng,NA,1044
separate,selitágh,NA,1044
separate,súúsefáng,NA,1044
separate,tilingi,NA,1044
separate,úrúgifirhi,TAN,1044
separate,úrúghifischiiy,NA,1044
September,Settembre,NA,1044
serve,patti,NA,1044
serve,ragarag,TAN,1045
serve,raghúragh,NA,1045
Serves you right!,alómw,NA,1045
Serves you right!,anómw,"TAN, LN",1045
serving,pattii–,NA,1045
set,mwólóló,NA,1045
set,mwónóló,TAN,1045
set,tubw1,NA,1045
set,tubwul,NA,1045
set aside,aisiisa,NA,1045
seven,afisimalúl,NA,1045
seven,afisimanún,TAN,1045
seven,afisuuwal,NA,1045
seven,afisuuwan,TAN,1045
seven,fiis,NA,1045
seven,fisabwúghúw,NA,1045
seven,fisangaras,NA,1045
seven,fisasché,NA,1045
seven,fisifay,NA,1045
seven,fisiigh,NA,1046
seven,fisighit,NA,1046
seven,fisimal,NA,1046
seven,fisufósch,NA,1046
seven,fisuuw,NA,1046
seven,fisú-,NA,1046
seven hundred,fisabwúghúw,NA,1046
seven óclock,alas sette,NA,1046
seventh,afisimalúl,NA,1046
seventh,afisimanún,TAN,1046
seventh,afisuuwal,NA,1046
seventh,afisuuwan,TAN,1046
seven thousand,fisangaras,NA,1046
seventy,fisiigh,NA,1046
seventy thousand,fisighit,NA,1046
sever,paghúw,NA,1046
several,akka–1,NA,1046
several,akkaafósch,NA,1046
several,akkááfórh,TAN,1046
several,akkáámwéit,NA,1046
several,akkáápila,TAN,1047
several,akkáárhay,TAN,1047
several,akkááschay,NA,1047
several,ákkááw,NA,1047
sew,hóbweey,TAN,1047
sew,sóbweey,NA,1047
sew,teete,NA,1047
sew,teeteetiw,NA,1047
sew,teeyi,NA,1047
sewing machine,móókkinaal teete,NA,1047
sexual desire,nngaleeti,NA,1047
sexual excitement,anngala,NA,1047
sexual excitement,nngal,NA,1047
sexual excitement,seenngal,NA,1047
sexual intercourse,amala,NA,1047
sexual intercourse,ameleeya,NA,1047
sexual intercourse,fe,NA,1047
sexual intercourse,feey,NA,1047
sexual intercourse,hoolá,TAN,1047
sexual intercourse,hóómaley,TAN,1048
sexual intercourse,lellep,NA,1048
sexual intercourse,liyeppasch,NA,1048
sexual intercourse,meleeya,NA,1048
sexual intercourse,mil³,NA,1048
sexual intercourse,mwaginigin,TAN,1048
sexual intercourse,oloppasch,NA,1048
sexual intercourse,soolá,NA,1048
sexual intercourse,tééfál,NA,1048
sexually aroused,heenngan,TAN,1048
shack,ghasiiyas,NA,1048
shack,peles,NA,1048
shade,allur,NA,1048
shade,amwólaayló,NA,1048
shade,amwóláátá,NA,1048
shade,llur¹,NA,1048
shade,mwól,NA,1048
shade,mwólóló,NA,1048
shade,mwón,TAN,1048
shade,mwónóló,TAN,1048
shade,nnúr,TAN,1049
shadow,ngéél,NA,1049
shadow,ngéén,"TAN, LN",1049
shady,llur1,NA,1049
shady,mwón,TAN,1049
shady,nnúr,TAN,1049
shake,aitchú,NA,1049
shake,alomwa,NA,1049
shake,appúngú,NA,1049
shake,asepow,NA,1049
shake,álifesch,NA,1049
shake,ássipow,TAN,1049
shake,detch,TAN,1049
shake,detcheló,TAN,1049
shake,ellegh,NA,1049
shake,liwiti,NA,1049
shake,llomw,NA,1049
shake,lomwolomw,NA,1049
shake,lúwetaaló,NA,1049
shake,lúweti,NA,1049
shake,lúyetaaló,TAN,1049
shake,lúyeti,TAN,1049
shake,mwaischúúsch,NA,1049
shake,mwayútch,NA,1050
shake,nngong,NA,1050
shake,schetch,NA,1050
shake,schetcheló,NA,1050
shake,úrhúgi,TAN,1050
shake,úrhúpay,TAN,1050
shake,úschúghégh,NA,1050
shake,úschúghú,NA,1050
shake,úschúpay,NA,1050
shallow,ppett2,NA,1050
shame,ássááw,NA,1050
shameless,masatchemaaw,NA,1050
shampoo,sampwuuli,NA,1050
shape,uluul2,NA,1050
share,aineti,"TAN, LN",1050
share,asettila,NA,1050
share,áilet,NA,1050
share,áileti,NA,1051
share,ilet,NA,1051
share,inet1,TAN,1051
share,inet2,"TAN, LN",1051
share,pattii–,NA,1051
shark,liimwáy,NA,1051
shark,parhaw,TAN,1051
shark,pááw,NA,1051
sharp,ffisch3,NA,1051
sharp,kkáng,NA,1051
sharp,kkeng,TAN,1051
sharp,masakkáng,NA,1051
sharpen,fáili,NA,1051
sharpen,ffáyi,NA,1051
sharpen,iyuw,NA,1051
sharpen,sseim,TAN,1051
sharpen,seimi,NA,1051
sharpen,seisey,NA,1051
sharpshooter,soupekk,NA,1051
shatter,márip,NA,1051
shatter,ripingágh,NA,1051
shatter,ripiságh,NA,1051
shatter,ripiiy,NA,1052
shattered,ripiságh,NA,1052
shave,ffasch1,NA,1052
shave,ghúrú1,NA,1052
shave,ghúrúffasch,NA,1052
shave,ghúrúffascha,NA,1052
she,e,NA,1052
sheath,bwáila,NA,1052
shed1,ghasiiyas,NA,1052
shed1,harakk,TAN,1052
shed2,mmwor,NA,1052
sheep,kkiniilo,NA,1052
sheet,mwéter,NA,1052
sheet,óus,NA,1052
sheet,tento,NA,1052
shell,bwááy,NA,1052
shell,bwiil1,NA,1052
shell,bwoorh,TAN,1052
shell,bwoosch,NA,1053
shell,hawi,TAN,1053
shell,liyang,NA,1053
shell,parúl,NA,1053
shell,piligh,NA,1053
shell,sawi,NA,1053
shellfish,aimet,NA,1053
shellfish,alimong,NA,1053
shellfish,amwe,NA,1053
shellfish,amwey2,TAN,1053
shellfish,arig,TAN,1053
shellfish,arigh,NA,1053
shellfish,ayúútá,TAN,1053
shellfish,ápárá,NA,1053
shellfish,ghaatil,NA,1053
shellfish,ligayúrúúr,TAN,1053
shellfish,lighairúúr,NA,1053
shellfish,lighámiiyásch,NA,1053
shellfish,liyang,NA,1053
shellfish,róghumw,NA,1053
shellfish,siim,NA,1053
shellfish,ttó,NA,1053
shellfish,umwál,NA,1053
shellfish,úúr1,NA,1054
shelter,bwokongo,NA,1054
shelter,iimw bwéél,NA,1054
shelter,imweyós,NA,1054
shelter,imwóóh,TAN,1054
shelter,peles,NA,1054
shift,kootay,NA,1054
shimmer,luppwuluppw,NA,1054
shin,lúghúmwoúl pesche,NA,1054
shine,alamalama,NA,1054
shine,mariwriw,NA,1054
shine,marúfúúfú,NA,1054
shine,merúfiifi,TAN,1054
shine,mmis,NA,1054
shine,móluppwuluppw,NA,1054
shine,ngeliwliw,NA,1054
shine,saram,NA,1054
shine,ttil,NA,1054
shine,ttin,TAN,1054
shiny,bwulubwul,NA,1054
shiny,lamlam,NA,1055
shiny,mmis,NA,1055
shiny,ngeliwliw,NA,1055
ship,móókkinaal waa,NA,1055
ship,pobwóór,NA,1055
ship,seeyil waa,NA,1055
ship,waa falúw,NA,1055
ship,waa taroppw,NA,1055
shirt,faraneela,NA,1055
shirt,siliila,NA,1055
shirt,siliilaal mwáál,NA,1055
shiver,detch,TAN,1055
shiver,gilól,TAN,1055
shiver,ghilól,NA,1055
shiver,nngong,NA,1055
shiver,schetch,NA,1055
shock,aparannga,NA,1055
shock,arú2,TAN,1055
shock,arúúw,NA,1055
shock,iweele,NA,1055
shock,iweene,TAN,1055
shock,malúúlú,NA,1055
shock,rú,NA,1056
shock,rúútá,NA,1056
shock,sefengágh,NA,1056
shock,weiti2,NA,1056
shoe,lokka,NA,1056
shoe,tubwóótus,NA,1056
shoelace,géégé,TAN,1056
shoelace,ghééghé,NA,1056
shoot,bwatch,NA,1056
shoot,bwatchetá,NA,1056
shoot,firhi1,TAN,1056
shoot,fischi2,NA,1056
shoot,pákk,NA,1056
shoot,pákkiiy,NA,1056
shoot,ubwut,NA,1056
shoot,yuumiiy,NA,1056
shop,tenda,NA,1056
shore,mwóschongeiset,NA,1056
shoreline,ngaschel falúw,NA,1056
short,langalang2,NA,1056
short,mwoschomwoosch,NA,1057
short,schimmwosch,NA,1057
short,weeimwoscheey,NA,1057
shortening,mwatiigha,NA,1057
shorts,anzibwong,NA,1057
shorts,hanzibwong,TAN,1057
short-tempered,lihoongofay,TAN,1057
short-tempered,lisoongofay,NA,1057
shoulder,aifar 1,NA,1057
shoulder,paigér,TAN,1057
shout,abwah,TAN,1057
shout,abwas,NA,1057
shout,akkabwah,TAN,1057
shout,akkabwas,NA,1057
shout,akkabwasághiliiy,NA,1057
shove,tilifágheli,NA,1057
shovel,ppwóóla,NA,1057
shovel,tugey,TAN,1057
shovel,tugheey,NA,1058
show,abwáári,NA,1058
show,afal,NA,1058
show,aiti,NA,1058
show,apayá,NA,1058
show,aweriingeli,NA,1058
show,bwá,NA,1058
show,bwáári,NA,1058
shower,túútú,NA,1058
shower-room,bwóónyo,NA,1058
show off,alángeláng,NA,1058
show off,amwaaraar,NA,1058
show off,angol,NA,1058
show off,angolongol,NA,1058
show off,holl,TAN,1058
show off,holokkirh,TAN,1058
show off,mwáálesol,NA,1058
show off,ngol,NA,1058
show off,sul,NA,1058
show off,sulukkesch,NA,1058
show off,wosommwóng,NA,1059
shred,bwáy,NA,1059
shred,bwááy,NA,1059
shred,bwitighalleló,NA,1059
shred,feereey,NA,1059
shred,kkéré,NA,1059
shrimp,ayúútá,TAN,1059
shrimp,ligayúrúúr,TAN,1059
shrimp,lighairúúr,NA,1059
shrimp,úúr1,NA,1059
shrink,ghitighiitiló,NA,1059
shrink,táy,NA,1059
shrub,ara,NA,1059
shrub,eengi2,NA,1059
shrub,gasooso,TAN,1059
shrub,ghasooso,NA,1059
shrub,llat,NA,1059
shrub,mwalel,NA,1059
shut,tti,NA,1060
shut,ttit,NA,1060
shut,tiiy,NA,1060
shy,sááw,NA,1060
sibling,bwii,NA,1060
sibling,bwiibwi,NA,1060
sibling,bwis1,NA,1060
sibling,bwughusa–,NA,1060
sibling,hamaham,TAN,1060
sibling,ipigin bwii,TAN,1060
sibling,ipighil bwii,NA,1060
sibling,liyeelabwi,NA,1060
sibling,liyeenabwi,LN,1060
sibling,malalap,NA,1060
sibling,maleghit,NA,1060
sibling,mwengeya–,NA,1060
sibling,peghil bwii,NA,1060
sibling,samasam,NA,1060
sic,agúkkú,TAN,1061
sic,aghúúghú,NA,1061
sick,hamwaay,TAN,1061
sick,liyengéng,NA,1061
sick,liyóbwut,NA,1061
sick,málesemwaay,NA,1061
sick,nniyebwut,TAN,1061
sick,rugupaat,TAN,1061
sick,rughupaat,NA,1061
sick,semwaay,NA,1061
sick,sóóghu,NA,1061
sickle,kkamma,NA,1061
sickness,alo1,NA,1061
sickness,alolomwaay,NA,1061
sickness,bwutor,NA,1061
sickness,bwutsi,NA,1061
sickness,ffisch3,NA,1061
sickness,gilibwutag,TAN,1061
sickness,giligil,TAN,1061
sickness,gilihabwow,TAN,1061
sickness,gooh2,TAN,1062
sickness,guuha,TAN,1062
sickness,gháát,NA,1062
sickness,ghilighil1,NA,1062
sickness,ghilinngaw,NA,1062
sickness,ghilipaarang,NA,1062
sickness,ghilisibwów,NA,1062
sickness,ghola,NA,1062
sickness,ghoos2,NA,1062
sickness,ghuuwa,NA,1062
sickness,hamwaay,TAN,1062
sickness,iráágh,NA,1062
sickness,lal2,NA,1062
sickness,laal1,NA,1062
sickness,lifólo,NA,1062
sickness,ligáng,TAN,1062
sickness,ligiligil,TAN,1062
sickness,ligoh,TAN,1062
sickness,ligháng,NA,1062
sickness,lighilighil,NA,1063
sickness,lighos,NA,1063
sickness,limwey,NA,1063
sickness,linnger,NA,1063
sickness,liyengéng,NA,1063
sickness,liyóbwut,NA,1063
sickness,loo,NA,1063
sickness,masagháng,NA,1063
sickness,masarubw,NA,1063
sickness,mám2,NA,1063
sickness,mesenipig,TAN,1063
sickness,mweey2,NA,1063
sickness,ghilighil,NA,1063
sickness,nniyebwut,TAN,1063
sickness,nngawa–,NA,1063
sickness,oromá,NA,1063
sickness,ppwatúr,NA,1063
sickness,rubw,NA,1063
sickness,ruubw,NA,1063
sickness,sarampiyon,NA,1063
sickness,semwaay,NA,1063
sickness,seráágh,NA,1063
sickness,sitch,NA,1063
sickness,sóóghu,NA,1063
sickness,ssúg1,TAN,1063
sickness,ssúgh,NA,1063
sickness,ssúghúparas,NA,1064
sickness,schighar1,NA,1064
sickness,téréghé,NA,1064
sickness,tiwáág,TAN,1064
sickness,ul2,NA,1064
sickness,úráág,TAN,1064
side,ngasche-,NA,1064
side,ngaschel ppal,NA,1064
side,olopeigh,NA,1064
side,paliya-,NA,1064
side,peigh,NA,1064
side,peighimwáál,NA,1064
side,peighischóóbwut,NA,1064
sieve,úún,TAN,1064
sift,únni,TAN,1064
sigh,ngasangas,NA,1064
sign,gill2,TAN,1064
sign,ghikkill,NA,1064
signal,agúúáf,TAN,1064
signal,aghúúáf,NA,1064
signal,rhimweri,TAN,1065
signal,schimweri,NA,1065
silent,alúgúparh,TAN,1065
silent,alúghúpasch,NA,1065
silent,állif2,NA,1065
silly,mmang,NA,1065
silver,selaapi,NA,1065
silverfish,liamwút,NA,1065
silverfish,liyamwit rhéélap,TAN,1065
similar,áffetágh,NA,1065
similar,tapatap1,NA,1065
similar,weewe,NA,1065
simple,mescherágh,NA,1065
simultaneously,féérippaghúw,NA,1065
simultaneously,–ppagh,NA,1065
sin,mwolofit,NA,1066
since,leelibwal,NA,1066
sing,ammayúr,NA,1066
sing,kkéél,NA,1066
sing,kkéélú,NA,1066
sing,ppwó,NA,1066
sing,schóól kkéél,NA,1066
singer,sóukkéél,NA,1066
single,áláá-,NA,1066
single,álááfay,NA,1066
single,álááfósch,NA,1066
single,álááschay,NA,1066
single,áleyeew,NA,1066
sink,mwoo-1,NA,1066
sink,mwois,NA,1066
sink,mwoisiló,NA,1066
sink,nangasi,NA,1066
sink,rhoul,TAN,1066
sink,schóuwul,NA,1066
sink,tubw1,NA,1066
sink,waa rhoul,TAN,1066
sink,waa schóuwul,NA,1066
sip,horomi,TAN,1066
sip,mmwour,NA,1067
sip,soromi,NA,1067
siphon,amwoora2,NA,1067
siphon,horomi,TAN,1067
siphon,soromi,NA,1067
sir,soumwár,NA,1067
Sirius,Maan,NA,1067
sister,bwii,NA,1067
sister,bwiischóóbwut,NA,1067
sister,ipigin bwii,TAN,1067
sister,ipighil bwii,NA,1067
sister,liye-,NA,1067
sister,liyeelabwi,NA,1067
sister,liyeenabwi,LN,1067
sister,mwengeya-,NA,1067
sister,mwengeyal,NA,1067
sister,mwengeyal,NA,1067
sister,peghil bwii,NA,1067
sit,ghúrús,NA,1067
sit,móót,NA,1068
sit,móótetá,NA,1068
sit,móótetiw,NA,1068
sit,ssó1,NA,1068
six,aolomalúl,NA,1068
six,aoloowal,NA,1068
six,aonomanún,"TAN, LN",1068
six,ool,NA,1068
six,oleghit,NA,1068
six,oleigh,NA,1068
six,olo-1,NA,1068
six,olobwúghúw,NA,1068
six,olofay,NA,1068
six,olofósch,NA,1068
six,olomal,NA,1068
six,olongaras,NA,1068
six,olosché,NA,1068
six,oloow,NA,1068
six,oon,"TAN, LN",1068
six hundred,olobwúghúw,NA,1068
six óclock,alas sais,NA,1068
sixth,aolomalúl,NA,1068
sixth,aoloowal,NA,1068
sixth,aonomanún,"TAN, LN",1068
six thousand,olongaras,NA,1069
sixty,oleigh,NA,1069
sixty thousand,oleghit,NA,1069
size,llapa-,NA,1069
size,tappal,NA,1069
size,tappan,TAN,1069
skate,feyi1,NA,1069
skill,sóu-,NA,1069
skilled,schúmmáng,NA,1069
skin,bwurungi,NA,1069
skin,bwurungiiló,NA,1069
skin,giil,TAN,1069
skin,gilibwutag,TAN,1069
skin,giligil,TAN,1069
skin,ghiil1,NA,1069
skin,ghilifaitcha,NA,1070
skin,ghilighil1,NA,1070
skin,ghilinngaw,NA,1070
skin,henihen,TAN,1070
skin,ligiligil,TAN,1070
skin,lighilighil,NA,1070
skin,limwey,NA,1070
skin,loo,NA,1070
skin,loor,NA,1070
skin,lorommarh,TAN,1070
skin,lorommasch,NA,1070
skin,mweey2,NA,1070
skin,ppwur,NA,1070
skin,riyá,NA,1070
skin,rubw,NA,1070
skin,ruubw,NA,1070
skin,selesel,NA,1070
skin,uró,NA,1070
skinny,airhig,TAN,1070
skinny,aischigh,NA,1070
skinny,ghul2,NA,1071
skinny,paayghuré,NA,1071
skinny,rhúúrhú,TAN,1071
skinny,schúúgheráng,NA,1071
skinny,schúúschú,NA,1071
skip,ligalulluh,TAN,1071
skip,lighalullus,NA,1071
skipjack,arong1,NA,1071
skipjack,langú,NA,1071
skipjack,ópp,NA,1071
skipjack,sáresch,NA,1071
skipjack,tchep1,NA,1071
skirt,lighow,NA,1071
skirt,lissif,TAN,1071
skirt,sissif,NA,1071
skull,fayúschiimw,NA,1071
skull,hagún magúr,TAN,1071
skull,magúr,TAN,1071
skull,móghur sóbwulal,NA,1071
skull,schúúl móghur,NA,1071
skull,tuubwuwal schiimw,NA,1071
skull,tubwúyan magúr,TAN,1071
sky,lááng,NA,1072
slack,sáliiwow,NA,1072
slap,pééhap,TAN,1072
slap,péésap,NA,1072
slap,pighiri,NA,1072
sleep,asseiparh,TAN,1072
sleep,asseipasch,NA,1072
sleep,aséésé,NA,1072
sleep,bwuschubwusch,NA,1072
sleep,diskansa,NA,1072
sleep,gúnammwey,TAN,1072
sleep,gúnómw,TAN,1072
sleep,ghilómw,NA,1072
sleep,ghúlammwey,NA,1072
sleep,masóól,NA,1072
sleep,mayúr,NA,1072
sleep,mayúrúbwutag,TAN,1072
sleep,mayúrúló,NA,1072
sleep,mayúrúmah,TAN,1072
sleep,mayúrúnngaw,NA,1072
sleep,mayúrúppel,NA,1072
sleep,mayúrútchów,NA,1073
sleep,nenne,NA,1073
sleep,onofatal,TAN,1073
sleep,onorhibw,TAN,1073
sleep,óus,NA,1073
sleep,wolofetál,NA,1073
sleep,woloschibw,NA,1073
sleeper,bwutig,TAN,1073
sleeper,bwutigh,NA,1073
sleep walk,bwurhubwurh,TAN,1073
sleep walk,bwuschubwusch,NA,1073
sleepy,atél,NA,1073
sleepy,tchów,NA,1073
slender,airhig,TAN,1073
slender,aischigh,NA,1073
slender,nngút,NA,1073
slice,ahakk,TAN,1074
slice,ahakka,TAN,1074
slice,asakk,NA,1074
slice,asakka,NA,1074
slice,hetip,TAN,1074
slice,pikkakkiti,NA,1074
slice,reikkiti,TAN,1074
slice,reirey,TAN,1074
slice,sátip,NA,1074
slice,-sset,NA,1074
slice,tiip1,NA,1074
slice,ulekkiti,NA,1074
slice,uleey,NA,1074
slice,uloul,NA,1074
slide,ammiti,NA,1074
slide,bwis2,NA,1074
slide,mmit1,NA,1074
slide,tangúrúngúr,NA,1074
slimy,mascheischey,NA,1074
slip,ammiti,NA,1075
slip,mmit1,NA,1075
slipper,lokka,NA,1075
slipper,zoori,NA,1075
slippery,mascheischey,NA,1075
slippery,mitimit,NA,1075
slither,tófolofol,NA,1075
slop,zampang,NA,1075
slope,ingiing,NA,1075
slope,pareingiing,TAN,1075
sloppy,apeipey2,NA,1075
sloppy,áliminngaw,NA,1075
slow,alimet,NA,1075
slow,ammwaay,NA,1075
slow,ammwaayú,NA,1075
slow,állimet,NA,1075
slow,limwetemwaay,NA,1075
slow,limwetetchów,TAN,1075
slow,–mmwaay,NA,1075
slow,mwetemmwaay,NA,1075
slow,sóroppwang,NA,1076
slow poke,alimet,NA,1076
sly,rugupaat,TAN,1076
sly,rughupaat,NA,1076
smack,mmisch,NA,1076
smack,mmit²,TAN,1076
small,egúh,TAN,1076
small,eghus,NA,1076
small,git,TAN,1076
small,gitigiit,TAN,1076
small,gúfiti–,TAN,1076
small,ghikkit,NA,1076
small,ghit,NA,1076
small,ghitighiit,NA,1076
small,ghitighiitiló,NA,1076
small,ghufiti–,NA,1076
small,–ghus,NA,1076
small,lissil,NA,1076
small,lissin,TAN,1076
small,–metch,TAN,1076
small,mwugh,NA,1076
small,olighát2,NA,1077
small,siyori,NA,1077
small,–schigh,NA,1077
smallpox,ghilipaarang,NA,1077
smart,awut,NA,1077
smart,lischow,NA,1077
smart,malóóti,NA,1077
smart,reepi1,NA,1077
smart,rhúmmáng,TAN,1077
smart,schúmmáng,NA,1077
smash,ataay,NA,1077
smash,bwitighalleló,NA,1077
smash,magalagal,TAN,1077
smash,maghalaghal,NA,1077
smegma,laal1,NA,1077
smegma,naan1,"TAN, LN",1077
smell,araalúút,NA,1077
smell,bwoo–,NA,1077
smell,bwooheling,TAN,1077
smell,bwookkarh,TAN,1077
smell,bwookkasch,NA,1077
smell,bwool araalúút,NA,1078
smell,bwool móóliyól,NA,1078
smell,bwool sáát,NA,1078
smell,bwoomarh,TAN,1078
smell,bwoomasch,NA,1078
smell,bwoomwas,NA,1078
smell,bwoomwusch,NA,1078
smell,bwoon háát,TAN,1078
smell,bwoongas,NA,1078
smell,bwoonngaw,NA,1078
smell,bwoopa,NA,1078
smell,bwoosáling,NA,1078
smell,bwooset,NA,1078
smell,bwoottig,TAN,1078
smell,bwoottigh,NA,1078
smell,bwootighar,NA,1078
smell,bwoottongotong,NA,1078
smell,bwoousuus,NA,1078
smell,bwoowatch,TAN,1078
smell,bwooyatch,NA,1078
smell,limwah,TAN,1078
smell,limwas,NA,1079
smell,mar1,NA,1079
smell,masch,NA,1079
smell,máágh,NA,1079
smell,mwaas,NA,1079
smell,mwóghu,NA,1079
smell,–ngas,NA,1079
smell,ngaas,NA,1079
smell,ngúúrú,NA,1079
smell,uwah,TAN,1079
smell,uwas,NA,1079
smile,ammel,NA,1079
smile,amelimel1,NA,1079
smile,mmál,NA,1079
smoke,araalúút,NA,1079
smoke,asuubwaay,NA,1079
smoke,bwaat1,NA,1079
smoke,bwaatiyát,NA,1079
smoke,bwool araalúút,NA,1079
smoke,bwuppwurat,NA,1079
smoke,bwurat,NA,1079
smoke,bwurókk,NA,1079
smoke,lihousuubwa,TAN,1080
smoke,lisousuubwa,NA,1080
smoke,ppwóós,NA,1080
smoke,suubwa,NA,1080
smoke,subwááli,NA,1080
smoke,suubwááni,TAN,1080
smoke,úl,NA,1080
smoke,ún,TAN,1080
smolder,gú,TAN,1080
smolder,ghú1,NA,1080
smooth,arhallú,TAN,1080
smooth,aschallú,NA,1080
smooth,ppwil1,NA,1080
smooth,rhall,TAN,1080
smooth,schall,NA,1080
snail,denden,NA,1080
snap,bwiliiló,NA,1080
snap,mwasching,NA,1080
snap,mweiti,NA,1080
snap,mmwey,NA,1080
snap,mwurhing,TAN,1081
snap,ppisch,NA,1081
snap,ppischiló,NA,1081
snap,tching,NA,1081
snapper,mahaatcha,TAN,1081
snapper,mesetcha,NA,1081
snapper,meew,TAN,1081
snapper,noot,TAN,1081
snapper,ppwów2,TAN,1081
snapper,saas,NA,1081
snapper,weiyaw,NA,1081
snare,atubwutubw,NA,1081
snatch,atittimaaw,TAN,1081
snatch,állifa,NA,1081
snatch,teihengi,TAN,1081
snatch,teisángi,NA,1081
snatch,teiteimaaw,NA,1081
sneak,állif2,NA,1082
sneak,állifa,NA,1082
sneak,ánnif,TAN,1082
sneak,yóófi,TAN,1082
sneak thief,lighottap,NA,1082
sneaky,alángeláng,NA,1082
sneer,ammel,NA,1082
sneeze,mmwusi,NA,1082
sniff,angúsúngús,NA,1082
sniff,ngus1,NA,1082
sniff,ngúúrú,NA,1082
snort,angúsúngús,NA,1082
snort,ngus1,NA,1082
so,bwe4,NA,1082
soak,datchan,TAN,1082
soak,rhiri,TAN,1082
soak,schiri,NA,1082
soak,túútú,NA,1082
soak,tchogh,NA,1083
soap,aabwil,NA,1083
soap,hóóbwun,TAN,1083
sob,mesighisigh,NA,1083
sober up,appelló,NA,1083
socket,fótófót,NA,1083
socks,mezas,NA,1083
soft,bwutattal,NA,1083
soft,bwutattan,"TAN, LN",1083
soft,mmarh,TAN,1083
soft,mmasch,NA,1083
soft,mmaschéló,NA,1083
soft,meschótchór,NA,1083
softball,bwoolaal batta,NA,1083
softball,bwoolaal paanak,NA,1083
soil,lippwel,NA,1083
soil,ppi¹,NA,1083
soil,ppwel,NA,1083
solar plexus,fáálimwar,NA,1084
solar plexus,fáánemwar,TAN,1084
soldier,seló ólu,NA,1084
soldier,schóól fiiyow,NA,1084
soldier,schóól móówul,NA,1084
sole,faal aibwiibw,NA,1084
solid,tchúgúl,TAN,1084
solid,tchúghúl,NA,1084
solve,attafa,NA,1084
solve,aweewe1,NA,1084
some,akka–1,NA,1084
some,ákkááw,NA,1084
sometimes,eyoor igha,NA,1084
somewhat,far,NA,1084
somewhere,fetál,NA,1084
son,mwáálellap,NA,1084
son,oliye,NA,1085
son,welemas1,NA,1085
son,wenemas1,TAN,1085
song,gúna,TAN,1085
song,kkéél,NA,1085
song,kkéélúl falúw,NA,1085
song,laam1,TAN,1085
song,tittig,TAN,1085
song,tittigh,NA,1085
Sonsorol,Sangórhól,TAN,1085
Sonsorol,Songoschól,NA,1085
soon,fáighus,NA,1085
soon,habwetchaw,TAN,1085
soon,ppwappwal,NA,1085
soothe,pisipis2,NA,1085
sore,aimwulál,NA,1085
sore,masarubw,NA,1085
sore,ppwey,NA,1085
sore,rubw,NA,1085
sore,ruubw,NA,1085
sorrow,faiyééti,NA,1086
sorrow,ttong,NA,1086
sorrowful,attong,NA,1086
sorry,faiyééw,NA,1086
sorry,liyamaam,NA,1086
sorry,mitiiy,NA,1086
sorry,tongeey,NA,1086
sort,áriiri,NA,1086
so that,bwe3,NA,1086
sound,aléllésch,NA,1086
sound,asangúrr,NA,1086
sound,gurur,TAN,1086
sound,llésch,NA,1086
sound,malúngúng,NA,1086
sound,manúúng,TAN,1086
sound,ngennge,NA,1086
sound,ngiingi,NA,1086
sound,ssigh1,NA,1087
sound,ssúg2,TAN,1087
sound,tapúngúpúng,NA,1087
sound,tittig,TAN,1087
sound,tittigh,NA,1087
soup,arúng,NA,1087
soup,kóddu,NA,1087
soup,ppwósuuli,NA,1087
sour,meleis,NA,1087
sour,mwáll,NA,1087
sour,mwállettigh,NA,1087
source,rhááp,TAN,1087
source,schááp,NA,1087
soursop,laguanaa,TAN,1087
soursop,langgunaa,NA,1087
south,éér,NA,1087
south,hootiw,TAN,1087
south,peighitiw,NA,1087
south,–tiw,NA,1087
Southern Cross,Bwuubw,NA,1088
Southern Cross,Wenewenuubw,NA,1088
Spain,Espaiyol,NA,1088
span,-yang,NA,1088
spank,laulaw,NA,1088
spank,lauti,NA,1088
spank,llérh2,TAN,1088
spank,llésch,NA,1088
spank,wirhingeni,TAN,1088
spank,wirhiwirh,TAN,1088
spank,wischingeli,NA,1088
spank,wischiwisch,NA,1088
spare,amalawa,NA,1088
spare,peiráágh,NA,1088
spark,fúúwer,NA,1088
sparkle,fúúwer,NA,1088
sparkle,mariwriw,NA,1088
sparkle,marúfúúfú,NA,1088
sparkle,merúfiifi,TAN,1088
sparkle,móluppwuluppw,NA,1089
spasms,torotá,NA,1089
spatter,amworomwor,NA,1089
speak,abwulallal,NA,1089
speak,affata,NA,1089
speak,aalleew,NA,1089
speak,amwáliiliiya,NA,1089
speak,apaháátá,TAN,1089
speak,apesáátá,NA,1089
speak,awanngaw,NA,1089
speak,awóówó,NA,1089
speak,á-,NA,1089
speak,áschitá2,NA,1089
speak,faihoolap,TAN,1089
speak,faisoolap,NA,1089
speak,kkapah,TAN,1089
speak,kkapaháágini,TAN,1089
speak,kkapas,NA,1090
speak,kkapasapil,NA,1090
speak,kkapasáághili,NA,1090
speak,móngúnúngún,TAN,1090
speak,mwáliili,NA,1090
speak,mwóngúlúngúl,NA,1090
speak,ngiingi,NA,1090
speak,nngú,NA,1090
spear,falúúw,NA,1090
spear,ffaatili,NA,1090
spear,fiisigha,NA,1090
spear,óóg,TAN,1090
spear,toutow2,NA,1090
spear,ttow,NA,1090
spear,tchibw,NA,1090
spear,wóógh,NA,1090
speargun,lighappisch,NA,1090
speargun,patsingko,NA,1090
specialty,roong,NA,1090
speech,alo2,NA,1090
speech,ghoogho,NA,1090
speech,kkapah,TAN,1090
speech,kkapas,NA,1091
speech,kkas,NA,1091
speech,mwáliya–,NA,1091
speed,angúúw,NA,1091
speed,anngúy,TAN,1091
speed,assiti,NA,1091
speed,ásááli,NA,1091
spell,qfféér,NA,1091
spell,paitingáli,NA,1091
spell,sousow1,NA,1091
spend,akkesch,NA,1091
sperm,weet,NA,1091
spherical,fauluul,NA,1091
spherical,fááliyel,TAN,1091
spice,attiga,TAN,1091
spice,attigha,NA,1091
spice,lolli,NA,1091
spice,lolliyaay,NA,1091
spice,lonni,TAN,1091
spicy,allééw1,NA,1092
spicy,annééy,TAN,1092
spicy,lolliiló,NA,1092
spicy,ttig1,TAN,1092
spicy,ttigh2,NA,1092
spider,littubwuláár,TAN,1092
spider,littubwuráárá,NA,1092
spider lily,ghiyobw,NA,1092
spider lily,ghiyobw bwesch,NA,1092
spider lily,ghiyobw row,NA,1092
spider lily,liiriyo,NA,1092
spider lily,mwootú,NA,1092
spider shell,liyang,NA,1092
spill,taroppw,NA,1092
spin,atóghuluuw,NA,1092
spin,atugula,TAN,1092
spin,árághi2,NA,1092
spin,tilimwóuluul,NA,1093
spin,tóghulughul,NA,1093
spin,tugulugul,TAN,1093
spirit,alú,NA,1093
spirit,alúúl falúw,NA,1093
spirit,alúúl leeimw,NA,1093
spirit,alúúl leeyil walúwal,NA,1093
spirit,alúúl sáát,NA,1093
spirit,anú,"TAN, LN",1093
spirit,kaaka,NA,1093
spirit,malebwut,NA,1093
spirit,ngéél,NA,1093
spirit,soope,NA,1093
spit,guhuufi,TAN,1093
spit,ghiteiló,NA,1093
spit,ghusufi,NA,1093
spit,óttuf,NA,1093
splash,tápis,NA,1093
splash,tchep2,NA,1093
splash,urás,NA,1093
splice,hóbweey,TAN,1093
splice,sóbweey,NA,1093
splint,tchep5,NA,1094
splint,tchepeey,NA,1094
split,attipa,NA,1094
split,ásáttipa,NA,1094
split,fala,NA,1094
split,kkamw,NA,1094
split,ligauluul2,TAN,1094
split,mwákk,NA,1094
split,pagh,NA,1094
split,paghúw,NA,1094
split,safauluul,NA,1094
split,tilibwu,NA,1094
split,tilingi,NA,1094
spoil,arheng,TAN,1094
spoil,arhengi,TAN,1094
spoil,ascheng,NA,1094
spoil,aschengi,NA,1094
spoil,ileppirh,TAN,1094
spoil,layúlayúscheng,NA,1095
spoil,mwángil,NA,1095
spoil,nayúnayúrheng,TAN,1095
spoil,nngawaló,NA,1095
spoil,soolapeló,NA,1095
spoil,úleppisch,NA,1095
spoon,átiyát,NA,1095
sports,kosasal ukkur,NA,1095
sports,likka–,NA,1095
spot,bwuléy,NA,1095
spot,pwunto,NA,1095
spouse,bwúlúwa–,NA,1095
spouse,familiya,NA,1095
spouse,rhóóniimw,TAN,1095
spouse,schóóliimw,NA,1095
spread,álipa,NA,1095
spread,áttefi,NA,1095
spread,ferágh,NA,1095
spread,fferágh,NA,1095
spread,ferágháli,NA,1096
spread,márágháli,NA,1096
spread,merágh,NA,1096
spread,mwólóló,NA,1096
spread,mwónóló,TAN,1096
spread,selitágh,NA,1096
spread,ttáf,NA,1096
spread,téégi,TAN,1096
spread,tééghi,NA,1096
spread,tilifi2,NA,1096
spread,yár,NA,1096
spring,bwatch,NA,1096
sprinkle,aschawet,NA,1096
sprinkle,uuti,NA,1096
sprout,bwatchetá,NA,1096
sprout,fah,TAN,1096
sprout,fas,NA,1096
sprout,ilil,NA,1096
sprout,máár,NA,1096
sprout,mescheng,NA,1096
sprout,ólong,NA,1096
sprout,ppwár,NA,1097
sprout,ppwug,TAN,1097
sprout,ppwugh,NA,1097
sprout,uwabwon,TAN,1097
sprout,uwóbwol,NA,1097
spry,ruuru1,NA,1097
spurt,pússúg,TAN,1097
spurt,ssigh2,NA,1097
spurt,tápis,NA,1097
squander,ahoolap,TAN,1097
squander,asoolap,NA,1097
squander,óssoolapaaló,NA,1097
squander,soolap,NA,1097
squash,ghalabwaasa,NA,1097
squat,móótaisúús,NA,1097
squeak,ttigh3,NA,1097
squeak,tching,NA,1097
squeal,nginngi,NA,1098
squeeze,feingegh,NA,1098
squeeze,feingi2,NA,1098
squeeze,wongoti,NA,1098
squeeze,wongowong,NA,1098
squid,ngúút,NA,1098
squirm,tófolofol,NA,1098
squirrelfish,hara,TAN,1098
squirrelfish,mwéén,TAN,1098
stab,fatogi,TAN,1098
stab,fótoghi,NA,1098
stab,ttow,NA,1098
stable,ppwóss,NA,1098
stage,libwal,NA,1098
stage,libwan,TAN,1098
stage,táttálil,NA,1098
stage,tettelin,TAN,1098
stagger,hokk,TAN,1099
stagger,mwoghékk,NA,1099
stagger,ssukk,NA,1099
stairs,ligatéétá,TAN,1099
stairs,téétá,NA,1099
stairway,ligatéétá,TAN,1099
stalk,–umw,NA,1099
stall,amwaschúútiw,NA,1099
stamen,lifééféél mááy,NA,1099
stamp,stamp,NA,1099
stamp,stampu,NA,1099
stand,afota2,NA,1099
stand,affota,NA,1099
stand,ayúúw,NA,1099
stand,bwu2,NA,1099
stand,bwuubwu2,NA,1100
stand,úú-,NA,1100
staple foods,mwongo,NA,1100
star,Aremwoy,NA,1100
star,Bwuubw,NA,1100
star,Elúwel,NA,1100
star,fúú,NA,1100
star,Fúúsemwóghut,NA,1100
star,Ghúúw,NA,1100
star,limmaamaaw,NA,1100
star,Mailapan Efeng,NA,1100
star,Maan,NA,1100
star,Maserúw,NA,1100
star,Mááilap,NA,1100
star,Mátchemeyá,NA,1100
star,Mesal Fúú,NA,1100
star,Méél,NA,1100
star,Mwáárighár,NA,1100
star,paire,NA,1100
star,Paay Efeng,NA,1100
star,Paay Yéér,NA,1100
star,Sarobwél,NA,1100
star,Sápi,NA,1100
star,Schoow,NA,1100
star,táán,"TAN, LN",1101
star,Tumwur,NA,1101
star,Úkkúniigh,NA,1101
star,Wenewenuubw,NA,1101
star,Wolé,NA,1101
star,Wuun,NA,1101
starch,mógomóg,TAN,1101
starch,móghomógh,NA,1101
stare,afota3,NA,1101
stare,amálimál1,NA,1101
stare,áláng,NA,1101
stare,hóróhór,TAN,1101
stare,limasappwul,NA,1101
stare,masanngaw,NA,1101
stare,masanngawangeli,NA,1101
stare,sórósór,NA,1101
starfish,f úúlesset,NA,1101
starfish,payúl álet,NA,1101
star fruit,bilimbiilis,NA,1102
starlight,tilil fúú,NA,1102
start,amwóghuta,NA,1102
start,bwelúw,NA,1102
startle,rú,NA,1102
startle,rúútá,NA,1102
startle,sefengágh,NA,1102
starve,ailas,NA,1102
starve,aschúll,NA,1102
statement,alléghúl kkapas,NA,1102
statement,kkapasal aweewe,NA,1102
statue,bwutto,NA,1102
statue,liyoos,TAN,1102
statue,liyoos,NA,1102
stay,asóóy,NA,1102
stay,bwongiiti,NA,1102
stay,lo1,NA,1103
stay,no,"TAN, LN",1103
stay home,looffat,NA,1103
steady,ppwóss,NA,1103
steal,angattar,NA,1103
steal,állifa,NA,1103
steal,houmaah,TAN,1103
steal,mwóscho,NA,1103
steal,mwóschooli,NA,1103
steal,púraf,NA,1103
steal,púrafa,NA,1103
steal,soumáás,NA,1103
steal,scheeri,NA,1103
steal,scheesche,NA,1103
steel,mesche,NA,1103
steel,paarang,NA,1103
steel,teppang,NA,1103
steep,ppal2,NA,1103
steer,amwirimwir1,NA,1104
steer,horeey,TAN,1104
steer,soreey,NA,1104
stem,arhan,TAN,1104
stem,eschal,NA,1104
stench,bwoonngaw,NA,1104
step,amwooy,NA,1104
step,bwu2,NA,1104
step,bwuubwu2,NA,1104
step,bwuuri,NA,1104
step,bwuutiw,NA,1104
step,lééyú,S,1104
step,wiilang,TAN,1104
steps,afalafal2,NA,1104
stern,mwiir,NA,1104
stick,appascha,NA,1104
stick,bwuráátiw,NA,1104
stick,filiiti,NA,1105
stick,ffót,NA,1105
stick,gurugur3,TAN,1105
stick,ghaluuti,NA,1105
stick,ghaluutiiy,NA,1105
stick,iyas,NA,1105
stick,parh,TAN,1105
stick,pasch1,NA,1105
stick,ppasch,NA,1105
stick,ppaschangáli,NA,1105
stick,pascheey,NA,1105
stick,reschey,NA,1105
stick,tepeli,NA,1105
stick,tchibw,NA,1105
stick,tchú,NA,1105
stick,úrá,NA,1105
stick,úráál apúng,NA,1105
stick,úráál makk,NA,1105
stick,wirhiwirh,TAN,1105
stick,wischiwisch,NA,1105
stick dance,til,NA,1105
stick dance,werhúúrá,TAN,1105
stick dance,wischiirá,NA,1105
sticker,toutow1,NA,1106
stick out,aitúúle,NA,1106
stick out,atéélaw,TAN,1106
stick out,tchif,NA,1106
sticky,apparh2,TAN,1106
sticky,appasch2,NA,1106
sticky,paschapasch,NA,1106
still,mwo2,NA,1106
still,ppwóss,NA,1106
stimulate,anngala,NA,1106
sting,aremet,NA,1106
stingy,mmweigh,NA,1106
stink,bwoomarh,TAN,1106
stink,bwoomasch,NA,1106
stink,bwoonngaw,NA,1106
stink,masch,NA,1106
stink,mwas,NA,1106
stink,mwaas,NA,1106
stir,arú1,TAN,1107
stir,arúw,NA,1107
stir,áriti,NA,1107
stir,áriyár1,NA,1107
stirred up,schew,NA,1107
stirred up,tchep3,NA,1107
stitch,teete,NA,1107
stitch,teeyi,NA,1107
stockings,mezas,NA,1107
stomach,tiyakk,NA,1107
stomach,uubw,NA,1107
stomp,bwuurágh,NA,1107
stomp,bwuurágherágh,NA,1107
stomp,bwuuri,NA,1107
stomp,tapúngúpúng,NA,1107
stone,faay2,NA,1107
stone,fayfay2,NA,1107
stone,tarafaifay,NA,1107
stonefish,loow,NA,1108
stonefish,nuunuupi,TAN,1108
stop,aúgú,TAN,1108
stop,aúgúúló,TAN,1108
stop,ayúghú,NA,1108
stop,ayúghúúló,NA,1108
stop,ayúúló,NA,1108
stop,ámmwel,NA,1108
stop,ligiti,TAN,1108
stop,lighiti,NA,1108
stop,pilesagh,NA,1108
stop,pileey,NA,1108
stop,tókkótoomwo leeimw,NA,1108
stop,úg,TAN,1108
stop,úúló2,NA,1108
stop,wes,NA,1108
stop,yúgh,NA,1108
stopper,pilipil2,NA,1108
stopper,pilipilil lé,NA,1108
stop up,apilasa,NA,1108
store,tenda,NA,1109
storm,bwighilittey,NA,1109
storm,malúmal,NA,1109
story,bworóus,NA,1109
story,leeweina,TAN,1109
story,léaweeiló,NA,1109
story,mwoiwe,NA,1109
story,mwútchu schagh me esóbw,NA,1109
story,oloweiló,NA,1109
story,tarameiyey,NA,1109
story,tittillap,NA,1109
story,túttúllap,TAN,1109
stove,falang,NA,1109
stove,falangal dengki,NA,1109
straight,aweewe1,NA,1109
straight,lúghútchar,NA,1109
straight,núgútchar,TAN,1109
straight,schimwittiw,NA,1109
straight,wel,NA,1109
straight,wwel,NA,1109
straight,welewelitá,NA,1110
straight,wen,TAN,1110
straight,wenewenetá,TAN,1110
straighten,aghatchúúsefááli,NA,1110
straighten,ammwel1,NA,1110
straighten,amwelaaló1,NA,1110
straighten,awela,NA,1110
straighten,awelawela,NA,1110
straighten,awena,TAN,1110
straighten,awenewena,TAN,1110
straighten,aweeweey,NA,1110
straighten,ghúrús,NA,1110
straighten,weliló,NA,1110
straighten,weneló,TAN,1110
straighten up,limálim,NA,1110
straighten up,limeti,NA,1110
straighten up,máliti,NA,1110
strain,mwááng,NA,1110
strain,waamwey,NA,1111
strand,áál2,NA,1111
strand,meteri–,NA,1111
stranger,schééfé,NA,1111
stranger,schóól lughul,NA,1111
stranger,schóól waaseela,NA,1111
stranger,waahééló,TAN,1111
stranger,waaseela,NA,1111
straw,mwour,NA,1111
strawberry tree,manisanita,TAN,1111
strawberry tree,mansaniita,NA,1111
stream,paat,NA,1111
stream,rhanubwuubwu,TAN,1111
stream,sarhúg,TAN,1111
stream,saschúgh,NA,1111
stream,schalúbwuubwu,NA,1111
stretch,ammey,NA,1111
stretch,ammeya,NA,1111
stretch,ammeyaaló,NA,1112
stretch,mmey,NA,1112
strike,dekkis,NA,1112
strike,dókkut,NA,1112
strike,fótchugh,NA,1112
strike,llérh2,TAN,1112
strike,llésch,NA,1112
strike,marúngáángáni,TAN,1112
strike,marúngúúngáli,NA,1112
strike,ppwomwoli,NA,1112
strike,úrú,NA,1112
strike,wirhi,TAN,1112
strike,wischiiy,NA,1112
string,afooschól,NA,1112
string,-ffaat,NA,1112
string,ffaatili,NA,1112
string,géégé,TAN,1112
string,ghééghé,NA,1112
string,hiilo,TAN,1112
string,iilo,NA,1112
string,kkalúgh,NA,1112
string,kkanég,TAN,1112
string,ligirhól,TAN,1113
string,–mwu,NA,1113
string,ófooschól,NA,1113
string,pili,NA,1113
string,teegus,NA,1113
string,–yál,NA,1113
stringer,ffaat,NA,1113
strip,assey,NA,1113
stroke,tóófi,NA,1113
stroke,tóótó,NA,1113
stroll,súúfetál,NA,1113
strong,bwágh,NA,1113
strong,bwághitá,NA,1113
strong,bwogitá,TAN,1113
strong,fayúscho2,NA,1113
strong,léghélégh2,NA,1113
strong,limaamaaw,NA,1113
strong,maamaaw,NA,1113
strong,–maaw,NA,1114
strong,máár,NA,1114
strong,mwáálescho,NA,1114
strong,scho,NA,1114
struggle,ghúrúfaafa,NA,1114
stubborn,tchemaaw,NA,1114
stubborn,tchúgúl,TAN,1114
stubborn,tchúghúl,NA,1114
stuck,mmwasch,NA,1114
stuck,ppasch,NA,1114
stuck,ppaschangáli,NA,1114
stuck up,amwaaraar,NA,1114
stuck up,soolap,NA,1114
student,schóól meleitey,NA,1114
study,akkúlégh,NA,1114
study,alama,TAN,1114
study,auluuluuw,NA,1114
study,meleitey,NA,1114
stuffed animal,mwunyeeka,NA,1114
stumble,bwuruwow,NA,1115
stumble,toroppúng,NA,1115
stump,–pagh,NA,1115
stump,paghúl,NA,1115
stump,paghúlúfal,NA,1115
stun,malúúlú,NA,1115
stunted,málemwugh,NA,1115
stupid,hókkobwurh,TAN,1115
stupid,kkobwumagúran,TAN,1115
stupid,kkóbwuschimwal,NA,1115
stupid,memmanga–,NA,1115
sty,wailú,NA,1115
sty,wáánú,TAN,1115
subject pronoun,ausi,NA,1115
subject pronoun,aw,NA,1115
subject pronoun,ay,NA,1115
subject pronoun,e,NA,1115
subject pronoun,hi,TAN,1115
subject pronoun,i,NA,1115
subject pronoun,re,NA,1116
subject pronoun,si,NA,1116
subject pronoun,u,NA,1116
submarine,waa rhoul,TAN,1116
submarine,waa schóuwul,NA,1116
submerge,rhoul,TAN,1116
submerge,schóuwul,NA,1116
submerge,tu,NA,1116
subordinating conjunction,bwe 3,NA,1116
successful,mwaamwaay,NA,1116
suck,amwoora2,NA,1116
suckle,atú,NA,1116
suckle,atút,NA,1116
suckle,atúúw,NA,1116
suckle,lúút,NA,1116
sudden,ffisch3,NA,1116
suds,bwurubwur1,NA,1116
suffer,awweires,NA,1117
suffer,leeliyál áppet,NA,1117
suffer,wáires,NA,1117
suffer,weireh,TAN,1117
sufficient,ghów,NA,1117
sufficient,lap,NA,1117
sufficient,mmwál,NA,1117
sugar apple,aatis,NA,1117
sugar cane,woow,NA,1117
suit,fischingeli,NA,1117
suit,kkofirh,TAN,1117
suit,tamafisch,NA,1117
sullen,áirághiiy,NA,1117
summarize,weeimwoscheey,NA,1117
sun,alo–,NA,1117
sun,álet,NA,1118
sun,bwatch,NA,1118
sunburn,parakkis,NA,1118
Sunday,Guubwul,TAN,1118
Sunday,Ghuubwul,NA,1118
sunglasses,antiyos,NA,1118
sunlight,tilil álet,NA,1118
sunlight,ttinin álet,TAN,1118
supplies,paay2,NA,1118
support,lóóng1,NA,1118
support,lóngey,TAN,1118
support,lóngooy,NA,1118
support,tepang,NA,1118
support,tepángi,NA,1118
support,túmúnú,"TAN, LN",1118
suppose,bwetá1,NA,1118
surface,bwáátá,NA,1118
surface,wei–1,NA,1118
surface,weiset,NA,1119
surfing,taaló,NA,1119
surgeonfish,bwula,TAN,1119
surgeonfish,filááng,NA,1119
surgeonfish,igeingúng,TAN,1119
surgeonfish,mwarefarh,TAN,1119
surgeonfish,mwotch,NA,1119
surgeonfish,mwotchelegey,TAN,1119
surprise,aisus,NA,1119
surprise,arú2,TAN,1119
surprise,arúúw,NA,1119
surprise,iweele,NA,1119
surprise,iweene,TAN,1119
surprise,laanya,NA,1119
surprise,rúútá,NA,1119
surprise,ssigh3,NA,1119
surprise,soosoonngaw,NA,1119
surprise,wet,NA,1119
surprise,yok,NA,1119
surrender,fangetá,NA,1119
surrender,kkár,NA,1120
surround,bwáliiy,NA,1120
surround,póghuuw,NA,1120
survive,aghoscha,NA,1120
suspect,kkil,NA,1120
suspect,kkili,NA,1120
suspect,kkin,TAN,1120
suspect,kkini,TAN,1120
suspicious,kkil,NA,1120
suspicious,kkin,TAN,1120
sustain,ppeighil kkéél,NA,1120
Susupe,Leelómw,NA,1120
Susupe,Suupi,NA,1120
swallow,urumi,NA,1120
swamp,bweel,NA,1120
swamp,bwelelap,NA,1121
swamp,leebwel,NA,1121
swamp,mmeschar,NA,1121
swarm,mórang,NA,1121
swarm,rang,NA,1121
sway,maal3,NA,1121
sway,mwaischúúsch,NA,1121
sway,mwoo–2,NA,1121
sway,mwórooro,NA,1121
swear,affayil,NA,1121
swear,akkapall,NA,1121
swear,akkapalla,NA,1121
swear,sanngaweeti,NA,1121
sweat,bwool móóliyól,NA,1121
sweat,bwoottongotong,NA,1121
sweat,mwóóliyol,NA,1121
sweat,witch,NA,1121
sweep,pééli,NA,1121
sweep,péépé,NA,1122
sweet,amámi,NA,1122
sweet,mám1,NA,1122
sweet,mwoowesch,NA,1122
sweet,-ngas,NA,1122
sweeten,amemú,TAN,1122
sweetheart,amware–,TAN,1122
sweetheart,failiáá-,NA,1122
sweetheart,fayúnaa–,TAN,1122
sweetheart,korasoon,NA,1122
sweetheart,maariara–,TAN,1122
sweetheart,mware–,NA,1122
sweet potato,gamwuuti,TAN,1122
sweet potato,ghoschoosch,NA,1122
sweet potato,ghómwuuti,NA,1122
sweet potato,orhoorh,TAN,1122
sweetsop,aatis,NA,1122
sweet-talk,mám1,NA,1122
swell,bwo,NA,1123
swell,bwoo,NA,1123
swell,bwoobwo,NA,1123
swell,fallaló,NA,1123
swell,lóó,NA,1123
swell,lóóbwoobwo,NA,1123
swell,nóóbwoobwo,TAN,1123
swell,óbw,NA,1123
swell,tiyakk,NA,1123
swelter,bwerhikkar,TAN,1123
swelter,bweschikkar,NA,1123
swim,áf,NA,1123
swim,áfeeti,NA,1123
swim,áfiyáf1,NA,1123
swim,túútú,NA,1123
swim,tchep4,NA,1123
swindle,digero,NA,1123
swing,ahailúúlú,TAN,1123
swing,ahailúúy,TAN,1123
swing,asayúlúúlú,NA,1123
swing,assayúlúw,NA,1123
swing,ayúlúúl1,NA,1124
swing,há,TAN,1124
swing,hááti,TAN,1124
swing,ligailúúl,TAN,1124
swing,sayúl,NA,1124
swing,ssá1,NA,1124
swing,sááti,NA,1124
swirl,mwuliino2,NA,1124
switch,kootay,NA,1124
switch,loulow,NA,1124
swollen,bwo,NA,1124
swollen,bwoobwo,NA,1124
swollen,fallaló,NA,1124
sword,kkatana,NA,1124
sword,zambara,NA,1124
swordfighting,zambara,NA,1124
swordfish,taghalaar,NA,1124
symbol,gill2,TAN,1125
symbol,ghikkill,NA,1125
sympathetic,faiyé,NA,1125
sympathetic,faiyééw,NA,1125
sympathetic,mitiiy,NA,1125
sympathy,faiyééti,NA,1125
sympathy,tongeey,NA,1125
taboo,abwaayi,NA,1126
taboo,kkapasapil,NA,1126
taboo,pil,NA,1126
taboo,piil,NA,1126
taboo,pilil ighapar,NA,1126
taboo,pilil málebwiibwi,NA,1126
taboo,pilil róghumw,NA,1126
taboo,pilil woong,NA,1126
taboo,tarey,TAN,1126
taboo,tóreey2,NA,1126
tack,appascha,NA,1126
tag,likkóópiyop,NA,1126
tag,tatsiiy,NA,1126
tail,arhapa–,TAN,1126
tail,aschepe–,NA,1126
tail,paasch2,NA,1126
Taiwan,Taiwang,NA,1126
take,afitikka,NA,1126
take,amwuschú,NA,1127
take,atittimaaw,TAN,1127
take,atchofesá,NA,1127
take,áirúútiw,NA,1127
take,bweibwogh,NA,1127
take,bweiti,NA,1127
take,bwogobwog,TAN,1127
take,bwugi,TAN,1127
take,bwughi,NA,1127
take,bwughiiló,NA,1127
take,bwughiiwow,NA,1127
take,layúli,NA,1127
take,milaaló,NA,1127
take,mweteri,NA,1127
take,nayúni,TAN,1127
take,óugha,NA,1127
take,púraf,NA,1127
take,púrafa,NA,1127
take,teihengi,TAN,1127
take,teisángi,NA,1127
take,teiteimaaw,NA,1128
take,umwuuw,NA,1128
take,wey,NA,1128
take,wwow,TAN,1128
take apart,bwángiiy,NA,1128
take care,afalli,TAN,1128
take care,akkáfálli,NA,1128
take care,áfálli,NA,1128
take care,tepángi,NA,1128
take down,bwiliti,NA,1128
take it easy,ameschereghi,NA,1128
take it easy,arhifa,TAN,1128
take it easy,aséésé,NA,1128
take it easy,asééw,NA,1128
take it easy,aschifa,NA,1128
take off,bwiliti,NA,1128
take turns,kootay,NA,1129
Talafofo,Tarafóófó,TAN,1129
Talafofo,Tórófóófó,NA,1129
talc,potbwus,NA,1129
tale,bworóus,NA,1129
tale,tittillap,NA,1129
tale,túttúllap,TAN,1129
talent,rhúmmáng,TAN,1129
talented,kkáng,NA,1129
talented,kkeng,TAN,1129
talented,schúmmáng,NA,1129
talk,abwulallal,NA,1129
talk,aalleew,NA,1129
talk,alo2,NA,1129
talk,apaha,TAN,1129
talk,apasa,NA,1129
talk,atchorong,NA,1129
talk,bwurhubwurh,TAN,1129
talk,bwuschubwusch,NA,1130
talk,fóóh,TAN,1130
talk,fóós,NA,1130
talk,houngeni,TAN,1130
talk,kkapah,TAN,1130
talk,kkapas,NA,1130
talk,kkes,NA,1130
talk,lall,NA,1130
talk,léúlap,NA,1130
talk,léyélap,TAN,1130
talk,mám1,NA,1130
talk,ssil,TAN,1130
talk,soungeli,NA,1130
talk,wosommwóng,NA,1130
tall,llang,NA,1130
tall,láálááy,NA,1130
tall,tágheyas,NA,1130
tall,tegiyah,TAN,1130
tamarind,kkalamenduk,NA,1130
tame,figir,TAN,1130
tame,fighir,NA,1130
tame,reepi1,NA,1131
tan,yóleyól,NA,1131
Tanapag,Léélééwong,NA,1131
Tanapag,Talaabwogh,NA,1131
Tanapag Channel,Tourulap,TAN,1131
Tanapag Channel,Tóurulap,NA,1131
tang,limáll,NA,1131
tangle,lo2,NA,1131
tangle,paróngaróng,NA,1131
tangle,ppil2,NA,1131
tank,tangki,NA,1131
tank,tóngku,NA,1131
tap,pighiri,NA,1131
tape,teep,NA,1131
tape,tepeli,NA,1132
tape recorder,átittigh,NA,1132
tapioca,mindiyooka,NA,1132
Tapochau,Hóbweihow,TAN,1132
Tapochau,Sóbweisow,NA,1132
tardy,ammwaay,NA,1132
taro,bwáyú-,NA,1132
taro,bwula,NA,1132
taro,filé,NA,1132
taro,fine,TAN,1132
taro,ilil,NA,1132
taro,mwootiw,NA,1132
taro,oot,TAN,1132
taro,otogúúh,TAN,1132
taro,otorhall,TAN,1132
taro,róschey,NA,1132
taro,woot,NA,1132
taro,wotobwesch,NA,1132
taro,wotoghaagha,NA,1132
taro,wotoghús,NA,1132
taro,wotol Sepaan,NA,1133
taro,wotopar,NA,1133
taro,wotoschall,NA,1133
taro,wotoschól,NA,1133
taro,wototcha,NA,1133
taro patch,bweel,NA,1133
taro patch,leebwel,NA,1133
tart,mwáll,NA,1133
taste,agila1,TAN,1133
taste,aghila,NA,1133
taste,akkaghil1,NA,1133
taste,allééw1,NA,1133
taste,lallal,NA,1133
taste,llári,NA,1133
taste,lleriingáli,NA,1133
taste,nanna,TAN,1133
taste,nneri,TAN,1133
taste,nneriingáni,TAN,1133
taste,ttig1,TAN,1133
taste,ttigh2,NA,1133
tasteless,pat,NA,1133
tasteless,patakkisch,NA,1134
tattoo,agikkill,TAN,1134
tattoo,agikkilla,TAN,1134
tattoo,aghikkill,NA,1134
tattoo,aghikkilla,NA,1134
tattoo,mákk1,NA,1134
tattoo,mákk2,NA,1134
tattoo,mákkeey,NA,1134
tattoo,úráál makk,NA,1134
taut,lúghútchar,NA,1134
taut,núgútchar,TAN,1134
teach,abwúngúw,NA,1134
teach,afalafal1,NA,1134
teach,afalafala,NA,1134
teach,aguleey,TAN,1134
teach,aghuleey,NA,1134
teach,aruruurúy,TAN,1134
teach,attighi,NA,1134
teach,auruuruw,NA,1134
teacher’s pet,kkiriida,NA,1134
teacher’s pet,kkiriido,NA,1135
team,rhóó,TAN,1135
team,schóó,NA,1135
tear1,aheey,TAN,1135
tear1,assey,NA,1135
tear1,bwakkurew,NA,1135
tear1,ffeir,NA,1135
tear1,feereey,NA,1135
tear1,ghey,NA,1135
tear1,kkamw,NA,1135
tear1,mwetereirey,NA,1135
tear1,rásiiy,NA,1135
tear1,ttááring,NA,1135
tear1,tááringegh,NA,1135
tear1,tááringiiy,NA,1135
tear2,léél sabweil,NA,1135
tear2,rhanún maah,TAN,1135
tear2,schalúl maas,NA,1135
tease,allingariiy,NA,1135
tease,asoong,NA,1136
tease,asoonga,NA,1136
tease,aweirehi,TAN,1136
tease,aweirisi,NA,1136
teat,óubw,NA,1136
teat,útt,NA,1136
teen-ager,gáráárá,TAN,1136
teeter-totter,siisó,NA,1136
teeth,ffasch2,NA,1136
teeth,faay1,NA,1136
teeth,lingiffarh,TAN,1136
teeth,lingiffasch,NA,1136
teeth,lingiikkar,NA,1136
teeth,lingiinngaw,NA,1136
teeth,lingiipagh,NA,1136
teeth,lingiiwar,NA,1136
teeth,mmár,TAN,1136
teeth,mwétetteril pááni,NA,1136
teeth,ngii,NA,1136
telegram,dempwo,NA,1137
telegraph,dempwo,NA,1137
telephone,dengwa,NA,1137
tell,ángeli,NA,1137
tell,bwáári,NA,1137
tell,bworóus,NA,1137
tell,óólegh,NA,1137
tell,óóneg,TAN,1137
tell,tittillap,NA,1137
tell,túttúllap,TAN,1137
tell,úreli,NA,1137
temper,urotá,NA,1137
tempt,amwólla,NA,1137
tempura,tempura,NA,1137
ten,aruweighal,NA,1137
ten,eliigh,NA,1137
ten,faig,TAN,1137
ten,fááigh,NA,1137
ten,fisiigh,NA,1137
ten,heig,TAN,1138
ten,–ig,TAN,1138
ten,–igh,NA,1138
ten,limeig,TAN,1138
ten,limeigh,NA,1138
ten,oleigh,NA,1138
ten,ruweigh,NA,1138
ten,seigh,NA,1138
ten,tiweigh,NA,1138
ten,waliigh,NA,1138
tend,aghúúanget,NA,1138
ten o’clock,alas dies,NA,1138
tent,tento,NA,1138
tentacle,ghóó-,NA,1138
ten thousand,eghit,NA,1138
ten thousand,–ghit,NA,1138
termite,anay,NA,1138
termite,paw,NA,1138
term of address,faal pescheemw2,NA,1139
term of address,mwáá,NA,1139
term of address,tungaaf,NA,1139
terrifying,allaang,NA,1139
testicle,faay2,NA,1139
testicle,fayúl pesche,NA,1139
thank you,ghilissow,NA,1139
thank you,olomwaay,NA,1139
that,bwe 1,NA,1139
that,ila2,NA,1139
that,ilaal,NA,1139
that,imwu,NA,1139
that,imwuul,NA,1139
that,imwuun,TAN,1139
that,ina,TAN,1139
that,inaan,TAN,1139
that,la,NA,1139
that,laal2,NA,1140
that,le,NA,1140
that,mwu,NA,1140
that,mwuul1,NA,1140
that,na,"TAN, LN",1140
that,naan2,NA,1140
that,we,NA,1140
thatch,fatafat,NA,1140
thatch,óóh,TAN,1140
thatch,óós,NA,1140
that fellow,olowe,NA,1140
that guy,ollaal,NA,1140
that guy,olomwuul,NA,1140
that guy,olowe,NA,1140
the,we,NA,1140
theater,katsido,NA,1140
their,aar,NA,1140
their,–r1,NA,1140
them,iir,NA,1141
them,–ll,NA,1141
them,–nn,"TAN, LN",1141
them,–r2,NA,1141
then,bwe4,NA,1141
then,bwughiischagh,NA,1141
then,ighimwu,NA,1141
then,ighimwuul,NA,1141
then,ighiwe,NA,1141
then,iwe1,NA,1141
there,ighila1,NA,1141
there,ighilaal,NA,1141
there,ighimwu,NA,1141
there,ighiwe,NA,1141
there,iye2,NA,1141
there are,eoor,TAN,1141
there are,eyoor,NA,1141
there are,manoor,TAN,1141
there aren’t,ehóór,TAN,1141
there aren’t,esóór,NA,1141
there is,eoor,TAN,1141
there is,eyoor,NA,1141
there is,manoor,TAN,1142
there isn’t,ehóór,TAN,1142
there isn’t,esóór,NA,1142
these,ikkaal,NA,1142
these,ikkááy,NA,1142
these,kkaal,NA,1142
these,kkaan,TAN,1142
these,kkeey,NA,1142
they,re,NA,1142
thick,maaliyél,NA,1142
thick,maalúyel,TAN,1142
thick,potpot,NA,1142
thick,ppwóóppwó,NA,1142
thief,ammwórhooy,TAN,1142
thief,amwóschoow,NA,1142
thief,angattar,NA,1142
thief,hoolá,TAN,1142
thief,houmaah,TAN,1142
thief,lighottap,NA,1142
thief,limwórho,TAN,1142
thief,limwóscho,NA,1142
thief,lipúraf,NA,1142
thief,malemwóscho,NA,1143
thief,soolá,NA,1143
thief,soumáás,NA,1143
thigh,rhepin perhe,TAN,1143
thigh,schepil pesche,NA,1143
thigh,schúúl pesche,NA,1143
thigh,taang,NA,1143
thin,airhig,TAN,1143
thin,aischigh,NA,1143
thin,aitchigh,NA,1143
thin,detcháág,TAN,1143
thin,ghul2,NA,1143
thin,málifilif,NA,1143
thin,máling,NA,1143
thin,rhúúrhú,TAN,1143
thin,schúúschú,NA,1143
thing,kosas,NA,1143
thing,miil,S,1143
think,amáámááy,NA,1143
think,ághiyágh,NA,1144
think,árághárágh,NA,1144
think,lúgúlúg,TAN,1144
think,lúghúlúgh,NA,1144
think,mángimáng,NA,1144
think,mángiiy,NA,1144
think,rághirágh,NA,1144
think,rághiiy,NA,1144
think,ráárá,NA,1144
think,regi,TAN,1144
think,schesschemeli,NA,1144
third,aileschayúl,NA,1144
third,ailirhayún,TAN,1144
third,ailuuwal,NA,1144
third,ailuuwan,TAN,1144
thirsty,mwóór,NA,1144
thirty,eliigh,NA,1144
thirty thousand,eleghit,NA,1144
this,iye1,NA,1144
this,iyeel,NA,1144
this,iyeen,TAN,1144
this,iyeey,NA,1144
this,ye,NA,1144
this,yeel1,NA,1145
thorn,falú-,NA,1145
thorn,mwolaala,NA,1145
thorn,toutow1,NA,1145
those,ikkela,NA,1145
those,ikkelaal,NA,1145
those,ikkemwu,NA,1145
those,ikkemwuul,NA,1145
those,ikkewe,NA,1145
those,kkana,TAN,1145
those,kkanaan,TAN,1145
those,kkela,NA,1145
those,kkelaal,NA,1145
those,kkemwu,NA,1145
those,kkemwuul,NA,1145
those,kkewe,NA,1145
thought,mángimáng,NA,1145
thoughtfulness,ammóóy,NA,1145
thousand,eghit,NA,1145
thousand,eleghit,NA,1146
thousand,elengaras,NA,1146
thousand,faangaras,NA,1146
thousand,fáághit,NA,1146
thousand,fisangaras,NA,1146
thousand,fisighit,NA,1146
thousand,-ghit,NA,1146
thousand,limangaras,NA,1146
thousand,limeghit,NA,1146
thousand,-ngaras,NA,1146
thousand,-ngéréw,NA,1146
thousand,oleghit,NA,1146
thousand,olongaras,NA,1146
thousand,-púngút,NA,1146
thousand,ruwaghit,NA,1146
thousand,ruwangaras,NA,1146
thousand,sangaras,NA,1146
thousand,tiwangaras,NA,1146
thousand,tiweghit,NA,1146
thousand,walaghit,NA,1146
thousand,walengaras,NA,1146
thrash,bwuschubwusch,NA,1146
thread,hiilo,TAN,1146
thread,iilo,NA,1146
threaten,amwóra,NA,1147
three,aileschayúl,NA,1147
three,ailirhayún,TAN,1147
three,ailuuwal,NA,1147
three,ailuuwan,TAN,1147
three,eel2,NA,1147
three,ele–,NA,1147
three,elefay,NA,1147
three,eleghit,NA,1147
three,elengaras,NA,1147
three,elescháy,NA,1147
three,elébwúghúw,NA,1147
three,eléfósch,NA,1147
three,elésché,NA,1147
three,eliigh,NA,1147
three,eluuw,NA,1147
three,ili–,TAN,1147
three hundred,elébwúghúw,NA,1147
three óclock,alas tres,NA,1147
three thousand,elengaras,NA,1147
thrifty,ahoorhig,TAN,1147
thrifty,asooschigh,NA,1148
throat,llaw,NA,1148
throat,nnaw,TAN,1148
throat,orong,NA,1148
throb,oghakk,NA,1148
through,bwár,NA,1148
through,bwuraaló,NA,1148
through,ppwár,NA,1148
throw,akkesch,NA,1148
throw,arhey,TAN,1148
throw,aschey,NA,1148
throw,atara,NA,1148
throw,atattar,NA,1148
throw,ffót,NA,1148
throw,gúrúfááfá,TAN,1148
throw,ghúrúfaafa,NA,1148
throw,hááti,TAN,1148
throw,sááti,NA,1148
throw away,ákkáscheló,NA,1148
throw away,milákkáscheló,NA,1149
throw out,alipaaló,NA,1149
throw up,mmwus,NA,1149
thud,ppwunguppwung,NA,1149
thumb,ayúttúlap,NA,1149
thump,bwuurágherágh,NA,1149
thunder,malúngúng,NA,1149
thunder,manúng,TAN,1149
thunder,manúúng,TAN,1149
thunder,patch,NA,1149
thunder,ppatch,NA,1149
thunder,tapúngúpúng,NA,1149
thunderous,patch,NA,1149
Thursday,Weipis,NA,1149
tibia,schúúl wóórol,NA,1149
tibia,schúúlapal pesche,NA,1149
ticket,tekkit,NA,1150
tickle,amwaghilighila,NA,1150
tickle,amwaghilighili,NA,1150
tickle,amwatágheli,NA,1150
tickle,atigibwoy,TAN,1150
tickle,mwaghilighil,NA,1150
tickle,se mwaghilighil,NA,1150
tide,bwur1,NA,1150
tide,bwurulong,NA,1150
tide,bwuruto,NA,1150
tide,gún,TAN,1150
tide,mmat,NA,1150
tide,mmatatá,NA,1150
tide,mmateló,NA,1150
tidy,aghatchúúsefááli,NA,1150
tidy,amwala,NA,1150
tidy,ammwel1,NA,1150
tidy,álimighatch,NA,1150
tidy,ghasaghas,NA,1150
tidy,limálim,NA,1150
tidy,limefirh,TAN,1150
tidy,limefisch,NA,1151
tidy,limeghatch,NA,1151
tidy,limeti,NA,1151
tidy,limewetig,TAN,1151
tie,alléghú,NA,1151
tie,ateeyi,NA,1151
tie,átáli2,NA,1151
tie,bwugey,TAN,1151
tie,bwughéiló,NA,1151
tie,bwughééy,NA,1151
tie,bwughobwugh,NA,1151
tie,fatafat,NA,1151
tie,féétág,TAN,1151
tie,féétágh,NA,1151
tie,féétághi,NA,1151
tie,géégé,TAN,1151
tie,gééli,TAN,1151
tie,ghééghé,NA,1151
tie,ghééli,NA,1151
tie,ghééli angútiw,NA,1151
tie,llofit,TAN,1151
tie,lofiti,TAN,1151
tie,lufit,NA,1151
tie,lufiti,NA,1151
tiger,tiigiri,TAN,1152
tiger,tighiri,NA,1152
tighen,anngútúw,NA,1152
tight,llégh,NA,1152
tight,lúghútchar,NA,1152
tight,mwóléghúlégh,NA,1152
tight,nnég,TAN,1152
tight,núgútchar,TAN,1152
tight,nngút,NA,1152
tight,ngútúw,NA,1152
tight,olupágh,NA,1152
tighten,alléghú,NA,1152
tighten,alléghúúló,NA,1152
tighten,annégú,TAN,1152
till,weligi,TAN,1152
till,welighi,NA,1152
time,fáál2,NA,1152
time,lee–,NA,1152
time,libwal,NA,1152
time,libwan,TAN,1153
time,oora,NA,1153
time,tempo,NA,1153
time,ubwutuwa–,NA,1153
time of day,ala,NA,1153
time of day,ala una,NA,1153
time of day,alas dies,NA,1153
time of day,alas doos,NA,1153
time of day,alas dose,NA,1153
time of day,alas kuwóturo,NA,1153
time of day,alas nuwebi,NA,1153
time of day,alas onse,NA,1153
time of day,alas otso,NA,1153
time of day,alas sais,NA,1153
time of day,alas sette,NA,1153
time of day,alas singko,NA,1153
time of day,alas trees,NA,1153
time of day,atol2,NA,1153
time of day,aton2,TAN,1153
time of day,bwoong,NA,1153
time of day,fááf,NA,1153
time of day,leealowah,TAN,1153
time of day,leealowaheey,TAN,1153
time of day,leealowas,NA,1153
time of day,leebwong,NA,1153
time of day,leebwongiiy,NA,1153
time of day,leefááf,NA,1154
time of day,leefááfiiy,NA,1154
time of day,leehor,TAN,1154
time of day,leehor mwouguug,TAN,1154
time of day,leehoralowah,TAN,1154
time of day,leehoreey,TAN,1154
time of day,leehóbwoniyól,TAN,1154
time of day,leólowaseey,NA,1154
time of day,leepal,NA,1154
time of day,leepaliiy,NA,1154
time of day,leeráál,NA,1154
time of day,leeráán,TAN,1154
time of day,leesor,NA,1154
time of day,leesor móughuugh,NA,1154
time of day,leesoreey,NA,1154
time of day,leesorólowas,NA,1154
time of day,leesossor,NA,1154
time of day,luughalibwong,NA,1154
time of day,luugholapal alowas,NA,1154
time of day,mall1,NA,1154
time of day,mwóughuugh,NA,1154
time of day,ráál,NA,1154
time of day,ráán,"TAN, LN",1154
time of day,ug,TAN,1154
time of day,ugh,NA,1154
time of day,ulummwairáál,NA,1154
time of day,winimmweiráán,TAN,1154
timid,danngi,NA,1155
timid,liweeta,NA,1155
timid,lúwta,NA,1155
tin,siin,NA,1155
tingle,meleis,NA,1155
Tinian,Tchiliyól,NA,1155
Tinian,Tchiniyól,TAN,1155
tiny,gitigiit,TAN,1155
tiny,ghikkit,NA,1155
tiny,ghitighiit,NA,1155
tiny,pááschigh,NA,1155
tip,appal,NA,1155
tip,appala,NA,1155
tip,atighaaló,NA,1155
tip,ayúlúúl2,NA,1155
tip,máásch,NA,1155
tip,meschemesch1,NA,1155
tip,rhifetá,TAN,1155
tip,rhuupelipel,TAN,1155
tip,schifátá,NA,1156
tip,schuwelewel,NA,1156
tip,tigh,NA,1156
tipsy,bwulaas,NA,1156
tire,amwoor,NA,1156
tire,amwoora1,NA,1156
tire,arhiga,TAN,1156
tire,aschigha,NA,1156
tire,taiya,NA,1156
tired,akkaschigh,NA,1156
tired,amwoora1,NA,1156
tired,arhigirhig,TAN,1156
tired,asaamwosch,NA,1156
tired,aschighischigh,NA,1156
tired,áiláng2,NA,1156
tired,áirágh,NA,1156
tired,áschigh,NA,1156
tired,áschighischigh,NA,1156
tired,gár,TAN,1156
tired,ghár,NA,1156
tired,hamwaay,TAN,1157
tired,kkif¹,NA,1157
tired,malúúlú,NA,1157
tired,ngusch,NA,1157
tired,onuppag,TAN,1157
tired,rhúbwang,TAN,1157
tired,semwaay,NA,1157
tired,schibwang,NA,1157
tired,tchów,NA,1157
tired,ul¹,NA,1157
tired,un,TAN,1157
to,le,NA,1157
to,ngáli,NA,1157
to and fro,sápeló-sápeto,NA,1157
tobacco,amwasagha,NA,1157
tobacco,mikki,NA,1157
tobacco,suubwa,NA,1157
to be,bwe²,NA,1157
Tobi,Atoobwey,NA,1158
Tobi,Gatogobwey,TAN,1158
today,ighila2,NA,1158
toddy,afalúútá,NA,1158
toddy,arhi,TAN,1158
toddy,atillúú,NA,1158
toddy,áschi,NA,1158
toddy,ghosch,NA,1158
toddy,ghoscheey,NA,1158
toddy,orh,TAN,1158
toe,ayúttúl pesche,NA,1158
toenail,kkúl pische,NA,1158
together,aschuuw,NA,1158
together,fengáll,NA,1158
together,féérippaghúw,NA,1158
together,fiti2,NA,1158
together,fitiiló,NA,1158
together,milifengel,NA,1159
together,mweifeng’all,NA,1159
together,mweito,NA,1159
together,mwin,TAN,1159
together,–ppagh,NA,1159
together,pungul,NA,1159
together,rhóónuwa,TAN,1159
together,schóóluwa,NA,1159
toilet,imwal bwuse,NA,1159
toilet,imwal kklaisis,S,1159
toilet,imwan tiweló,TAN,1159
toilet,kkómmwun,NA,1159
Tol,Tool,NA,1159
tomato,tomwatis,TAN,1159
tomato,tumóótis,NA,1159
tomato,tumóótis tsóóka,NA,1159
tomato,tumóótis ubas,NA,1159
tomorrow,laay ú,NA,1159
tomorrow,laayú leesor,NA,1159
tongs,ghaaghos,NA,1159
tongs,tchibw,NA,1159
tongue,aitúúle,NA,1159
tongue,atéélaw,TAN,1160
tongue,schééghéla–,NA,1160
tongue,schéél aaw,NA,1160
tongue,schéél úwa–,NA,1160
tongue,tchor,NA,1160
tonight,leebwongiiy,NA,1160
too,bwal,NA,1160
too,ppal3,NA,1160
too,ppwal,NA,1160
too,ppwan2,TAN,1160
tool,aghúúghú,NA,1160
tool,ffáyi,NA,1160
tool,layú-,NA,1160
tool,layúlayúl,NA,1160
tool,limal,NA,1160
tool,liman,TAN,1160
tool,nayúnayún,TAN,1160
tool,óóg,TAN,1160
tool,paghúpagh2,NA,1160
tool,peiráágh,NA,1160
tooth,faay1,NA,1160
tooth,ngii,NA,1161
top,–as,NA,1161
top,bwalabwal,NA,1161
top,soopáy1,NA,1161
top,tilimpo,NA,1161
top,tolompo,TAN,1161
top,wei–1,NA,1161
top,weiláng,NA,1161
top,wel–,NA,1161
topple,mwótch,NA,1161
torch,túúl,NA,1161
torn,bwitighalleló,NA,1161
torn,ffeir,NA,1161
torn,kkamw,NA,1161
torn,mwetereirey,NA,1161
torn,ttááring,NA,1161
torn,tááringegh,NA,1161
tornado,layúliyár,NA,1161
tornado,nayúniyar,"TAN, LN",1161
tornado,tilimpo,NA,1161
tornado,tolompo,TAN,1162
toss and turn,onorhibw,TAN,1162
toss and turn,sariiri,NA,1162
toss and turn,woloschibw,NA,1162
touch,angeeti,NA,1162
touch,ghola,NA,1162
touch,limmwóghut,NA,1162
touch,ppaschangáli,NA,1162
touch,rhipiti,TAN,1162
touch,tatsiiy,NA,1162
touch,tchibweey,NA,1162
tough,kkúrh,TAN,1162
tough,kkúsch,NA,1162
tough,nngút,NA,1162
tough,scho,NA,1162
tow,lugheey,NA,1162
toward,ngáli,NA,1162
towards,–iti,NA,1163
towards speaker,–to,NA,1163
towel,bwooró2,NA,1163
towel,tuwaaza,NA,1163
tower,tágheyas,NA,1163
tower,tegiyah,TAN,1163
town,hóóbw2,TAN,1163
town,sóóbw2,NA,1163
toy,kosasal ukkur,NA,1163
toy,layú-,NA,1163
toy,nayú-,"TAN, LN",1163
trade,liiwel,NA,1163
tradewinds,filifil,NA,1163
tradition,gokk,TAN,1163
tradition,kko,NA,1163
traffic citation,tekkit,NA,1164
trail,sogu,TAN,1164
trail,sóghuuw,NA,1164
train,tereen,NA,1164
transitivizing suffix,–iti,NA,1164
transitivizing suffix,–ni,"TAN, LN",1164
transivitizing suffix,–li,NA,1164
translate,seleti,NA,1164
translator,schóól atéétéél kkapas,NA,1164
transparent,ffat2,NA,1164
transport,atawala,NA,1164
transport,awaaghili,NA,1164
transport,bwugi,TAN,1164
transport,bwughi,NA,1164
transport,taay,NA,1164
transport,tááy,TAN,1165
transport,waa–,NA,1165
trap,atubwutubw,NA,1165
trap,hooni1,TAN,1165
trap,sooli,NA,1165
trap,soolifischiiy,NA,1165
trap,sooso1,NA,1165
trap,ttubw1,NA,1165
trap,uu,NA,1165
trash,bwasuula,NA,1165
trash,peey2,NA,1165
travel,fáárágh,S,1165
travel,piyaay,NA,1165
travel,santa,NA,1165
travel,weey2,NA,1165
tray,ubwoong,NA,1165
tread,bwuuri,NA,1165
treasure,arhengi,TAN,1165
treasure,aschengi,NA,1165
treasure,ókkóttong,NA,1166
treat,hafeini,TAN,1166
treat,háfeyá,TAN,1166
treat,–li,NA,1166
treat,–ni,"TAN, LN",1166
treat,sáfeyá,NA,1166
tree,afuurh,TAN,1166
tree,afuusch,NA,1166
tree,agurang1,TAN,1166
tree,aghurang,NA,1166
tree,alúw,NA,1166
tree,amaleeset,NA,1166
tree,anné,TAN,1166
tree,apar,NA,1166
tree,appwulis,NA,1166
tree,arama,NA,1166
tree,arooma,NA,1166
tree,aromw,NA,1166
tree,aróóma,TAN,1166
tree,asass,NA,1166
tree,bweenguwa,NA,1166
tree,gamasúúlúg,TAN,1167
tree,guul,TAN,1167
tree,guun,TAN,1167
tree,gurugur1,TAN,1167
tree,ghamasiiligh,NA,1167
tree,ghasuutil,NA,1167
tree,ghaayil,NA,1167
tree,ghuul,NA,1167
tree,ghúlúfé,NA,1167
tree,iifil,NA,1167
tree,iyas,NA,1167
tree,kana festúla,NA,1167
tree,laasch,NA,1167
tree,lángiiláng,NA,1167
tree,lángit,NA,1167
tree,leel,NA,1167
tree,léélugh,NA,1167
tree,lighitar,NA,1167
tree,loomwul,NA,1167
tree,lúú,NA,1167
tree,lúfééyús,NA,1167
tree,mangga,NA,1168
tree,matseela,NA,1168
tree,mwaronggay,NA,1168
tree,mweesor,NA,1168
tree,mwéégh,NA,1168
tree,mwough,NA,1168
tree,neen,TAN,1168
tree,ógátooleng,TAN,1168
tree,óghótooláng,NA,1168
tree,óroma,NA,1168
tree,paghúlúfal,NA,1168
tree,paar,TAN,1168
tree,peipey2,NA,1168
tree,pélé,NA,1168
tree,péné,TAN,1168
tree,rághisch,NA,1168
tree,regirh,TAN,1168
tree,tayóroma,NA,1168
tree,trongko,NA,1168
tree,tchel,NA,1168
tree,tchen,TAN,1169
tree,umwó,NA,1169
tree,útch,NA,1169
tree,walepaarang,NA,1169
tree,walúwal,NA,1169
tree,weegu,TAN,1169
tree,weighu,NA,1169
tremble,detch,TAN,1169
tremble,detchen,TAN,1169
tremble,schetch,NA,1169
tremble,schetchel,NA,1169
trepang,aghúng,NA,1169
trepang,ppáleppál,NA,1169
trepang,pelebwesch,NA,1169
trepang,peleschól,NA,1169
trepang,peligh,NA,1169
trepang,penepen,TAN,1169
trial,kotti,NA,1169
trick,atubwutubw,NA,1169
trick,mwááliyah,TAN,1169
trick,mwááliyas,NA,1170
trick,rughurugh,NA,1170
triggerfish,bwuubw,NA,1170
trip,piyaay,NA,1170
trip,púng,NA,1170
troll,aro,NA,1170
troll,lug,TAN,1170
troll,lugh,NA,1170
troll,wáirágh,NA,1170
troll,wáireg,TAN,1170
trouble,allew,NA,1170
trouble-maker,lituung,NA,1170
trouble-maker,mwááliyah,TAN,1170
trouble-maker,mwááliyas,NA,1170
trough,forowul schaal,NA,1170
trough,forowun rhaan,TAN,1170
trousers,bwis²,NA,1171
trousers,ghassuulis,NA,1171
trousers,libwilih,TAN,1171
trousers,libwis,NA,1171
truck,gareeta,TAN,1171
truck,ghareeta,NA,1171
truck,tarakk,NA,1171
true,ellet,NA,1171
Truk,Rhuug,TAN,1171
Truk,Schuugh,NA,1171
Trukese,schóól Schuugh,NA,1171
trumpet,kunneeta,NA,1171
trunk,rhááp,TAN,1171
trunk,rhepin walawal,TAN,1171
trunk,schááp,NA,1171
trunk,schepil walúwal,NA,1171
trunk,trongko,NA,1171
trust,apilúgúlúgú,TAN,1171
trust,apilúghúlúghúúw,NA,1171
trust,lúgú,TAN,1171
trust,lúghúúw,NA,1171
truth,affata,NA,1172
truth,elleta–,NA,1172
truth,welewel,NA,1172
truth,wenewen,TAN,1172
try,agila1,TAN,1172
try,aghila,NA,1172
try,akkagil,TAN,1172
try,akkaghil,NA,1172
try,akkaghil1,NA,1172
try,amala,NA,1172
try,bwalágh,NA,1172
try,mil1,NA,1172
try,mil2,NA,1172
try,ppwomwoli,NA,1172
try,satoni,TAN,1172
try,sótol,NA,1172
try,sótoli,NA,1172
T-shirt,faraneela,NA,1172
tub,taraay1,NA,1173
tub,uulong,NA,1173
tuba,afalúútá,NA,1173
tuba,arhi,TAN,1173
tuba,atillúú,NA,1173
tuba,áschi,NA,1173
tuba,orh,TAN,1173
Tuesday,Mwattis,NA,1173
tumble,rhifetá,TAN,1173
tumble,schifátá,NA,1173
tuna,angaraap,NA,1173
tuna,arangaap,NA,1173
tuna,asulléy,TAN,1173
tuna,asúllé,NA,1173
tuna,katso,NA,1173
tuna,mangaro,NA,1173
tuna,togu,TAN,1173
tuna,tóghu,NA,1173
tune,laam1,TAN,1173
turbulent,tchep3,NA,1174
turkey,póóbwu,NA,1174
turn,ahálengi,TAN,1174
turn,arhap,TAN,1174
turn,arhappa,TAN,1174
turn,asáláánga,NA,1174
turn,aschap,NA,1174
turn,aschappa,NA,1174
turn,aschappaaló,NA,1174
turn,atóghuluuw,NA,1174
turn,faleto,NA,1174
turn,filiti1,NA,1174
turn,harof,TAN,1174
turn,hor,TAN,1174
turn,hor hefáng,TAN,1174
turn,horeey,TAN,1174
turn,horofirh,TAN,1174
turn,horohor,TAN,1174
turn,horotá,TAN,1174
turn,horoto,TAN,1174
turn,húlluto,TAN,1175
turn,kootay,NA,1175
turn,pelengiiy,NA,1175
turn,righ1,NA,1175
turn,righirigh,NA,1175
turn,rhappetiw,TAN,1175
turn,rhipitiitá,TAN,1175
turn,ssor,NA,1175
turn,soreey,NA,1175
turn,sorofisch,NA,1175
turn,sorosefáng,NA,1175
turn,sorotá,NA,1175
turn,soroto,NA,1175
turn,sossor,NA,1175
turn,sórof2,NA,1175
turn,súlluto,NA,1175
turn,schappetá,NA,1175
turn,schappetiw,NA,1175
turn,schepetiitá,NA,1175
turn,tóghul,NA,1175
turn,tugul,TAN,1175
turn,weligi,TAN,1175
turn,welighi,NA,1175
turn,woghetágh,NA,1175
turn,woghowogh,NA,1176
turn aside,ataweey,NA,1176
turnip,daikon,NA,1176
turn off,ayúghú,NA,1176
turn off,ayúghúúló,NA,1176
turn off,gunu,TAN,1176
turn off,ghuluuw,NA,1176
turn off,pileey,NA,1176
turn on,appwula,NA,1176
turn on,awereey,NA,1176
turn on,wer2,NA,1176
turtle,bwáábwá,TAN,1176
turtle,mwéél1,NA,1176
turtle,woong,NA,1176
turtle,wongomaaw,NA,1176
turtle,wongorás,NA,1176
tweezers,tinaasa,NA,1176
twelve,seigh me ruwoow,NA,1177
twelve óclock,alas dose,NA,1177
twentieth,aruweighal,NA,1177
twenty,aruweighal,NA,1177
twenty,ruweigh,NA,1177
twenty thousand,ruwaghit,NA,1177
twin,lippwey,NA,1177
twin,lippweyaalú,NA,1177
twin,lippweyaanú,TAN,1177
twinkle,luppwuluppw,NA,1177
twinkle,móluppwuluppw,NA,1177
twist,afitti,NA,1177
twist,sariiri,NA,1177
twist,wili,NA,1177
twitter,ngennge,NA,1177
two,aruurhayún,TAN,1177
two,aruweighal,NA,1177
two,aruwoowal,NA,1177
two,arúúschayúl,NA,1178
two,ruufósch,NA,1178
two,ruwa–,NA,1178
two,ruwabwúghúw,NA,1178
two,ruwaghit,NA,1178
two,ruwangaras,NA,1178
two,ruwasché,NA,1178
two,ruweigh,NA,1178
two,ruwoow,NA,1178
two,rúúfay,NA,1178
two,rúúschay,NA,1178
two,rúúw,NA,1178
two,rúwááf,NA,1178
two hundred,ruwabwúghúw,NA,1178
two óclock,alas doos,NA,1178
two thousand,ruwangaras,NA,1178
typhoon,malúmal,NA,1178
ugly,bwuutag,TAN,1179
ugly,súllúnngaw,NA,1179
ugly,woonngaw,NA,1179
Ulithi,Úlútiw,NA,1179
Uluul,Onoun,TAN,1179
Uluul,Unoun,NA,1179
umbrella,allur,NA,1179
umbrella,annúr,TAN,1179
umbrella,ppwóózu,NA,1179
umpire,ampaiya,NA,1179
unable to move,mmwasch,NA,1179
unattractive,woonngaw,NA,1179
uncle,mwáálellap,NA,1179
uncle,taata,NA,1179
uncle,tiiyo,NA,1179
unclean,bwoottongotong,NA,1179
unclean,limbwutag,TAN,1179
unclean,limenngaw,NA,1180
unclean,tóbw,NA,1180
unclear,póól,NA,1180
unclear,ppwóól,NA,1180
unclear,tóbw,NA,1180
unclothed,háwarhawarh,TAN,1180
unclothed,waschawasch,NA,1180
uncomfortable,seschóówul,NA,1180
uncooked,urhaa-,TAN,1180
uncooked,urheey,TAN,1180
uncooked,urhóórh,TAN,1180
uncooked,uschaa-,NA,1180
uncooked,uscheey,NA,1180
uncooked,uschóósch,NA,1180
uncountable,fayúlippi,NA,1181
undecided,rúarú,NA,1181
undecided,tiperáárá,NA,1181
undecided,tipeetchow,TAN,1181
undecided,tipetchów,NA,1181
under,faa–2,NA,1181
underclothing,apelipel,NA,1181
underground,fáálippwel,NA,1181
underground,fáánippwel,TAN,1181
undergrown,málemwugh,NA,1181
underhanded,rugupaat,TAN,1181
underhanded,rughupaat,NA,1181
underneath,tópol,NA,1181
undernourished,schúúgheráng,NA,1181
undershirt,faraneela,NA,1182
understand,ammataff,NA,1182
understand,aweewe2,NA,1182
understand,bwoppworó,NA,1182
understand,gill1,TAN,1182
understand,metaff,NA,1182
understand,metaffaló,NA,1182
understand,rongáágh,NA,1182
understand,ttaf,NA,1182
understood,ffat2,NA,1182
underwater,fááiset,NA,1182
underwater,fááy háát,TAN,1182
underwater,rúgh,NA,1182
undesirable,-bwut,NA,1182
undo,bweibwey1,NA,1182
undomesticated animal,malemwóscho,NA,1182
undress,atawa,NA,1182
undress,atiwa2,TAN,1182
unexpressive,alúgúparh,TAN,1183
unfair,hoo-2,TAN,1183
unfair,soo-,NA,1183
unfair,soosoonngaw,NA,1183
unfasten,ppischiló,NA,1183
unfold,márágháli,NA,1183
unfortunate,dimóólas,NA,1183
unfurl,márágháli,NA,1183
unhappy,ppett1,NA,1183
unhappy,seschóówul,NA,1183
unicorn fish,ighafalafal,NA,1183
unicorn fish,libwootmerhá,TAN,1183
unicorn fish,limaataat,NA,1183
unify,annég,TAN,1183
unilluminated,rorh,TAN,1184
unilluminated,rosch,NA,1184
uninitiated action,–bwe,NA,1184
unite,allégh,NA,1184
unload,autáá-,NA,1184
unload,óótáá-,TAN,1184
unlucky,dimóólas,NA,1184
unmarried,aleweisch,NA,1184
unmarried,aliyal,NA,1184
unmarried,lipirh,TAN,1184
unmarried,lipisch,NA,1184
unmarried,sáreweisch,NA,1184
unpalatable,metch,NA,1184
unravel,áleghi,NA,1184
unripe,mangurh,TAN,1185
unripe,mangúsch,NA,1185
unruly,ilumaaw,NA,1185
unruly,–maaw,NA,1185
unsalted,pat,NA,1185
unsalted,patakkisch,NA,1185
unscrupulous,rugupaat,TAN,1185
unscrupulous,rughupaat,NA,1185
unsportsman-like,soosoonngaw,NA,1185
unsteady,–paat,NA,1185
unsuitable,ehefil,TAN,1185
unsuitable,eseffil,NA,1185
unsuited,tamanngaw,NA,1185
untamed,malemwóscho,NA,1185
untamed,mwóscho,NA,1185
untangle,attafa,NA,1186
untangle,áleghi,NA,1186
untangle,selitágh,NA,1186
untidy,áliminngaw,NA,1186
untidy,limbwutag,TAN,1186
untidy,limenngaw,NA,1186
untidy,paróngaróng,NA,1186
untie,bwáiságh,NA,1186
untie,bwáisi,NA,1186
untie,bweibwey1,NA,1186
untie,heletág,TAN,1186
untie,sálitágh,NA,1186
untie,sálitiiló,NA,1186
until,atol1,NA,1186
until,aton1,TAN,1186
untrustworthy,alángeláng,NA,1186
untrustworthy,rugupaat,TAN,1186
untrustworthy,rughupaat,NA,1186
unwashed,bwoottongotong,NA,1186
unwilling,áiláng2,NA,1187
unwilling,áirágh,NA,1187
unwilling,áirághiiy,NA,1187
up,–iti,NA,1187
up,–tá,NA,1187
up,téégi,TAN,1187
up,tééghi,NA,1187
upright,afota2,NA,1187
upright,affota,NA,1187
upright,haleeng,TAN,1187
upright,reschey,NA,1187
upright,seleeng,NA,1187
upright,welewelitá,NA,1187
upright,wenewenetá,TAN,1187
uproot,akkabwá,NA,1187
uproot,bwáriiy,NA,1187
uproot,wi1,NA,1188
uproot,wiiheg,TAN,1188
uproot,wiiló,NA,1188
uproot,wiiságh,NA,1188
upset,mwááng,NA,1188
upset,ppett1,NA,1188
upside down,ahálengi,TAN,1188
upside down,arhap,TAN,1188
upside down,asáláánga,NA,1188
upside down,aschap,NA,1188
upside down,aschappaaló,NA,1188
upwind,–tá,NA,1188
urinate,abwubw,TAN,1188
urinate,alé2,NA,1188
urinate,appelló,NA,1188
urinate,ópóbw,NA,1188
urinate,pisipis1,NA,1188
urinate,sir,NA,1188
urinate,úúló1,NA,1188
urine,abwubw,TAN,1189
urine,al é 1,NA,1189
urine,amiaw,NA,1189
urine,bwookkarh,TAN,1189
urine,bwookkasch,NA,1189
urine,siir,NA,1189
urine,siisi,NA,1189
us,augiirh,TAN,1189
us,aughiisch,NA,1189
us,–gem,TAN,1189
us,–girh,TAN,1189
us,giirh,TAN,1189
us,–ghámem,NA,1189
us,–ghisch,NA,1189
us,ghiisch,NA,1189
use,ahoorhig,TAN,1189
use,arosa,NA,1189
use,asooschigh,NA,1189
use,ááni,TAN,1190
use,ááyá,TAN,1190
use,ghitaló,NA,1190
use,layúlayúl,NA,1190
use,layúli,NA,1190
use,–li,NA,1190
use,lomwot2,TAN,1190
use,nayúnayún,TAN,1190
use,nayúni,TAN,1190
use,–ni,"TAN, LN",1190
use,ros,NA,1190
use,rosoló,NA,1190
use,wááli,NA,1190
use,wááni,TAN,1190
use,yááli,NA,1190
use,yááyá1,NA,1190
used to,fasúl,NA,1190
used to,fasún,"TAN, LN",1190
useful,lamalam1,NA,1190
usefulness,mwotal,NA,1191
usually,gan,TAN,1191
usually,ghal,NA,1191
utensil,áriyár1,NA,1191
uvula,fayúl orong,NA,1191
uvula,fayúl úwal,NA,1191
uvula,fayúnoor,TAN,1191
vagina,ngaat,NA,1192
valuable,lamalam1,NA,1192
value,ipita–,NA,1192
value,lomwot1,NA,1192
value,mwotal,NA,1192
varicose,waawa2,NA,1192
Vega,M11l,NA,1192
vegetable,golay,TAN,1192
vegetable,ghool1y,NA,1192
vehicle,taay,NA,1192
vehicle,t11y,TAN,1192
vehicle,waa–,NA,1192
vehicle,waa1,NA,1192
vehicle,w11li,NA,1192
vehicle,w11ni,TAN,1192
veil,bwaayo,NA,1192
vein,waa2,NA,1192
vein,waawa2,NA,1193
verify,aalleta,NA,1193
verse,gúna,TAN,1193
verse,táttálil,NA,1193
verse,tettelin,TAN,1193
very,faragi,TAN,1193
very,faraghi,NA,1193
very,gi,TAN,1193
very,giin2,TAN,1193
very,ghi,NA,1193
very,ghiil,NA,1193
vessel,pobwóór,NA,1193
vessel,waa–,NA,1193
vest,peris,NA,1193
view,bw11long,NA,1193
view,bw11to,NA,1193
village,apil2mw,NA,1193
village,apin2mw,"TAN, LN",1193
village,h22bw2,TAN,1193
village,sóóbw2,NA,1194
villain,malenngaw,NA,1194
villain,manebwutag,TAN,1194
vine,afaamarh,TAN,1194
vine,afaamasch,NA,1194
vine,áághul,NA,1194
vine,áár2,NA,1194
vine,fitau,TAN,1194
vine,fitaw,NA,1194
vine,fofogo,NA,1194
vine,lasaaga,NA,1194
vine,rheiwal,TAN,1194
vine,scheiwal,NA,1194
vine,tiigh,NA,1194
vine,úúp1,NA,1194
vine,walúmwó,NA,1194
vine,–yál,NA,1194
violent,ngús2,NA,1194
violet,ngus2,NA,1194
violet,nguus,NA,1195
visible,bwá,NA,1195
visible,bwááto,NA,1195
visible,bwááwow,NA,1195
vision,welemas2,NA,1195
vision,wenemas2,TAN,1195
vision,werewer2,NA,1195
visit,bisita,NA,1195
visit,tókk,NA,1195
visitor,waahééló,TAN,1195
visitor,waaseela,NA,1195
voice,leefálú–,NA,1195
voice,leiwa–,NA,1195
voice,leúya–,TAN,1195
voice,lééyúrhig,TAN,1195
voice,mangútchaw,NA,1195
voice,pilaar,NA,1195
voice,ttighifelááng,NA,1195
volume,angúúw,NA,1196
volume,anngúy,TAN,1196
vomit,ammwuha,TAN,1196
vomit,ammwusa,NA,1196
vomit,mmwus,NA,1196
voyage,ásá,NA,1196
voyage,heeiti,TAN,1196
voyage,heey,TAN,1196
voyage,sááiti,NA,1196
voyage,sááy,NA,1196
wager,auruw,NA,1197
wail,arhuurhu,TAN,1197
wail,aschúwschúw,NA,1197
waist,luugholap,NA,1197
waistband,apilekket,NA,1197
waistcoat,peris,NA,1197
waist string,kkalúgh,NA,1197
waist string,kkanég,TAN,1197
wait,houni,TAN,1197
wait,sóuli,NA,1197
wait,ssów,NA,1197
wait,suungun,NA,1197
wait,taggama,NA,1197
wait,wwet,NA,1197
wait,weti,NA,1197
wake,faabwong,NA,1197
wake,lifang,NA,1197
wake,mmahatá,TAN,1197
wake,mmasatá,NA,1198
wake,máá,NA,1198
wake,miyááf,NA,1198
wake,miyááfetá,NA,1198
wake,olol máá,NA,1198
wake,rhimwetá,TAN,1198
wake,schimwetá,NA,1198
walk,bwál,NA,1198
walk,bwuruwow,NA,1198
walk,fatal,TAN,1198
walk,fáárágh,S,1198
walk,légh,NA,1198
walk,ligitaiwang,TAN,1198
walk,lighásáásá,NA,1198
walk,lighitaiwang,NA,1198
walk,nég,TAN,1198
walk,righiiti,NA,1198
walk,tilikkaw,NA,1198
walk,tókk,NA,1198
wall,apengágh,NA,1198
wall,ápéngég,TAN,1198
wall,ghili2,NA,1198
wand,filiiti,NA,1199
wander,mweterheey,TAN,1199
wander,righischééy,NA,1199
wander,súúfetál,NA,1199
wander,tilifatal,TAN,1199
wander,tilifetál,NA,1199
want,mweschel,NA,1199
want,mwescheleeti,NA,1199
want,tettengágh,NA,1199
want,tettengeg,TAN,1199
want,tipáli,NA,1199
want,tipeni,TAN,1199
war,gheera,NA,1199
war,móówul,NA,1199
ward off,pééli,NA,1199
warm,abwerhikkara,TAN,1199
warm,abweschikkara1,NA,1199
warm,árengiiy,NA,1199
warm,kkar,NA,1199
warm,pat,NA,1199
warm-hearted,gúnammwey,TAN,1200
warm-hearted,ghúlammwey,NA,1200
warn,arong2,NA,1200
warn,aschúghóógh,NA,1200
warning,arong2,NA,1200
warning,utiyóólómw,NA,1200
warning,wetiyaanómw,TAN,1200
warrior,soufiiyow,NA,1200
warrior,schóól fiiyow,NA,1200
warrior,schóól móówul,NA,1200
wash,aurási,NA,1200
wash,kkéré,NA,1200
wash,óurásiiy,NA,1200
wash,rhanún ubwuubw,TAN,1200
wash,schalúl ubwuubw,NA,1200
wash,talú,NA,1200
wash,ubwu,TAN,1200
wash,ubwuubw,NA,1200
wash,ubwuuw,NA,1201
wash,urás,NA,1201
wasp,sasaata,NA,1201
waste,ahoolap,TAN,1201
waste,alipalip,NA,1201
waste,asoolap,NA,1201
waste,átchigh,NA,1201
waste,átchigha,NA,1201
waste,óssoolapaaló,NA,1201
waste,paa,NA,1201
waste,soolap,NA,1201
waste,soolapeló,NA,1201
watch,afalli,TAN,1201
watch,akkáfálli,NA,1201
watch,alama,TAN,1201
watch,aruruurúy,TAN,1201
watch,auruur,NA,1201
watch,auruuruw,NA,1201
watch,áfálli,NA,1201
watch,falló,NA,1202
watch,húllú-,TAN,1202
watch,leghelegh,NA,1202
watch,leghileghiiy,NA,1202
watch,mmah,TAN,1202
watch,mmaha,TAN,1202
watch,mmas,NA,1202
watch,mmasa,NA,1202
watch,negeneg,TAN,1202
watch,neghenegh,LN,1202
watch,neghineghiiy,LN,1202
watch,piipi,NA,1202
watch,piipiiy,NA,1202
watch,riloos,NA,1202
watch,súllú-,NA,1202
watchman,rhóón appwóg,TAN,1202
water,aschawet,NA,1202
water,bwatch,NA,1202
water,forow,NA,1202
water,giriifu,NA,1202
water,ifiif,NA,1202
water,itifi,NA,1202
water,lóómw3,NA,1202
water,paat,NA,1202
water,rhaan,TAN,1202
water,rhanubwuubwu,TAN,1203
water,rhanú,TAN,1203
water,rhanúkkel,TAN,1203
water,rhanún néé,TAN,1203
water,rhanún tattal,TAN,1203
water,rhanún ubwuubw,TAN,1203
water,sáát,NA,1203
water,sussubwtiw,NA,1203
water,schaal,NA,1203
water,schalúbwuubwu,NA,1203
water,schalúgriifu,NA,1203
water,schalúkkel,NA,1203
water,schalúl lé,NA,1203
water,schalúl tattal,NA,1203
water,schalúl ubwuubw,NA,1203
water,schalúúw,NA,1203
water,uuti,NA,1203
water buffalo,gharibwów,NA,1203
water buffalo,kkaribwów,TAN,1203
watercress,kkangkkung,NA,1203
waterfall,rhanubwuubwu,TAN,1203
waterfall,schalúbwuubwu,NA,1203
watermelon,saliiya,NA,1204
waterspout,layúliyár,NA,1204
waterspout,tilimpo,NA,1204
waterspout,tolompo,TAN,1204
water tank,tangki,NA,1204
waterway,yááli–,NA,1204
watery,rhan,TAN,1204
watery,rhanúló,TAN,1204
watery,schal1,NA,1204
watery,schalló,NA,1204
wave,lóó,NA,1204
wave,nóó,"TAN, LN",1204
wavy,lóóló,NA,1204
wavy,nóónó,TAN,1204
wavy,schew,NA,1204
wavy,schimmwow,NA,1204
wavy,schimmwówoowo,NA,1204
wax,alamalama,NA,1204
wax,daangis,NA,1204
way of life,malaw,NA,1204
way of life,manaw,TAN,1205
we,ausi,NA,1205
we,ay,NA,1205
we,áám2,TAN,1205
we,áámem2,S,1205
we,ghiisch,NA,1205
we,hi,TAN,1205
we,si,NA,1205
weak,áschigh,NA,1205
weak,ghát,NA,1205
weak,liyomá,TAN,1205
weak,seschóówul,NA,1205
weak,silááng,NA,1205
weak,–schigh,NA,1205
weakling,lingá,NA,1205
wealthy,móluwó,NA,1205
wealthy,mónuway,TAN,1205
wealthy,rikku,NA,1205
weapon,óóg,TAN,1205
weapon,ógun móóun,TAN,1206
weapon,peiráágh,NA,1206
weapon,wóógh,NA,1206
wear,ifaif,TAN,1206
wear,ifeif,NA,1206
wear,mwareli,NA,1206
wear,mwaremwar,NA,1206
wear,túttughumagh,NA,1206
weather,anúúmwarahi,TAN,1206
weather,asoppwáál,NA,1206
weather,atubwúsé,NA,1206
weather,ááng,NA,1206
weather,bwighilittey,NA,1206
weather,filifil,NA,1206
weather,filighatch,NA,1206
weather,filiwetig,TAN,1206
weather,fiiwer,TAN,1206
weather,fiiwerewer,NA,1206
weather,fúúwer,NA,1206
weather,layúliyár,NA,1206
weather,lááng,NA,1206
weather,lángiláng,NA,1206
weather,lángimmóbw,NA,1206
weather,lengileng,TAN,1206
weather,mmalú,TAN,1207
weather,maalúúláng,NA,1207
weather,malúmal,NA,1207
weather,malúngúng,NA,1207
weather,malúw,NA,1207
weather,manúng,TAN,1207
weather,manúúng,TAN,1207
weather,mwoor1,NA,1207
weather,mworotchigh,NA,1207
weather,nayúniyar,"TAN, LN",1207
weather,palúw,NA,1207
weather,patch,NA,1207
weather,ppatch,NA,1207
weather,rásiim,NA,1207
weather,rehiim,TAN,1207
weather,rhóletá,TAN,1207
weather,rhóórág,TAN,1207
weather,schóleppwung,NA,1207
weather,schóletá,NA,1207
weather,schóórágh,NA,1207
weather,tilimpo,NA,1207
weather,tolompo,TAN,1207
weather,tóbw,NA,1207
weather,uschow,NA,1207
weather,úút,NA,1207
weather,werewer1,NA,1207
weather,yángi–,NA,1207
weather,yángiyáng,NA,1207
weave,ap,NA,1208
weave,fayfay,NA,1208
weave,fay,NA,1208
weave,tt,NA,1208
weave,til,NA,1208
wedge,tilif,NA,1208
wedge,tilif,NA,1208
Wednesday,Metkulis,NA,1208
weed,m,NA,1208
week,sumw,NA,1208
weep,heng,TAN,1208
weep,s,NA,1208
weigh,atchow,NA,1208
weigh,atchowa,NA,1208
weigh,rh,TAN,1208
weigh,sch,NA,1208
weigh,schóóngiitá,NA,1209
weight,rhóórhó,TAN,1209
weight,schóóschó1,NA,1209
welcome,ailów,TAN,1209
welcome,atiwa1,NA,1209
welcome,waahééló,TAN,1209
welcome,waaseela,NA,1209
well,–firh,TAN,1209
well,–fisch,NA,1209
well,haráág,TAN,1209
well,seráágh,NA,1209
well-behaved,fang3,TAN,1209
well constructed,léghélégh2,NA,1209
well-done,ghatch,NA,1209
well-groomed,limefirh,TAN,1209
well-groomed,limefisch,NA,1210
well-groomed,limeghatch,NA,1210
well-groomed,limewetig,TAN,1210
well-liked,fang3,TAN,1210
welt,bwaat2,NA,1210
west,hoowow,TAN,1210
west,peighúwow,NA,1210
west,–wow,NA,1210
Westerner,libwerh,TAN,1210
Westerner,libwesch,NA,1210
wet,atchúghú,NA,1210
wet,datchan,TAN,1210
wet,tchogh,NA,1210
whale,raaw 2,NA,1210
whale,róós,NA,1210
wharf,pantalaan,NA,1210
what,bwe feita,NA,1210
what,meeta,NA,1210
what,meetaawe,NA,1210
what,meetaawo,NA,1210
what if,bwetá1,NA,1211
what next,bwe4,NA,1211
wheel,ruweeda,NA,1211
wheelbarrow,riyaaka,NA,1211
wheeze,guuha,TAN,1211
wheeze,ghuuwa,NA,1211
when,igha1,NA,1211
when,ileeta,NA,1211
when,ineeta,"TAN, LN",1211
when,leelibwal,NA,1211
where,ifa,NA,1211
where,iya,NA,1211
where,meiya,NA,1211
whether,ngare,NA,1211
whetstone,iyuw,NA,1211
whetstone,sseim,TAN,1211
whetstone,seisey,NA,1211
which,-fa,NA,1211
which,ifa,NA,1212
which,ikkefa,NA,1212
which,olofa,NA,1212
whip,laulaw,NA,1212
whip,lauti,NA,1212
whip,loulow,NA,1212
whip,wirhi,TAN,1212
whip,wirhiwirh,TAN,1212
whip,wischiwisch,NA,1212
whip,wischiiy,NA,1212
whirl,tilimwóuluul,NA,1212
whirlwind,layúliyár,NA,1212
whirlwind,mwuliino2,NA,1212
whirlwind,nayúniyar,"TAN, LN",1212
whisk,lúwetaaló,NA,1212
whisk,lúyetaaló,TAN,1212
whiskers,alúh,TAN,1212
whiskers,alús2,NA,1212
whisper,móngúnúngún,TAN,1212
whisper,mwóngúlúngúl,NA,1212
whistle,auwa,NA,1213
whistle,auwá,TAN,1213
whistle,áttigh,NA,1213
whistle,óuwááli,NA,1213
white,abweschebweschiiló,NA,1213
white,ataraabwesch,NA,1213
white,bwerh,TAN,1213
white,bwerhebwerh,TAN,1213
white,bwesch1,NA,1213
white,bweschebwesch,NA,1213
white,bweschebweschel fayúl maas,NA,1213
white,libwerh,TAN,1213
white,libwesch,NA,1213
white,mwous,NA,1213
white,pélúúlúúl sóghul,NA,1213
whitecaps,ataraabwesch,NA,1213
whitehead,lorommarh,TAN,1213
whitehead,lorommasch,NA,1213
white spots,ppwot2,NA,1213
who,iyo,NA,1214
whole,ulus,NA,1214
whole,unuh,TAN,1214
why,bwe feita,NA,1214
why,bwetá1,NA,1214
why,bwoobwat,NA,1214
wide,ppwóóppwó,NA,1214
wide,rhéélap,TAN,1214
wide,schéélap,NA,1214
widen,alapa1,NA,1214
widen,arhéélapay,TAN,1214
widen,aschéélapay,NA,1214
widespread,yár,NA,1214
wife,bwúlúwa–,NA,1214
wife,familiya,NA,1214
wife,rhóóniimw,TAN,1214
wife,schóóliimw,NA,1214
wild,malemwóscho,NA,1214
wild,mwóscho,NA,1215
will,–bwe,NA,1215
willing,mweschel,NA,1215
willing,ppel,NA,1215
will not,–hóbw1,TAN,1215
will not,– ssóbw,NA,1215
wilt,maasch,NA,1215
win,ganna,NA,1215
win,gannááli,NA,1215
wince,abwuting,NA,1215
wince,appwuting,TAN,1215
wince,llur2,NA,1215
wince,nnur,TAN,1215
wind,asoppwáál,NA,1215
wind,ááng,NA,1215
wind,filifil,NA,1215
wind,filighatch,NA,1215
wind,filiti2,NA,1215
wind,filiwetig,TAN,1216
wind,fitti,NA,1216
wind,mwoor1,NA,1216
wind,wiiyáng,NA,1216
wind instrument,bilimbów,NA,1216
window,ahammwórho,TAN,1216
window,asammwóscho,NA,1216
windstorm,bwighilittey,NA,1216
windstorm,malúmal,NA,1216
windy,yángiyáng,NA,1216
wing,pappa,NA,1216
wing,paay1,NA,1216
wing,paay áliyál,NA,1216
wink,arhigimah,TAN,1216
wink,aschighimas,NA,1216
wipe,sóusów1,NA,1216
wisdom,reepi²,NA,1217
wise,malereepi,NA,1217
wise,reepi¹,NA,1217
wise guy,alángeláng,NA,1217
wish,amáámááy,NA,1217
wish,ághiyágh,NA,1217
wish,áliyál¹,NA,1217
wish,bwetáámwo,NA,1217
wish,mweschel,NA,1217
wish,tengágh,NA,1217
wish,tettengágh,NA,1217
wish,tettengeg,TAN,1217
wish,tiip²,NA,1217
witch,bwuruuha,TAN,1217
witch,bwuruuwa,NA,1217
with,me²,NA,1217
with,ree–¹,NA,1217
wither,appwasa,NA,1217
wither,ppwas,NA,1217
without result,ffat1,NA,1218
witness,mwiisch,NA,1218
wizard,atti,TAN,1218
wobble,tawiliwil,NA,1218
wobbly,bwaléghélégh,NA,1218
wobbly,mwóléghúlégh,NA,1218
Woleai,Weniya,TAN,1218
Woleai,Woleyaay,NA,1218
woman,liye–,NA,1218
woman,rhóóbwut,TAN,1218
woman,sáreweisch,NA,1218
woman,schóóbwut,NA,1218
woman,tchinnap,TAN,1218
wood,amwurh,TAN,1218
wood,amwusch,NA,1218
wood,apeipey1,NA,1218
wood,falang,NA,1218
wood,úrá,NA,1218
word,kkapah,TAN,1219
word,kkapas,NA,1219
word,kkapasal awóówó,NA,1219
word,kkapasapil,NA,1219
word,mwáliya–,NA,1219
words,alo2,NA,1219
work,anga–,NA,1219
work,angaang,NA,1219
work,ligaafirh,TAN,1219
work,lighaafisch,NA,1219
work,malaw,NA,1219
work,manaw,TAN,1219
work,tarabwaagho,NA,1219
work,tári2,NA,1219
work force,rhóó,TAN,1219
work force,schóó,NA,1219
work force,schóól angaang,NA,1219
world,amaley,TAN,1219
world,falúw,NA,1219
world,fanú,"TAN, LN",1219
worm,mwaat,NA,1220
worm,mwuul2,NA,1220
worm,mwusó,NA,1220
worry,aparannga,NA,1220
worry,mesaghasagh,NA,1220
worry,parang,NA,1220
worry,peiriir,NA,1220
worry,rúúrú,NA,1220
worry,tipeetchow,TAN,1220
worry,tipetchów,NA,1220
worse,nngawaló,NA,1220
worsen,únngúló,NA,1220
worship,ahóra,TAN,1220
worship,asóra,NA,1220
worship,awóóy,NA,1220
worship,mwareiti,NA,1220
worth,ipita–,NA,1220
worth,lomwot1,NA,1220
wound,afalúw,NA,1221
wound,aginaha,TAN,1221
wound,aghilasa,NA,1221
wound,ginah,TAN,1221
wound,ghilas,NA,1221
wrap,bwugheey,NA,1221
wrap,fitti,NA,1221
wrap,llofit,TAN,1221
wrap,lofiti,TAN,1221
wrap,lufit,NA,1221
wrap,lufiti,NA,1221
wrap,óusey,NA,1221
wrap,tughumi,NA,1221
wrap,tughutugh,NA,1221
wrap,tughúyáf,NA,1221
wrap,túgúmi,TAN,1221
wrap,túgútúg,TAN,1221
wrap,túgúyef,TAN,1221
wrasse,máám,NA,1221
wrasse,poro,TAN,1221
wreck,waa taroppw,NA,1222
wrestle,abwángibw’ang,NA,1222
wrestle,abwengibweng,TAN,1222
wrestling,likkairas,NA,1222
wrestling,likkaires,TAN,1222
wriggle,t,TAN,1222
wriggle,t,NA,1222
wring,wongoti,NA,1222
wring,wongowong,NA,1222
wrinkle,fil,NA,1222
wrinkle,tifil,NA,1222
wrinkle,tchimwelabwoot,NA,1222
wrist,gumwurh,TAN,1222
wrist,ghumwusch,NA,1222
wrist,ghumwusch,NA,1222
write,agikkill,TAN,1222
write,aghikkill,NA,1222
write,irh,TAN,1223
write,irhi,TAN,1223
write,isch,NA,1223
write,ischi,NA,1223
write,mákk1,NA,1223
write,mákk2,NA,1223
write,mákkeey,NA,1223
writhe,tófolofol,NA,1223
writing,iirh,TAN,1223
writing,iisch,NA,1223
wrong,arughuló,NA,1223
wrong-doing,mwolofit,NA,1223
yam,ghoschoosch,NA,1224
yam,likka,NA,1224
yam,likka mwongo,NA,1224
yam,likka urhóórh,TAN,1224
yam,likka uschóósch,NA,1224
yam,lóóghu,NA,1224
yam,lóóghu ppar,NA,1224
yam,nikka,"TAN, LN",1224
yam,orhoorh,TAN,1224
yank,feingi1,NA,1224
Yap,Aap,TAN,1224
Yap,Yaap,NA,1224
yard,–tiloubw,NA,1224
yard goods,mwongaag,TAN,1224
yawn,amóól,NA,1224
yawn,móólatél,NA,1224
yaws,rubw,NA,1224
yaws,ruubw,NA,1224
year,ráág,TAN,1225
year,ráágh,NA,1225
year,ráágh kkewe,NA,1225
year,ráágh mwu,NA,1225
year,ráágh we,NA,1225
year,ráágh yeey,NA,1225
yearn,bwoseeti,TAN,1225
yearn,bwós,NA,1225
yearn,bwósooti,NA,1225
yellow,óngeyóng,NA,1225
yellow,rangarang,NA,1225
yellow,yóleyól,NA,1225
yellowfin tuna,mangaro,NA,1225
yes,aawer,NA,1225
yes,ewer,NA,1225
yes,óó2,NA,1225
yesterday,lalew,NA,1225
yesterday,nanew,"TAN, LN",1225
yet,mwo2,NA,1225
ylangylang,lángiiláng,NA,1226
yolk,bwula2,NA,1226
you,aw,NA,1226
you,áámi2,NA,1226
you,eel1,NA,1226
you,een,"TAN, LN",1226
you,–g,TAN,1226
you,–gemi,TAN,1226
you,–gh,NA,1226
you,–ghemi,NA,1226
you,olomwuul,NA,1226
you,u,NA,1226
young,ghititiw,NA,1226
young,mangurh,TAN,1226
young,mangúsch,NA,1226
young,mmwól,NA,1226
young,olighát2,NA,1226
your,áámi1,NA,1226
your,–mi,NA,1226
your,–mw,NA,1226
your,óómw,NA,1226
You see,alómw,NA,1227
You see,anómw,"TAN, LN",1227
youth,atte mwáál,NA,1227
zipper,zippa,NA,1228
zori,zoori,NA,1228
